entity_key,class_name,display_name,package,module,extends,abstract,entity,schema,table,photo_adapter_required,existing_actions,custom_action_candidates,eligibility,eligibility_reason,source_path
ais.database.model.AbsenPiketMahasiswa,AbsenPiketMahasiswa,Absen Piket Mahasiswa,ais.database.model,root,ais.database.model.GeneralValueObject,False,True,public,absen_piket_mahasiswa,False,ais\action\master\AbsenPiketMahasiswaAction.java,onAbsen|onEvent,REVIEW_REQUIRED,mempunyai aksi khusus existing,ais\database\model\AbsenPiketMahasiswa.java
ais.database.model.AccessedUsers,AccessedUsers,Accessed Users,ais.database.model,root,ais.database.model.GeneralValueObject,False,True,public,accessed_users,False,,,ELIGIBLE_METADATA_FIRST,Kandidat CRUD metadata; tetap default disabled sampai verifikasi Hibernate/menu/scope,ais\database\model\AccessedUsers.java
ais.database.model.AfiliasiCalonMahasiswa,AfiliasiCalonMahasiswa,Afiliasi Calon Mahasiswa,ais.database.model,root,ais.database.model.GeneralValueObject,False,True,public,afiliasi_calon_mahasiswa,False,ais\action\master\AfiliasiCalonMahasiswaAction.java,onDosen|onMahasiswa|onEvent,REVIEW_REQUIRED,mempunyai aksi khusus existing,ais\database\model\AfiliasiCalonMahasiswa.java
ais.database.model.Agama,Agama,Agama,ais.database.model,root,ais.database.model.GeneralValueObject,False,True,public,agama,False,ais\action\master\AgamaAction.java,onEvent,REVIEW_REQUIRED,mempunyai aksi khusus existing,ais\database\model\Agama.java
ais.database.model.Akreditasi,Akreditasi,Akreditasi,ais.database.model,root,ais.database.model.GeneralValueObject,False,True,public,akreditasi,False,ais\action\master\AkreditasiAction.java,onEvent,REVIEW_REQUIRED,mempunyai aksi khusus existing,ais\database\model\Akreditasi.java
ais.database.model.AkunManajemen,AkunManajemen,Akun Manajemen,ais.database.model,root,ais.database.model.GeneralValueObject,False,True,public,akun_manajemen,False,,,ELIGIBLE_METADATA_FIRST,Kandidat CRUD metadata; tetap default disabled sampai verifikasi Hibernate/menu/scope,ais\database\model\AkunManajemen.java
ais.database.model.AlatTransportasiMahasiswa,AlatTransportasiMahasiswa,Alat Transportasi Mahasiswa,ais.database.model,root,ais.database.model.GeneralValueObject,False,True,public,alat_transportasi_mahasiswa,False,ais\action\master\AlatTransportasiMahasiswaAction.java,onEvent,REVIEW_REQUIRED,mempunyai aksi khusus existing,ais\database\model\AlatTransportasiMahasiswa.java
ais.database.model.AngkatanKurikulum,AngkatanKurikulum,Angkatan Kurikulum,ais.database.model,root,ais.database.model.GeneralValueObject,False,True,public,angkatan_kurikulum,False,ais\action\master\AngkatanKurikulumAction.java,onEvent,REVIEW_REQUIRED,mempunyai aksi khusus existing,ais\database\model\AngkatanKurikulum.java
ais.database.model.AngketPenilaianDosen,AngketPenilaianDosen,Angket Penilaian Dosen,ais.database.model,root,ais.database.model.GeneralValueObject,False,True,public,angket_penilaian_dosen,False,ais\action\master\AngketPenilaianDosenAction.java,onAngketAngketUmum|onEvent,REVIEW_REQUIRED,mempunyai aksi khusus existing,ais\database\model\AngketPenilaianDosen.java
ais.database.model.AngketPenilaianUmum,AngketPenilaianUmum,Angket Penilaian Umum,ais.database.model,root,ais.database.model.GeneralValueObject,False,True,public,angket_penilaian_umum,False,ais\action\master\AngketPenilaianUmumAction.java,onAngketAngketUmum|onEvent,REVIEW_REQUIRED,mempunyai aksi khusus existing,ais\database\model\AngketPenilaianUmum.java
ais.database.model.AsesemenPenilaian,AsesemenPenilaian,Asesemen Penilaian,ais.database.model,root,ais.database.model.GeneralValueObject,False,True,public,asesemen_penilaian,False,,,ELIGIBLE_METADATA_FIRST,Kandidat CRUD metadata; tetap default disabled sampai verifikasi Hibernate/menu/scope,ais\database\model\AsesemenPenilaian.java
ais.database.model.Asesor,Asesor,Asesor,ais.database.model,root,ais.database.model.GeneralValueObject,False,True,public,asesor,False,,,ELIGIBLE_METADATA_FIRST,Kandidat CRUD metadata; tetap default disabled sampai verifikasi Hibernate/menu/scope,ais\database\model\Asesor.java
ais.database.model.AsesorNilai,AsesorNilai,Asesor Nilai,ais.database.model,root,ais.database.model.GeneralValueObject,False,True,public,asesor_nilai,False,ais\action\master\bkd\AsesorNilaiAction.java,onEvent,REVIEW_REQUIRED,mempunyai aksi khusus existing,ais\database\model\AsesorNilai.java
ais.database.model.AsesorPegawai,AsesorPegawai,Asesor Pegawai,ais.database.model,root,ais.database.model.GeneralValueObject,False,True,public,asesor_pegawai,False,ais\action\master\bkd\helper\AsesorPegawaiAction.java,onEvent,REVIEW_REQUIRED,mempunyai aksi khusus existing,ais\database\model\AsesorPegawai.java
ais.database.model.AsesorPenunjangKinerjaDosen,AsesorPenunjangKinerjaDosen,Asesor Penunjang Kinerja Dosen,ais.database.model,root,ais.database.model.GeneralValueObject,False,True,public,asesor_penunjang_kinerja_dosen,False,ais\action\master\bkd\AsesorPenunjangKinerjaDosenAction.java,onEvent,REVIEW_REQUIRED,mempunyai aksi khusus existing,ais\database\model\AsesorPenunjangKinerjaDosen.java
ais.database.model.Asrama,Asrama,Asrama,ais.database.model,root,ais.database.model.GeneralValueObject,False,True,public,asrama,False,ais\action\master\AsramaAction.java,onTampilAsrama|onUploadData|onEvent,REVIEW_REQUIRED,mempunyai aksi khusus existing,ais\database\model\Asrama.java
ais.database.model.AsramaPunyaMahasiswa,AsramaPunyaMahasiswa,Asrama Punya Mahasiswa,ais.database.model,root,ais.database.model.GeneralValueObject,False,True,public,asrama_punya_mahasiswa,False,,,ELIGIBLE_METADATA_FIRST,Kandidat CRUD metadata; tetap default disabled sampai verifikasi Hibernate/menu/scope,ais\database\model\AsramaPunyaMahasiswa.java
ais.database.model.BackupLog,BackupLog,Backup Log,ais.database.model,root,ais.database.model.GeneralValueObject,False,True,public,backup_log,False,,,REVIEW_REQUIRED,nama mengindikasikan data transaksi/log/internal: Log,ais\database\model\BackupLog.java
ais.database.model.BadanHukum,BadanHukum,Badan Hukum,ais.database.model,root,ais.database.model.GeneralValueObject,False,True,public,badanhukum,False,ais\action\master\BadanHukumAction.java,onEvent,REVIEW_REQUIRED,mempunyai aksi khusus existing,ais\database\model\BadanHukum.java
ais.database.model.Bank,Bank,Bank,ais.database.model,root,ais.database.model.GeneralValueObject,False,True,public,bank,False,ais\action\master\BankAction.java,onEvent,REVIEW_REQUIRED,mempunyai aksi khusus existing,ais\database\model\Bank.java
ais.database.model.BankHost,BankHost,Bank Host,ais.database.model,root,ais.database.model.GeneralValueObject,False,True,public,bank_host,False,ais\action\master\BankHostAction.java,onEvent,REVIEW_REQUIRED,mempunyai aksi khusus existing,ais\database\model\BankHost.java
ais.database.model.BankSoal,BankSoal,Bank Soal,ais.database.model,root,ais.database.model.GeneralValueObject,False,True,public,bank_soal,False,ais\action\master\BankSoalAction.java,onKategori|onEvent|onAddExternal,REVIEW_REQUIRED,mempunyai aksi khusus existing,ais\database\model\BankSoal.java
ais.database.model.BankSoalDetail,BankSoalDetail,Bank Soal Detail,ais.database.model,root,ais.database.model.GeneralValueObject,False,True,public,bank_soal_detail,False,,,ELIGIBLE_METADATA_FIRST,Kandidat CRUD metadata; tetap default disabled sampai verifikasi Hibernate/menu/scope,ais\database\model\BankSoalDetail.java
ais.database.model.Bantuan,Bantuan,Bantuan,ais.database.model,root,ais.database.model.GeneralValueObject,False,True,public,bantuan,False,,,ELIGIBLE_METADATA_FIRST,Kandidat CRUD metadata; tetap default disabled sampai verifikasi Hibernate/menu/scope,ais\database\model\Bantuan.java
ais.database.model.BaypassPembayaranMahasiswa,BaypassPembayaranMahasiswa,Baypass Pembayaran Mahasiswa,ais.database.model,root,ais.database.model.GeneralValueObject,False,True,public,baypass_pembayaran_mahasiswa,False,ais\action\master\BaypassPembayaranMahasiswaAction.java,onEvent,REVIEW_REQUIRED,mempunyai aksi khusus existing,ais\database\model\BaypassPembayaranMahasiswa.java
ais.database.model.Beasiswa,Beasiswa,Beasiswa,ais.database.model,root,ais.database.model.GeneralValueObject,False,True,public,beasiswa,False,ais\action\master\BeasiswaAction.java,onPenerima|onStatistik|onEvent,REVIEW_REQUIRED,mempunyai aksi khusus existing,ais\database\model\Beasiswa.java
ais.database.model.BeasiswaPunyaItemBiayaTambahan,BeasiswaPunyaItemBiayaTambahan,Beasiswa Punya Item Biaya Tambahan,ais.database.model,root,ais.database.model.GeneralValueObject,False,True,public,beasiswa_punya_item_biaya_tambahan,False,,,ELIGIBLE_METADATA_FIRST,Kandidat CRUD metadata; tetap default disabled sampai verifikasi Hibernate/menu/scope,ais\database\model\BeasiswaPunyaItemBiayaTambahan.java
ais.database.model.Berkas,Berkas,Berkas,ais.database.model,root,ais.database.model.GeneralValueObject,False,True,public,berkas,False,ais\action\master\BerkasAction.java,onEvent|onAddBerkas|onReloadTree,REVIEW_REQUIRED,mempunyai aksi khusus existing,ais\database\model\Berkas.java
ais.database.model.BerkasHasilAkreditasi,BerkasHasilAkreditasi,Berkas Hasil Akreditasi,ais.database.model,root,ais.database.model.GeneralValueObject,False,True,public,berkas_hasil_akreditasi,False,ais\action\master\BerkasHasilAkreditasiAction.java,onEvent,REVIEW_REQUIRED,mempunyai aksi khusus existing,ais\database\model\BerkasHasilAkreditasi.java
ais.database.model.BerkasHasilAkreditasiPunyaNama,BerkasHasilAkreditasiPunyaNama,Berkas Hasil Akreditasi Punya Nama,ais.database.model,root,ais.database.model.GeneralValueObject,False,True,public,berkas_hasil_akreditasi_punya_nama,False,,,ELIGIBLE_METADATA_FIRST,Kandidat CRUD metadata; tetap default disabled sampai verifikasi Hibernate/menu/scope,ais\database\model\BerkasHasilAkreditasiPunyaNama.java
ais.database.model.BiodataCalonMahasiswa,BiodataCalonMahasiswa,Biodata Calon Mahasiswa,ais.database.model,root,ais.database.model.VOMahasiswa,False,True,public,biodata_calon_mahasiswa,True,ais\action\master\BiodataCalonMahasiswaAction.java|ais\action\master\pmb\BiodataCalonMahasiswaAction.java,onEvent|onCetakKartu,REVIEW_REQUIRED,membutuhkan adapter foto; mempunyai aksi khusus existing,ais\database\model\BiodataCalonMahasiswa.java
ais.database.model.BiodataCalonMahasiswaPunyaVerifikasiBerkas,BiodataCalonMahasiswaPunyaVerifikasiBerkas,Biodata Calon Mahasiswa Punya Verifikasi Berkas,ais.database.model,root,ais.database.model.GeneralValueObject,False,True,public,biodata_calon_mahasiswa_punya_verifikasi_berkas,False,ais\action\master\BiodataCalonMahasiswaPunyaVerifikasiBerkasAction.java,onEvent,REVIEW_REQUIRED,mempunyai aksi khusus existing,ais\database\model\BiodataCalonMahasiswaPunyaVerifikasiBerkas.java
ais.database.model.BiodataCalonMahasiswaPunyaVerifikasiMatapelajaran,BiodataCalonMahasiswaPunyaVerifikasiMatapelajaran,Biodata Calon Mahasiswa Punya Verifikasi Matapelajaran,ais.database.model,root,ais.database.model.GeneralValueObject,False,True,public,biodata_calon_mahasiswa_punya_verifikasi_matapelajaran,False,,,ELIGIBLE_METADATA_FIRST,Kandidat CRUD metadata; tetap default disabled sampai verifikasi Hibernate/menu/scope,ais\database\model\BiodataCalonMahasiswaPunyaVerifikasiMatapelajaran.java
ais.database.model.BiodataCalonMahasiswaPunyaVerifikasiParameter,BiodataCalonMahasiswaPunyaVerifikasiParameter,Biodata Calon Mahasiswa Punya Verifikasi Parameter,ais.database.model,root,ais.database.model.GeneralValueObject,False,True,public,biodata_calon_mahasiswa_punya_verifikasi_parameter,False,,,ELIGIBLE_METADATA_FIRST,Kandidat CRUD metadata; tetap default disabled sampai verifikasi Hibernate/menu/scope,ais\database\model\BiodataCalonMahasiswaPunyaVerifikasiParameter.java
ais.database.model.BiodataDosen,BiodataDosen,Biodata Dosen,ais.database.model,root,ais.database.model.GeneralValueObject,False,True,public,biodata_dosen,False,ais\action\master\BiodataDosenAction.java,onEvent,REVIEW_REQUIRED,mempunyai aksi khusus existing,ais\database\model\BiodataDosen.java
ais.database.model.BiodataMahasiswa,BiodataMahasiswa,Biodata Mahasiswa,ais.database.model,root,ais.database.model.GeneralValueObject,False,True,public,biodata_mahasiswa,False,ais\action\master\BiodataMahasiswaAction.java,onEvent,REVIEW_REQUIRED,mempunyai aksi khusus existing,ais\database\model\BiodataMahasiswa.java
ais.database.model.BiodataPegawai,BiodataPegawai,Biodata Pegawai,ais.database.model,root,ais.database.model.GeneralValueObject,False,True,public,biodata_pegawai,False,ais\action\master\BiodataPegawaiAction.java,onEvent,REVIEW_REQUIRED,mempunyai aksi khusus existing,ais\database\model\BiodataPegawai.java
ais.database.model.BlacklistIp,BlacklistIp,Blacklist Ip,ais.database.model,root,ais.database.model.GeneralValueObject,False,True,public,blacklist_ip,False,ais\action\master\BlacklistIpAction.java,onEvent,REVIEW_REQUIRED,mempunyai aksi khusus existing,ais\database\model\BlacklistIp.java
ais.database.model.BlokirMahasiswa,BlokirMahasiswa,Blokir Mahasiswa,ais.database.model,root,ais.database.model.GeneralValueObject,False,True,public,blokir_mahasiswa,False,ais\action\master\BlokirMahasiswaAction.java,onEvent,REVIEW_REQUIRED,mempunyai aksi khusus existing,ais\database\model\BlokirMahasiswa.java
ais.database.model.Brand,Brand,Brand,ais.database.model,root,ais.database.model.GeneralValueObject,False,True,public,brand,False,,,ELIGIBLE_METADATA_FIRST,Kandidat CRUD metadata; tetap default disabled sampai verifikasi Hibernate/menu/scope,ais\database\model\Brand.java
ais.database.model.BuktiPembayaran,BuktiPembayaran,Bukti Pembayaran,ais.database.model,root,ais.database.model.GeneralValueObject,False,True,public,bukti_pembayaran,False,ais\action\master\BuktiPembayaranAction.java,onEvent|onAddExternal,REVIEW_REQUIRED,mempunyai aksi khusus existing,ais\database\model\BuktiPembayaran.java
ais.database.model.BukuBahanAjar,BukuBahanAjar,Buku Bahan Ajar,ais.database.model,root,ais.database.model.GeneralValueObject,False,True,public,buku_bahan_ajar,False,ais\action\master\BukuBahanAjarAction.java,onEvent|onAddExternal,REVIEW_REQUIRED,mempunyai aksi khusus existing,ais\database\model\BukuBahanAjar.java
ais.database.model.CabangPrestasiDosen,CabangPrestasiDosen,Cabang Prestasi Dosen,ais.database.model,root,ais.database.model.GeneralValueObject,False,True,public,cabang_prestasi_dosen,False,ais\action\master\CabangPrestasiDosenAction.java,onEvent,REVIEW_REQUIRED,mempunyai aksi khusus existing,ais\database\model\CabangPrestasiDosen.java
ais.database.model.CabangPrestasiMahasiswa,CabangPrestasiMahasiswa,Cabang Prestasi Mahasiswa,ais.database.model,root,ais.database.model.GeneralValueObject,False,True,public,cabang_prestasi_mahasiswa,False,ais\action\master\CabangPrestasiMahasiswaAction.java,onEvent,REVIEW_REQUIRED,mempunyai aksi khusus existing,ais\database\model\CabangPrestasiMahasiswa.java
ais.database.model.CabangPrestasiPegawai,CabangPrestasiPegawai,Cabang Prestasi Pegawai,ais.database.model,root,ais.database.model.GeneralValueObject,False,True,public,cabang_prestasi_pegawai,False,ais\action\master\CabangPrestasiPegawaiAction.java,onEvent,REVIEW_REQUIRED,mempunyai aksi khusus existing,ais\database\model\CabangPrestasiPegawai.java
ais.database.model.CapaianJurusan,CapaianJurusan,Capaian Jurusan,ais.database.model,root,ais.database.model.GeneralValueObject,False,True,public,capaian_jurusan,False,ais\action\master\CapaianJurusanAction.java,onEvent,REVIEW_REQUIRED,mempunyai aksi khusus existing,ais\database\model\CapaianJurusan.java
ais.database.model.CatatanAdministrasi,CatatanAdministrasi,Catatan Administrasi,ais.database.model,root,ais.database.model.sop.DataSop,False,True,public,catatan_administrasi,False,ais\action\master\CatatanAdministrasiAction.java,onDasbor|onLaporan|onJenisCatatanAdministrasi|onManajemenParameter|onEvent,REVIEW_REQUIRED,mempunyai aksi khusus existing,ais\database\model\CatatanAdministrasi.java
ais.database.model.CatatanMahasiswa,CatatanMahasiswa,Catatan Mahasiswa,ais.database.model,root,ais.database.model.GeneralValueObject,False,True,public,catatan_mahasiswa,False,ais\action\master\CatatanMahasiswaAction.java,onDasbor|onLaporan|onJenisCatatanMahasiswa|onManajemenParameter|onEvent,REVIEW_REQUIRED,mempunyai aksi khusus existing,ais\database\model\CatatanMahasiswa.java
ais.database.model.CatatanPegawai,CatatanPegawai,Catatan Pegawai,ais.database.model,root,ais.database.model.GeneralValueObject,False,True,public,catatan_pegawai,False,ais\action\master\CatatanPegawaiAction.java,onLaporan|onJenisCatatanPegawai|onManajemenParameter|onEvent|onDasbor,REVIEW_REQUIRED,mempunyai aksi khusus existing,ais\database\model\CatatanPegawai.java
ais.database.model.CekKesehatan,CekKesehatan,Cek Kesehatan,ais.database.model,root,ais.database.model.GeneralValueObject,False,True,public,cek_kesehatan,False,ais\action\master\pmb\CekKesehatanAction.java,onPsikotes|onEvent|onPilihCalonMahasiswa|onCetak,REVIEW_REQUIRED,mempunyai aksi khusus existing,ais\database\model\CekKesehatan.java
ais.database.model.CekPsikotest,CekPsikotest,Cek Psikotest,ais.database.model,root,ais.database.model.GeneralValueObject,False,True,public,cek_psikotest,False,ais\action\master\pmb\CekPsikotestAction.java,onEvent|onPilihCalonMahasiswa|onCetak,REVIEW_REQUIRED,mempunyai aksi khusus existing,ais\database\model\CekPsikotest.java
ais.database.model.ChatConvertation,ChatConvertation,Chat Convertation,ais.database.model,root,ais.database.model.GeneralValueObject,False,True,public,chat_convertation,False,,,ELIGIBLE_METADATA_FIRST,Kandidat CRUD metadata; tetap default disabled sampai verifikasi Hibernate/menu/scope,ais\database\model\ChatConvertation.java
ais.database.model.ChatMessage,ChatMessage,Chat Message,ais.database.model,root,ais.database.model.GeneralValueObject,False,True,public,chat_message,False,,,ELIGIBLE_METADATA_FIRST,Kandidat CRUD metadata; tetap default disabled sampai verifikasi Hibernate/menu/scope,ais\database\model\ChatMessage.java
ais.database.model.ChecklistBaruPenilaianDosenOlehMahasiswa,ChecklistBaruPenilaianDosenOlehMahasiswa,Checklist Baru Penilaian Dosen Oleh Mahasiswa,ais.database.model,root,ais.database.model.GeneralValueObject,False,True,public,checklist_baru_penilaian_dosen_oleh_mahasiswa,False,,,ELIGIBLE_METADATA_FIRST,Kandidat CRUD metadata; tetap default disabled sampai verifikasi Hibernate/menu/scope,ais\database\model\ChecklistBaruPenilaianDosenOlehMahasiswa.java
ais.database.model.ChecklistBaruPenilaianOlehDosen,ChecklistBaruPenilaianOlehDosen,Checklist Baru Penilaian Oleh Dosen,ais.database.model,root,ais.database.model.GeneralValueObject,False,True,public,checklist_baru_penilaian_oleh_dosen,False,,,ELIGIBLE_METADATA_FIRST,Kandidat CRUD metadata; tetap default disabled sampai verifikasi Hibernate/menu/scope,ais\database\model\ChecklistBaruPenilaianOlehDosen.java
ais.database.model.ChecklistHasilPenilaianUmum,ChecklistHasilPenilaianUmum,Checklist Hasil Penilaian Umum,ais.database.model,root,ais.database.model.GeneralValueObject,False,True,public,checklist_hasil_penilaian_umum,False,,,ELIGIBLE_METADATA_FIRST,Kandidat CRUD metadata; tetap default disabled sampai verifikasi Hibernate/menu/scope,ais\database\model\ChecklistHasilPenilaianUmum.java
ais.database.model.ChecklistPenilaianDosen,ChecklistPenilaianDosen,Checklist Penilaian Dosen,ais.database.model,root,ais.database.model.GeneralValueObject,False,True,public,checklist_penilaian_dosen,False,ais\action\master\ChecklistPenilaianDosenAction.java,onAngketUmum|onParameterAngketUmum|onEvent,REVIEW_REQUIRED,mempunyai aksi khusus existing,ais\database\model\ChecklistPenilaianDosen.java
ais.database.model.ChecklistPenilaianDosenOlehMahasiswa,ChecklistPenilaianDosenOlehMahasiswa,Checklist Penilaian Dosen Oleh Mahasiswa,ais.database.model,root,ais.database.model.GeneralValueObject,False,True,public,checklist_penilaian_dosen_oleh_mahasiswa,False,,,ELIGIBLE_METADATA_FIRST,Kandidat CRUD metadata; tetap default disabled sampai verifikasi Hibernate/menu/scope,ais\database\model\ChecklistPenilaianDosenOlehMahasiswa.java
ais.database.model.ChecklistPenilaianUmum,ChecklistPenilaianUmum,Checklist Penilaian Umum,ais.database.model,root,ais.database.model.GeneralValueObject,False,True,public,checklist_penilaian_umum,False,ais\action\master\ChecklistPenilaianUmumAction.java,onSubGrupAngketUmum|onEvent,REVIEW_REQUIRED,mempunyai aksi khusus existing,ais\database\model\ChecklistPenilaianUmum.java
ais.database.model.CicilanPembayaran,CicilanPembayaran,Cicilan Pembayaran,ais.database.model,root,ais.database.model.GeneralValueObject,False,True,public,cicilan_pembayaran,False,ais\action\master\CicilanPembayaranAction.java,onEvent,REVIEW_REQUIRED,mempunyai aksi khusus existing,ais\database\model\CicilanPembayaran.java
ais.database.model.CicilanPembayaranGagal,CicilanPembayaranGagal,Cicilan Pembayaran Gagal,ais.database.model,root,ais.database.model.GeneralValueObject,False,True,public,cicilan_pembayaran_gagal,False,ais\action\master\CicilanPembayaranGagalAction.java,onEvent,REVIEW_REQUIRED,mempunyai aksi khusus existing,ais\database\model\CicilanPembayaranGagal.java
ais.database.model.CustomerService,CustomerService,Customer Service,ais.database.model,root,ais.database.model.GeneralValueObject,False,True,public,customer_service,False,ais\action\master\CustomerServiceAction.java,onEvent,REVIEW_REQUIRED,mempunyai aksi khusus existing,ais\database\model\CustomerService.java
ais.database.model.CutiBersama,CutiBersama,Cuti Bersama,ais.database.model,root,ais.database.model.GeneralValueObject,False,True,public,cuti_bersama,False,ais\action\master\CutiBersamaAction.java,onEvent,REVIEW_REQUIRED,mempunyai aksi khusus existing,ais\database\model\CutiBersama.java
ais.database.model.Dashboard,Dashboard,Dashboard,ais.database.model,root,ais.database.model.GeneralValueObject,False,True,public,dashboard,False,ais\action\master\DashboardAction.java,onSarjana|onEvent,REVIEW_REQUIRED,nama mengindikasikan data transaksi/log/internal: Dashboard; mempunyai aksi khusus existing,ais\database\model\Dashboard.java
ais.database.model.DataPunyaArtikel,DataPunyaArtikel,Data Punya Artikel,ais.database.model,root,ais.database.model.GeneralValueObject,False,True,public,data_punya_artikel,False,,,ELIGIBLE_METADATA_FIRST,Kandidat CRUD metadata; tetap default disabled sampai verifikasi Hibernate/menu/scope,ais\database\model\DataPunyaArtikel.java
ais.database.model.DataPunyaBukuBahanAjar,DataPunyaBukuBahanAjar,Data Punya Buku Bahan Ajar,ais.database.model,root,ais.database.model.GeneralValueObject,False,True,public,data_punya_buku_bahan_ajar,False,,,ELIGIBLE_METADATA_FIRST,Kandidat CRUD metadata; tetap default disabled sampai verifikasi Hibernate/menu/scope,ais\database\model\DataPunyaBukuBahanAjar.java
ais.database.model.DataPunyaItem,DataPunyaItem,Data Punya Item,ais.database.model,root,ais.database.model.GeneralValueObject,False,True,public,data_punya_item,False,,,ELIGIBLE_METADATA_FIRST,Kandidat CRUD metadata; tetap default disabled sampai verifikasi Hibernate/menu/scope,ais\database\model\DataPunyaItem.java
ais.database.model.DataSister,DataSister,Data Sister,ais.database.model,root,ais.database.model.GeneralValueObject,False,True,public,data_sister,False,ais\action\master\DataSisterAction.java,onEvent,REVIEW_REQUIRED,mempunyai aksi khusus existing,ais\database\model\DataSister.java
ais.database.model.DendaPembayaran,DendaPembayaran,Denda Pembayaran,ais.database.model,root,ais.database.model.GeneralValueObject,False,True,public,denda_pembayaran,False,ais\action\master\DendaPembayaranAction.java,onEvent,REVIEW_REQUIRED,mempunyai aksi khusus existing,ais\database\model\DendaPembayaran.java
ais.database.model.DendaPembayaranNominal,DendaPembayaranNominal,Denda Pembayaran Nominal,ais.database.model,root,ais.database.model.GeneralValueObject,False,True,public,denda_pembayaran_nominal,False,ais\action\master\DendaPembayaranNominalAction.java,onEvent,REVIEW_REQUIRED,mempunyai aksi khusus existing,ais\database\model\DendaPembayaranNominal.java
ais.database.model.Deposit,Deposit,Deposit,ais.database.model,root,ais.database.model.GeneralValueObject,False,True,public,deposit,False,ais\action\master\DepositAction.java|ais\action\master\sirs\DepositAction.java,onCaraBayarTabungan|onLaporanDeposit|onJenis|onPenggunaan|onEvent,REVIEW_REQUIRED,mempunyai aksi khusus existing,ais\database\model\Deposit.java
ais.database.model.DetailBiaya,DetailBiaya,Detail Biaya,ais.database.model,root,ais.database.model.GeneralValueObject,False,True,public,detail_biaya,False,ais\action\master\DetailBiayaAction.java,onEvent,REVIEW_REQUIRED,nama mengindikasikan data transaksi/log/internal: DetailBiaya; mempunyai aksi khusus existing,ais\database\model\DetailBiaya.java
ais.database.model.DetailKegiatan,DetailKegiatan,Detail Kegiatan,ais.database.model,root,ais.database.model.GeneralValueObject,False,True,public,detail_kegiatan,False,,,ELIGIBLE_METADATA_FIRST,Kandidat CRUD metadata; tetap default disabled sampai verifikasi Hibernate/menu/scope,ais\database\model\DetailKegiatan.java
ais.database.model.DetailKelasPertemuan,DetailKelasPertemuan,Detail Kelas Pertemuan,ais.database.model,root,ais.database.model.GeneralValueObject,False,True,public,detail_kelas_pertemuan,False,,,ELIGIBLE_METADATA_FIRST,Kandidat CRUD metadata; tetap default disabled sampai verifikasi Hibernate/menu/scope,ais\database\model\DetailKelasPertemuan.java
ais.database.model.DetailKelompokKegiatanKedosenan,DetailKelompokKegiatanKedosenan,Detail Kelompok Kegiatan Kedosenan,ais.database.model,root,ais.database.model.GeneralValueObject,False,True,public,detail_kelompok_kegiatan_kedosenan,False,,,ELIGIBLE_METADATA_FIRST,Kandidat CRUD metadata; tetap default disabled sampai verifikasi Hibernate/menu/scope,ais\database\model\DetailKelompokKegiatanKedosenan.java
ais.database.model.DetailKelompokKegiatanKemahasiswaan,DetailKelompokKegiatanKemahasiswaan,Detail Kelompok Kegiatan Kemahasiswaan,ais.database.model,root,ais.database.model.GeneralValueObject,False,True,public,detail_kelompok_kegiatan_kemahasiswaan,False,,,ELIGIBLE_METADATA_FIRST,Kandidat CRUD metadata; tetap default disabled sampai verifikasi Hibernate/menu/scope,ais\database\model\DetailKelompokKegiatanKemahasiswaan.java
ais.database.model.DetailLogLogin,DetailLogLogin,Detail Log Login,ais.database.model,root,ais.database.model.GeneralValueObject,False,True,public,detail_log_login,False,ais\action\master\DetailLogLoginAction.java,onEvent,REVIEW_REQUIRED,nama mengindikasikan data transaksi/log/internal: Log; mempunyai aksi khusus existing,ais\database\model\DetailLogLogin.java
ais.database.model.DetailSettingBiaya,DetailSettingBiaya,Detail Setting Biaya,ais.database.model,root,ais.database.model.GeneralValueObject,False,True,public,detail_setting_biaya,False,ais\action\master\helper\DetailSettingBiayaAction.java,onEvent,REVIEW_REQUIRED,mempunyai aksi khusus existing,ais\database\model\DetailSettingBiaya.java
ais.database.model.Detailperkuliahan,Detailperkuliahan,Detailperkuliahan,ais.database.model,root,ais.database.model.GeneralValueObject,False,True,public,detailperkuliahan,False,ais\action\master\DetailperkuliahanAction.java,onEvent,REVIEW_REQUIRED,mempunyai aksi khusus existing,ais\database\model\Detailperkuliahan.java
ais.database.model.DiskonMahasiswa,DiskonMahasiswa,Diskon Mahasiswa,ais.database.model,root,ais.database.model.GeneralValueObject,False,True,public,diskon_mahasiswa,False,ais\action\master\DiskonMahasiswaAction.java,onEvent,REVIEW_REQUIRED,mempunyai aksi khusus existing,ais\database\model\DiskonMahasiswa.java
ais.database.model.Diskusi,Diskusi,Diskusi,ais.database.model,root,ais.database.model.GeneralValueObject,False,True,public,diskusi,False,,,ELIGIBLE_METADATA_FIRST,Kandidat CRUD metadata; tetap default disabled sampai verifikasi Hibernate/menu/scope,ais\database\model\Diskusi.java
ais.database.model.DiskusiKomentar,DiskusiKomentar,Diskusi Komentar,ais.database.model,root,ais.database.model.GeneralValueObject,False,True,public,diskusi_komentar,False,,,ELIGIBLE_METADATA_FIRST,Kandidat CRUD metadata; tetap default disabled sampai verifikasi Hibernate/menu/scope,ais\database\model\DiskusiKomentar.java
ais.database.model.DiskusiPenelitianDanPengabdian,DiskusiPenelitianDanPengabdian,Diskusi Penelitian Dan Pengabdian,ais.database.model,root,ais.database.model.GeneralValueObject,False,True,public,diskusi_penelitian_dan_pengabdian,False,,,ELIGIBLE_METADATA_FIRST,Kandidat CRUD metadata; tetap default disabled sampai verifikasi Hibernate/menu/scope,ais\database\model\DiskusiPenelitianDanPengabdian.java
ais.database.model.DiskusiPengumumanAkademis,DiskusiPengumumanAkademis,Diskusi Pengumuman Akademis,ais.database.model,root,ais.database.model.GeneralValueObject,False,True,public,diskusi_pengumuman_akademis,False,,,ELIGIBLE_METADATA_FIRST,Kandidat CRUD metadata; tetap default disabled sampai verifikasi Hibernate/menu/scope,ais\database\model\DiskusiPengumumanAkademis.java
ais.database.model.DiskusiPengumumanPenelitian,DiskusiPengumumanPenelitian,Diskusi Pengumuman Penelitian,ais.database.model,root,ais.database.model.GeneralValueObject,False,True,public,diskusi_pengumuman_penelitian,False,,,ELIGIBLE_METADATA_FIRST,Kandidat CRUD metadata; tetap default disabled sampai verifikasi Hibernate/menu/scope,ais\database\model\DiskusiPengumumanPenelitian.java
ais.database.model.DiskusiPengumumanPerkuliahan,DiskusiPengumumanPerkuliahan,Diskusi Pengumuman Perkuliahan,ais.database.model,root,ais.database.model.GeneralValueObject,False,True,public,diskusi_pengumuman_perkuliahan,False,,,ELIGIBLE_METADATA_FIRST,Kandidat CRUD metadata; tetap default disabled sampai verifikasi Hibernate/menu/scope,ais\database\model\DiskusiPengumumanPerkuliahan.java
ais.database.model.DokumenAkreditasi,DokumenAkreditasi,Dokumen Akreditasi,ais.database.model,root,ais.database.model.GeneralValueObject,False,True,public,dokumen_akreditasi,False,ais\action\master\DokumenAkreditasiAction.java,onEvent,REVIEW_REQUIRED,mempunyai aksi khusus existing,ais\database\model\DokumenAkreditasi.java
ais.database.model.Dosen,Dosen,Dosen,ais.database.model,root,ais.database.model.Karyawan,False,True,public,dosen,True,ais\action\master\DosenAction.java,onUploadRfid|onDownloadRfid|onEvent|onDataSK|onStatistik|onKegiatanKedosenan|onDataDosen|onKonfigurasiBiodataDosen|onUploadDBF|onDownloadFoto|onLaporanSkDosen|onLaporanPerDosen|onLaporanDosenHarian|onLaporanRuangDosen|onRekapDosenTetap|onRekapDosenTetapPerFakultasDanPerProdi|onLaporanRekapDosenPerFakultasDanPerProdi|onRekapDosenTidakTetap|onRekapJumlahDosen|onRekapJumlahDosenPerPendidikan|onDownloadFotoMassal|onUploadFotoMassal,REVIEW_REQUIRED,membutuhkan adapter foto; mempunyai aksi khusus existing,ais\database\model\Dosen.java
ais.database.model.DosenPembimbingAkademikTemporary,DosenPembimbingAkademikTemporary,Dosen Pembimbing Akademik Temporary,ais.database.model,root,ais.database.model.GeneralValueObject,False,True,public,dosen_pembimbing_akademik,False,,,REVIEW_REQUIRED,nama mengindikasikan data transaksi/log/internal: Temporary,ais\database\model\DosenPembimbingAkademikTemporary.java
ais.database.model.DspaceInformation,DspaceInformation,Dspace Information,ais.database.model,root,ais.database.model.GeneralValueObject,False,True,public,dspace_information,True,,,REVIEW_REQUIRED,membutuhkan adapter foto,ais\database\model\DspaceInformation.java
ais.database.model.DspaceLog,DspaceLog,Dspace Log,ais.database.model,root,ais.database.model.GeneralValueObject,False,True,public,dspace_log,False,ais\action\master\DspaceLogAction.java,onEvent,REVIEW_REQUIRED,nama mengindikasikan data transaksi/log/internal: Log; mempunyai aksi khusus existing,ais\database\model\DspaceLog.java
ais.database.model.DynamicReport,DynamicReport,Dynamic Report,ais.database.model,root,ais.database.model.GeneralValueObject,False,True,public,dynamic_report,False,,,REVIEW_REQUIRED,nama mengindikasikan data transaksi/log/internal: Report,ais\database\model\DynamicReport.java
ais.database.model.EpsbedStatusPs,EpsbedStatusPs,Epsbed Status Ps,ais.database.model,root,ais.database.model.GeneralValueObject,False,True,public,epsbed_status_ps,False,,,ELIGIBLE_METADATA_FIRST,Kandidat CRUD metadata; tetap default disabled sampai verifikasi Hibernate/menu/scope,ais\database\model\EpsbedStatusPs.java
ais.database.model.ErrorLog,ErrorLog,Error Log,ais.database.model,root,ais.database.model.GeneralValueObject,False,True,public,error_log,False,ais\action\master\ErrorLogAction.java,onEvent,REVIEW_REQUIRED,nama mengindikasikan data transaksi/log/internal: Log; mempunyai aksi khusus existing,ais\database\model\ErrorLog.java
ais.database.model.Fakultas,Fakultas,Fakultas,ais.database.model,root,ais.database.model.GeneralValueObject,False,True,public,fakultas,True,ais\action\master\FakultasAction.java,onEvent,REVIEW_REQUIRED,membutuhkan adapter foto; mempunyai aksi khusus existing,ais\database\model\Fakultas.java
ais.database.model.FasilitasRuangan,FasilitasRuangan,Fasilitas Ruangan,ais.database.model,root,ais.database.model.GeneralValueObject,False,True,public,fasilitas_ruangan,False,ais\action\master\FasilitasRuanganAction.java,onEvent,REVIEW_REQUIRED,mempunyai aksi khusus existing,ais\database\model\FasilitasRuangan.java
ais.database.model.FeederLog,FeederLog,Feeder Log,ais.database.model,root,ais.database.model.GeneralValueObject,False,True,public,feeder_log,False,ais\action\master\FeederLogAction.java,onEvent,REVIEW_REQUIRED,nama mengindikasikan data transaksi/log/internal: Log; mempunyai aksi khusus existing,ais\database\model\FeederLog.java
ais.database.model.FormatNilai,FormatNilai,Format Nilai,ais.database.model,root,ais.database.model.GeneralValueObject,False,True,public,formatnilai,False,ais\action\master\FormatNilaiAction.java,onEvent,REVIEW_REQUIRED,mempunyai aksi khusus existing,ais\database\model\FormatNilai.java
ais.database.model.FormatNilaiProposalSkripsi,FormatNilaiProposalSkripsi,Format Nilai Proposal Skripsi,ais.database.model,root,ais.database.model.GeneralValueObject,False,True,public,format_nilai_proposal_skripsi,False,ais\action\master\FormatNilaiProposalSkripsiAction.java,onEvent,REVIEW_REQUIRED,mempunyai aksi khusus existing,ais\database\model\FormatNilaiProposalSkripsi.java
ais.database.model.FormatNilaiSkripsi,FormatNilaiSkripsi,Format Nilai Skripsi,ais.database.model,root,ais.database.model.GeneralValueObject,False,True,public,format_nilai_skripsi,False,ais\action\master\FormatNilaiSkripsiAction.java,onJenis|onEvent,REVIEW_REQUIRED,mempunyai aksi khusus existing,ais\database\model\FormatNilaiSkripsi.java
ais.database.model.FormatNilaiTambahan,FormatNilaiTambahan,Format Nilai Tambahan,ais.database.model,root,ais.database.model.GeneralValueObject,False,True,public,formatnilai_tambahan,False,,,ELIGIBLE_METADATA_FIRST,Kandidat CRUD metadata; tetap default disabled sampai verifikasi Hibernate/menu/scope,ais\database\model\FormatNilaiTambahan.java
ais.database.model.FormatTemplateSurat,FormatTemplateSurat,Format Template Surat,ais.database.model,root,ais.database.model.GeneralValueObject,False,True,public,format_template_surat,False,,,REVIEW_REQUIRED,nama mengindikasikan data transaksi/log/internal: Temp,ais\database\model\FormatTemplateSurat.java
ais.database.model.FormulirKegiatan,FormulirKegiatan,Formulir Kegiatan,ais.database.model,root,ais.database.model.VOPembelajaran,False,True,public,formulir_kegiatan,False,ais\action\master\FormulirKegiatanAction.java,onGrupFormulirKegiatan|onSertifikat|onJenisFormulirKegiatan|onEvent,REVIEW_REQUIRED,mempunyai aksi khusus existing,ais\database\model\FormulirKegiatan.java
ais.database.model.FormulirKegiatanPeserta,FormulirKegiatanPeserta,Formulir Kegiatan Peserta,ais.database.model,root,ais.database.model.GeneralValueObject,False,True,public,formulir_kegiatan_peserta,False,,,ELIGIBLE_METADATA_FIRST,Kandidat CRUD metadata; tetap default disabled sampai verifikasi Hibernate/menu/scope,ais\database\model\FormulirKegiatanPeserta.java
ais.database.model.GCalendarCode,GCalendarCode,G Calendar Code,ais.database.model,root,ais.database.model.GeneralValueObject,False,True,public,gcalendar_code,False,,,ELIGIBLE_METADATA_FIRST,Kandidat CRUD metadata; tetap default disabled sampai verifikasi Hibernate/menu/scope,ais\database\model\GCalendarCode.java
ais.database.model.GDriveCode,GDriveCode,G Drive Code,ais.database.model,root,ais.database.model.GeneralValueObject,False,True,public,gdrive_code,False,,,ELIGIBLE_METADATA_FIRST,Kandidat CRUD metadata; tetap default disabled sampai verifikasi Hibernate/menu/scope,ais\database\model\GDriveCode.java
ais.database.model.GDriveCredential,GDriveCredential,G Drive Credential,ais.database.model,root,ais.database.model.GeneralValueObject,False,True,public,gdrive_credential,False,,,ELIGIBLE_METADATA_FIRST,Kandidat CRUD metadata; tetap default disabled sampai verifikasi Hibernate/menu/scope,ais\database\model\GDriveCredential.java
ais.database.model.GaleriFoto,GaleriFoto,Galeri Foto,ais.database.model,root,ais.database.model.GeneralValueObject,False,True,public,galeri_foto,False,ais\action\master\GaleriFotoAction.java|ais\action\master\pmb\GaleriFotoAction.java,onEvent,REVIEW_REQUIRED,mempunyai aksi khusus existing,ais\database\model\GaleriFoto.java
ais.database.model.Gedung,Gedung,Gedung,ais.database.model,root,ais.database.model.GeneralValueObject,False,True,public,gedung,False,ais\action\master\GedungAction.java,onEvent,REVIEW_REQUIRED,mempunyai aksi khusus existing,ais\database\model\Gedung.java
ais.database.model.GelombangPendaftaran,GelombangPendaftaran,Gelombang Pendaftaran,ais.database.model,root,ais.database.model.GeneralValueObject,False,True,public,gelombang_pendaftaran,False,ais\action\master\GelombangPendaftaranAction.java,onKelompok|onVerifikasiKelengkapanBerkas|onPembagianKelas|onEvent,REVIEW_REQUIRED,mempunyai aksi khusus existing,ais\database\model\GelombangPendaftaran.java
ais.database.model.GelombangPendaftaranSidangTugasAkhir,GelombangPendaftaranSidangTugasAkhir,Gelombang Pendaftaran Sidang Tugas Akhir,ais.database.model,root,ais.database.model.GeneralValueObject,False,True,public,gelombang_pendaftaran_sidang_tugas_akhir,False,ais\action\master\GelombangPendaftaranSidangTugasAkhirAction.java,onEvent|onAddExternal,REVIEW_REQUIRED,mempunyai aksi khusus existing,ais\database\model\GelombangPendaftaranSidangTugasAkhir.java
ais.database.model.GolonganPns,GolonganPns,Golongan Pns,ais.database.model,root,ais.database.model.GeneralValueObject,False,True,public,golongan_pns,False,ais\action\master\GolonganPnsAction.java,onEvent,REVIEW_REQUIRED,mempunyai aksi khusus existing,ais\database\model\GolonganPns.java
ais.database.model.GrupChecklistPenilaianDosen,GrupChecklistPenilaianDosen,Grup Checklist Penilaian Dosen,ais.database.model,root,ais.database.model.GeneralValueObject,False,True,public,grup_checklist_penilaian_dosen,False,ais\action\master\GrupChecklistPenilaianDosenAction.java,onGrupAngketUmum|onGrupKuosioner|onJadwalAngketUmum|onEvent,REVIEW_REQUIRED,mempunyai aksi khusus existing,ais\database\model\GrupChecklistPenilaianDosen.java
ais.database.model.GrupChecklistPenilaianUmum,GrupChecklistPenilaianUmum,Grup Checklist Penilaian Umum,ais.database.model,root,ais.database.model.GeneralValueObject,False,True,public,grup_checklist_penilaian_umum,False,ais\action\master\GrupChecklistPenilaianUmumAction.java,onEvent,REVIEW_REQUIRED,mempunyai aksi khusus existing,ais\database\model\GrupChecklistPenilaianUmum.java
ais.database.model.GrupFormulirKegiatan,GrupFormulirKegiatan,Grup Formulir Kegiatan,ais.database.model,root,ais.database.model.GeneralValueObject,False,True,public,grup_formulir_kegiatan,False,ais\action\master\GrupFormulirKegiatanAction.java,onEvent,REVIEW_REQUIRED,mempunyai aksi khusus existing,ais\database\model\GrupFormulirKegiatan.java
ais.database.model.GrupJurusan,GrupJurusan,Grup Jurusan,ais.database.model,root,ais.database.model.GeneralValueObject,False,True,public,grup_jurusan,False,ais\action\master\GrupJurusanAction.java,onEvent,REVIEW_REQUIRED,mempunyai aksi khusus existing,ais\database\model\GrupJurusan.java
ais.database.model.GrupKuesionerUmum,GrupKuesionerUmum,Grup Kuesioner Umum,ais.database.model,root,ais.database.model.GeneralValueObject,False,True,public,grup_kuesioner_umum,False,ais\action\master\GrupKuesionerUmumAction.java,onEvent,REVIEW_REQUIRED,mempunyai aksi khusus existing,ais\database\model\GrupKuesionerUmum.java
ais.database.model.GrupKuosionerUmumDetail,GrupKuosionerUmumDetail,Grup Kuosioner Umum Detail,ais.database.model,root,ais.database.model.GeneralValueObject,False,True,public,grup_kuosioner_umum_detail,False,ais\action\master\helper\GrupKuosionerUmumDetailAction.java,onEvent,REVIEW_REQUIRED,mempunyai aksi khusus existing,ais\database\model\GrupKuosionerUmumDetail.java
ais.database.model.GrupParameterTambahan,GrupParameterTambahan,Grup Parameter Tambahan,ais.database.model,root,ais.database.model.GeneralValueObject,False,True,public,grup_parameter_tambahan,False,ais\action\master\GrupParameterTambahanAction.java,onEvent,REVIEW_REQUIRED,mempunyai aksi khusus existing,ais\database\model\GrupParameterTambahan.java
ais.database.model.GrupPertemuan,GrupPertemuan,Grup Pertemuan,ais.database.model,root,ais.database.model.VOPembelajaran,False,True,public,grup_pertemuan,False,ais\action\master\GrupPertemuanAction.java,onSejarah|onTampilJenisLayanan|onTampilGrupPertemuan|onTugasAkhir|onSidang|onEvent,REVIEW_REQUIRED,mempunyai aksi khusus existing,ais\database\model\GrupPertemuan.java
ais.database.model.HasilUjianMahasiswa,HasilUjianMahasiswa,Hasil Ujian Mahasiswa,ais.database.model,root,ais.database.model.GeneralValueObject,False,True,public,hasil_ujian_mahasiswa,False,ais\action\master\HasilUjianMahasiswaAction.java,onEvent|onReset,REVIEW_REQUIRED,mempunyai aksi khusus existing,ais\database\model\HasilUjianMahasiswa.java
ais.database.model.HasilUjianMahasiswaDetail,HasilUjianMahasiswaDetail,Hasil Ujian Mahasiswa Detail,ais.database.model,root,ais.database.model.GeneralValueObject,False,True,public,hasil_ujian_mahasiswa_detail,False,,,ELIGIBLE_METADATA_FIRST,Kandidat CRUD metadata; tetap default disabled sampai verifikasi Hibernate/menu/scope,ais\database\model\HasilUjianMahasiswaDetail.java
ais.database.model.HistoryStatusMahasiswa,HistoryStatusMahasiswa,History Status Mahasiswa,ais.database.model,root,ais.database.model.GeneralValueObject,False,True,public,history_status_mahasiswa,False,,,REVIEW_REQUIRED,nama mengindikasikan data transaksi/log/internal: History,ais\database\model\HistoryStatusMahasiswa.java
ais.database.model.IkatanKerjaDosen,IkatanKerjaDosen,Ikatan Kerja Dosen,ais.database.model,root,ais.database.model.GeneralValueObject,False,True,public,ikatan_kerja_dosen,False,ais\action\master\IkatanKerjaDosenAction.java,onEvent,REVIEW_REQUIRED,mempunyai aksi khusus existing,ais\database\model\IkatanKerjaDosen.java
ais.database.model.InputPembayaranPunyaAkun,InputPembayaranPunyaAkun,Input Pembayaran Punya Akun,ais.database.model,root,ais.database.model.GeneralValueObject,False,True,public,input_pembayaran_punya_akun,False,,,ELIGIBLE_METADATA_FIRST,Kandidat CRUD metadata; tetap default disabled sampai verifikasi Hibernate/menu/scope,ais\database\model\InputPembayaranPunyaAkun.java
ais.database.model.InterviewCalonMahasiswa,InterviewCalonMahasiswa,Interview Calon Mahasiswa,ais.database.model,root,ais.database.model.GeneralValueObject,False,True,public,interview_calon_mahasiswa,False,ais\action\master\InterviewCalonMahasiswaAction.java,onEvent,REVIEW_REQUIRED,nama mengindikasikan data transaksi/log/internal: View; mempunyai aksi khusus existing,ais\database\model\InterviewCalonMahasiswa.java
ais.database.model.InterviewPunyaCalonMahasiswa,InterviewPunyaCalonMahasiswa,Interview Punya Calon Mahasiswa,ais.database.model,root,ais.database.model.GeneralValueObject,False,True,public,interview_punya_calon_mahasiswa,False,,,REVIEW_REQUIRED,nama mengindikasikan data transaksi/log/internal: View,ais\database\model\InterviewPunyaCalonMahasiswa.java
ais.database.model.Investor,Investor,Investor,ais.database.model,root,ais.database.model.GeneralValueObject,False,True,public,investor,False,,,ELIGIBLE_METADATA_FIRST,Kandidat CRUD metadata; tetap default disabled sampai verifikasi Hibernate/menu/scope,ais\database\model\Investor.java
ais.database.model.IsiAngketParameterUmum,IsiAngketParameterUmum,Isi Angket Parameter Umum,ais.database.model,root,ais.database.model.GeneralValueObject,False,True,public,isi_angket_parameter_umum,False,,,ELIGIBLE_METADATA_FIRST,Kandidat CRUD metadata; tetap default disabled sampai verifikasi Hibernate/menu/scope,ais\database\model\IsiAngketParameterUmum.java
ais.database.model.ItemBiaya,ItemBiaya,Item Biaya,ais.database.model,root,ais.database.model.GeneralValueObject,False,True,public,item_biaya,False,ais\action\master\ItemBiayaAction.java,onEvent,REVIEW_REQUIRED,mempunyai aksi khusus existing,ais\database\model\ItemBiaya.java
ais.database.model.ItemBiayaPunyaAkun,ItemBiayaPunyaAkun,Item Biaya Punya Akun,ais.database.model,root,ais.database.model.GeneralValueObject,False,True,public,item_biaya_punya_akun,False,,,ELIGIBLE_METADATA_FIRST,Kandidat CRUD metadata; tetap default disabled sampai verifikasi Hibernate/menu/scope,ais\database\model\ItemBiayaPunyaAkun.java
ais.database.model.ItemBiayaPunyaDibayarDimuka,ItemBiayaPunyaDibayarDimuka,Item Biaya Punya Dibayar Dimuka,ais.database.model,root,ais.database.model.GeneralValueObject,False,True,public,item_biaya_punya_dibayar_dimuka,False,,,ELIGIBLE_METADATA_FIRST,Kandidat CRUD metadata; tetap default disabled sampai verifikasi Hibernate/menu/scope,ais\database\model\ItemBiayaPunyaDibayarDimuka.java
ais.database.model.ItemBiayaPunyaDiskon,ItemBiayaPunyaDiskon,Item Biaya Punya Diskon,ais.database.model,root,ais.database.model.GeneralValueObject,False,True,public,item_biaya_punya_diskon,False,,,ELIGIBLE_METADATA_FIRST,Kandidat CRUD metadata; tetap default disabled sampai verifikasi Hibernate/menu/scope,ais\database\model\ItemBiayaPunyaDiskon.java
ais.database.model.ItemBiayaPunyaPendapatanDenda,ItemBiayaPunyaPendapatanDenda,Item Biaya Punya Pendapatan Denda,ais.database.model,root,ais.database.model.GeneralValueObject,False,True,public,item_biaya_punya_pendapatan_denda,False,,,ELIGIBLE_METADATA_FIRST,Kandidat CRUD metadata; tetap default disabled sampai verifikasi Hibernate/menu/scope,ais\database\model\ItemBiayaPunyaPendapatanDenda.java
ais.database.model.ItemBiayaPunyaPiutang,ItemBiayaPunyaPiutang,Item Biaya Punya Piutang,ais.database.model,root,ais.database.model.GeneralValueObject,False,True,public,item_biaya_punya_piutang,False,,,ELIGIBLE_METADATA_FIRST,Kandidat CRUD metadata; tetap default disabled sampai verifikasi Hibernate/menu/scope,ais\database\model\ItemBiayaPunyaPiutang.java
ais.database.model.Jabatan,Jabatan,Jabatan,ais.database.model,root,ais.database.model.GeneralValueObject,False,True,public,jabatan,False,ais\action\master\JabatanAction.java,onEvent,REVIEW_REQUIRED,mempunyai aksi khusus existing,ais\database\model\Jabatan.java
ais.database.model.JabatanFungsionalDosen,JabatanFungsionalDosen,Jabatan Fungsional Dosen,ais.database.model,root,ais.database.model.GeneralValueObject,False,True,public,jabatan_fungsional_dosen,False,ais\action\master\JabatanFungsionalDosenAction.java,onEvent,REVIEW_REQUIRED,mempunyai aksi khusus existing,ais\database\model\JabatanFungsionalDosen.java
ais.database.model.JabatanKegiatanKedosenan,JabatanKegiatanKedosenan,Jabatan Kegiatan Kedosenan,ais.database.model,root,ais.database.model.GeneralValueObject,False,True,public,jabatan_kegiatan_kedosenan,False,ais\action\master\JabatanKegiatanKedosenanAction.java,onEvent,REVIEW_REQUIRED,mempunyai aksi khusus existing,ais\database\model\JabatanKegiatanKedosenan.java
ais.database.model.JabatanKegiatanKemahasiswaan,JabatanKegiatanKemahasiswaan,Jabatan Kegiatan Kemahasiswaan,ais.database.model,root,ais.database.model.GeneralValueObject,False,True,public,jabatan_kegiatan_kemahasiswaan,False,ais\action\master\JabatanKegiatanKemahasiswaanAction.java,onEvent,REVIEW_REQUIRED,mempunyai aksi khusus existing,ais\database\model\JabatanKegiatanKemahasiswaan.java
ais.database.model.JabatanOrganisasiDosen,JabatanOrganisasiDosen,Jabatan Organisasi Dosen,ais.database.model,root,ais.database.model.GeneralValueObject,False,True,public,jabatan_organisasi_dosen,False,ais\action\master\JabatanOrganisasiDosenAction.java,onEvent,REVIEW_REQUIRED,mempunyai aksi khusus existing,ais\database\model\JabatanOrganisasiDosen.java
ais.database.model.JabatanOrganisasiIntraKampus,JabatanOrganisasiIntraKampus,Jabatan Organisasi Intra Kampus,ais.database.model,root,ais.database.model.GeneralValueObject,False,True,public,jabatan_organisasi_intra_kampus,False,ais\action\master\JabatanOrganisasiIntraKampusAction.java,onEvent,REVIEW_REQUIRED,mempunyai aksi khusus existing,ais\database\model\JabatanOrganisasiIntraKampus.java
ais.database.model.JadwalChecklistPenilaianUmum,JadwalChecklistPenilaianUmum,Jadwal Checklist Penilaian Umum,ais.database.model,root,ais.database.model.GeneralValueObject,False,True,public,jadwal_checklist_penilaian_umum,False,ais\action\master\JadwalChecklistPenilaianUmumAction.java,onEvent,REVIEW_REQUIRED,mempunyai aksi khusus existing,ais\database\model\JadwalChecklistPenilaianUmum.java
ais.database.model.JadwalKegiatanKampus,JadwalKegiatanKampus,Jadwal Kegiatan Kampus,ais.database.model,root,ais.database.model.GeneralValueObject,False,True,public,jadwal_kegiatan_kampus,False,ais\action\master\JadwalKegiatanKampusAction.java,onEvent,REVIEW_REQUIRED,mempunyai aksi khusus existing,ais\database\model\JadwalKegiatanKampus.java
ais.database.model.JadwalPembayaran,JadwalPembayaran,Jadwal Pembayaran,ais.database.model,root,ais.database.model.GeneralValueObject,False,True,public,jadwal_pembayaran,False,ais\action\master\JadwalPembayaranAction.java,onEvent,REVIEW_REQUIRED,mempunyai aksi khusus existing,ais\database\model\JadwalPembayaran.java
ais.database.model.JadwalSeminarTugasAkhir,JadwalSeminarTugasAkhir,Jadwal Seminar Tugas Akhir,ais.database.model,root,ais.database.model.GeneralValueObject,False,True,public,jadwal_seminar_tugas_akhir,False,ais\action\master\JadwalSeminarTugasAkhirAction.java,onEvent|onAddExternal,REVIEW_REQUIRED,mempunyai aksi khusus existing,ais\database\model\JadwalSeminarTugasAkhir.java
ais.database.model.JadwalSidangTugasAkhir,JadwalSidangTugasAkhir,Jadwal Sidang Tugas Akhir,ais.database.model,root,ais.database.model.GeneralValueObject,False,True,public,jadwal_sidang_tugas_akhir,False,ais\action\master\JadwalSidangTugasAkhirAction.java,onEvent|onAddExternal,REVIEW_REQUIRED,mempunyai aksi khusus existing,ais\database\model\JadwalSidangTugasAkhir.java
ais.database.model.JadwalUjianPMB,JadwalUjianPMB,Jadwal Ujian P M B,ais.database.model,root,ais.database.model.VOPembelajaran,False,True,public,jadwal_ujian_pmb,False,ais\action\master\JadwalUjianPMBAction.java,onEvent,REVIEW_REQUIRED,mempunyai aksi khusus existing,ais\database\model\JadwalUjianPMB.java
ais.database.model.JamPerkuliahan,JamPerkuliahan,Jam Perkuliahan,ais.database.model,root,ais.database.model.GeneralValueObject,False,True,public,jam_perkuliahan,False,ais\action\master\JamPerkuliahanAction.java,onEvent|onAddExternal,REVIEW_REQUIRED,mempunyai aksi khusus existing,ais\database\model\JamPerkuliahan.java
ais.database.model.JenisAktfitasMahasiswa,JenisAktfitasMahasiswa,Jenis Aktfitas Mahasiswa,ais.database.model,root,ais.database.model.GeneralValueObject,False,True,public,jenis_aktfitas_mahasiswa,False,,,ELIGIBLE_METADATA_FIRST,Kandidat CRUD metadata; tetap default disabled sampai verifikasi Hibernate/menu/scope,ais\database\model\JenisAktfitasMahasiswa.java
ais.database.model.JenisCapaianJurusan,JenisCapaianJurusan,Jenis Capaian Jurusan,ais.database.model,root,ais.database.model.GeneralValueObject,False,True,public,jenis_capaian_jurusan,False,ais\action\master\JenisCapaianJurusanAction.java,onEvent,REVIEW_REQUIRED,mempunyai aksi khusus existing,ais\database\model\JenisCapaianJurusan.java
ais.database.model.JenisCatatanAdministrasi,JenisCatatanAdministrasi,Jenis Catatan Administrasi,ais.database.model,root,ais.database.model.GeneralValueObject,False,True,public,jenis_catatan_administrasi,False,ais\action\master\JenisCatatanAdministrasiAction.java,onEvent,REVIEW_REQUIRED,mempunyai aksi khusus existing,ais\database\model\JenisCatatanAdministrasi.java
ais.database.model.JenisCatatanMahasiswa,JenisCatatanMahasiswa,Jenis Catatan Mahasiswa,ais.database.model,root,ais.database.model.GeneralValueObject,False,True,public,jenis_catatan_mahasiswa,False,ais\action\master\JenisCatatanMahasiswaAction.java,onEvent,REVIEW_REQUIRED,mempunyai aksi khusus existing,ais\database\model\JenisCatatanMahasiswa.java
ais.database.model.JenisCatatanPegawai,JenisCatatanPegawai,Jenis Catatan Pegawai,ais.database.model,root,ais.database.model.GeneralValueObject,False,True,public,jenis_catatan_pegawai,False,ais\action\master\JenisCatatanPegawaiAction.java,onEvent,REVIEW_REQUIRED,mempunyai aksi khusus existing,ais\database\model\JenisCatatanPegawai.java
ais.database.model.JenisDiskonMahasiswa,JenisDiskonMahasiswa,Jenis Diskon Mahasiswa,ais.database.model,root,ais.database.model.GeneralValueObject,False,True,public,jenis_diskon_mahasiswa,False,ais\action\master\JenisDiskonMahasiswaAction.java,onEvent,REVIEW_REQUIRED,mempunyai aksi khusus existing,ais\database\model\JenisDiskonMahasiswa.java
ais.database.model.JenisEvaluasi,JenisEvaluasi,Jenis Evaluasi,ais.database.model,root,ais.database.model.GeneralValueObject,False,True,public,jenis_evaluasi,False,ais\action\master\JenisEvaluasiAction.java,onEvent,REVIEW_REQUIRED,mempunyai aksi khusus existing,ais\database\model\JenisEvaluasi.java
ais.database.model.JenisFormulirKegiatan,JenisFormulirKegiatan,Jenis Formulir Kegiatan,ais.database.model,root,ais.database.model.GeneralValueObject,False,True,public,jenis_formulir_kegiatan,False,ais\action\master\JenisFormulirKegiatanAction.java,onEvent,REVIEW_REQUIRED,mempunyai aksi khusus existing,ais\database\model\JenisFormulirKegiatan.java
ais.database.model.JenisKartuIdentitasMahasiswaBaru,JenisKartuIdentitasMahasiswaBaru,Jenis Kartu Identitas Mahasiswa Baru,ais.database.model,root,ais.database.model.GeneralValueObject,False,True,public,jenis_kartu_identitas_mahasiswa_baru,False,ais\action\master\pmb\JenisKartuIdentitasMahasiswaBaruAction.java,onEvent,REVIEW_REQUIRED,mempunyai aksi khusus existing,ais\database\model\JenisKartuIdentitasMahasiswaBaru.java
ais.database.model.JenisKegiatan,JenisKegiatan,Jenis Kegiatan,ais.database.model,root,ais.database.model.GeneralValueObject,False,True,public,jenis_kegiatan,False,ais\action\master\JenisKegiatanAction.java,onPrasyarat|onEvent,REVIEW_REQUIRED,mempunyai aksi khusus existing,ais\database\model\JenisKegiatan.java
ais.database.model.JenisKegiatanDetail,JenisKegiatanDetail,Jenis Kegiatan Detail,ais.database.model,root,ais.database.model.GeneralValueObject,False,True,public,jenis_kegiatan_detail,False,,,ELIGIBLE_METADATA_FIRST,Kandidat CRUD metadata; tetap default disabled sampai verifikasi Hibernate/menu/scope,ais\database\model\JenisKegiatanDetail.java
ais.database.model.JenisKegiatanMahasiswa,JenisKegiatanMahasiswa,Jenis Kegiatan Mahasiswa,ais.database.model,root,ais.database.model.GeneralValueObject,False,True,public,jenis_kegiatan_mahasiswa,False,ais\action\master\JenisKegiatanMahasiswaAction.java,onEvent,REVIEW_REQUIRED,mempunyai aksi khusus existing,ais\database\model\JenisKegiatanMahasiswa.java
ais.database.model.JenisKegiatanPrasyarat,JenisKegiatanPrasyarat,Jenis Kegiatan Prasyarat,ais.database.model,root,ais.database.model.GeneralValueObject,False,True,public,jenis_kegiatan_prasyarat,False,ais\action\master\JenisKegiatanPrasyaratAction.java,onEvent,REVIEW_REQUIRED,mempunyai aksi khusus existing,ais\database\model\JenisKegiatanPrasyarat.java
ais.database.model.JenisKelompokKegiatanKedosenan,JenisKelompokKegiatanKedosenan,Jenis Kelompok Kegiatan Kedosenan,ais.database.model,root,ais.database.model.GeneralValueObject,False,True,public,jenis_kelompok_kegiatan_kedosenan,False,ais\action\master\JenisKelompokKegiatanKedosenanAction.java,onEvent,REVIEW_REQUIRED,mempunyai aksi khusus existing,ais\database\model\JenisKelompokKegiatanKedosenan.java
ais.database.model.JenisKelompokKegiatanKemahasiswaan,JenisKelompokKegiatanKemahasiswaan,Jenis Kelompok Kegiatan Kemahasiswaan,ais.database.model,root,ais.database.model.GeneralValueObject,False,True,public,jenis_kelompok_kegiatan_kemahasiswaan,False,ais\action\master\JenisKelompokKegiatanKemahasiswaanAction.java,onEvent,REVIEW_REQUIRED,mempunyai aksi khusus existing,ais\database\model\JenisKelompokKegiatanKemahasiswaan.java
ais.database.model.JenisKelompokStatusMahasiswa,JenisKelompokStatusMahasiswa,Jenis Kelompok Status Mahasiswa,ais.database.model,root,ais.database.model.GeneralValueObject,False,True,public,jenis_kelompok_status_mahasiswa,False,ais\action\master\JenisKelompokStatusMahasiswaAction.java,onEvent,REVIEW_REQUIRED,mempunyai aksi khusus existing,ais\database\model\JenisKelompokStatusMahasiswa.java
ais.database.model.JenisKerjasama,JenisKerjasama,Jenis Kerjasama,ais.database.model,root,ais.database.model.GeneralValueObject,False,True,public,jenis_kerjasama,False,ais\action\master\JenisKerjasamaAction.java,onEvent,REVIEW_REQUIRED,mempunyai aksi khusus existing,ais\database\model\JenisKerjasama.java
ais.database.model.JenisLayananKepadaMahasiswa,JenisLayananKepadaMahasiswa,Jenis Layanan Kepada Mahasiswa,ais.database.model,root,ais.database.model.GeneralValueObject,False,True,public,jenis_layanan_kepada_mahasiswa,False,ais\action\master\JenisLayananKepadaMahasiswaAction.java,onEvent,REVIEW_REQUIRED,mempunyai aksi khusus existing,ais\database\model\JenisLayananKepadaMahasiswa.java
ais.database.model.JenisNilaiHurufMatakuliah,JenisNilaiHurufMatakuliah,Jenis Nilai Huruf Matakuliah,ais.database.model,root,ais.database.model.GeneralValueObject,False,True,public,jenis_nilai_huruf_matakuliah,False,,,ELIGIBLE_METADATA_FIRST,Kandidat CRUD metadata; tetap default disabled sampai verifikasi Hibernate/menu/scope,ais\database\model\JenisNilaiHurufMatakuliah.java
ais.database.model.JenisPembayaran,JenisPembayaran,Jenis Pembayaran,ais.database.model,root,ais.database.model.GeneralValueObject,False,True,public,jenis_pembayaran,False,ais\action\master\JenisPembayaranAction.java|ais\action\master\sirs\JenisPembayaranAction.java,onEvent,REVIEW_REQUIRED,mempunyai aksi khusus existing,ais\database\model\JenisPembayaran.java
ais.database.model.JenisPembiayaanMahasiswa,JenisPembiayaanMahasiswa,Jenis Pembiayaan Mahasiswa,ais.database.model,root,ais.database.model.GeneralValueObject,False,True,public,jenis_pembiayaan_mahasiswa,False,ais\action\master\JenisPembiayaanMahasiswaAction.java,onEvent,REVIEW_REQUIRED,mempunyai aksi khusus existing,ais\database\model\JenisPembiayaanMahasiswa.java
ais.database.model.JenisPendidikDanTenagaKependidikan,JenisPendidikDanTenagaKependidikan,Jenis Pendidik Dan Tenaga Kependidikan,ais.database.model,root,ais.database.model.GeneralValueObject,False,True,public,jenis_pendidik_dan_tenaga_kependidikan,False,ais\action\master\JenisPendidikDanTenagaKependidikanAction.java,onEvent,REVIEW_REQUIRED,mempunyai aksi khusus existing,ais\database\model\JenisPendidikDanTenagaKependidikan.java
ais.database.model.JenisPenerimaBeasiswa,JenisPenerimaBeasiswa,Jenis Penerima Beasiswa,ais.database.model,root,ais.database.model.GeneralValueObject,False,True,public,jenis_penerima_beasiswa,False,ais\action\master\JenisPenerimaBeasiswaAction.java,onEvent,REVIEW_REQUIRED,mempunyai aksi khusus existing,ais\database\model\JenisPenerimaBeasiswa.java
ais.database.model.JenisPengaduan,JenisPengaduan,Jenis Pengaduan,ais.database.model,root,ais.database.model.GeneralValueObject,False,True,public,jenis_pengaduan,False,ais\action\master\JenisPengaduanAction.java,onEvent,REVIEW_REQUIRED,mempunyai aksi khusus existing,ais\database\model\JenisPengaduan.java
ais.database.model.JenisPengajuan,JenisPengajuan,Jenis Pengajuan,ais.database.model,root,ais.database.model.GeneralValueObject,False,True,public,jenis_pengajuan,False,ais\action\master\JenisPengajuanAction.java,onEvent,REVIEW_REQUIRED,mempunyai aksi khusus existing,ais\database\model\JenisPengajuan.java
ais.database.model.JenisPengajuanPegawai,JenisPengajuanPegawai,Jenis Pengajuan Pegawai,ais.database.model,root,ais.database.model.GeneralValueObject,False,True,public,jenis_pengajuan_pegawai,False,ais\action\master\JenisPengajuanPegawaiAction.java,onEvent,REVIEW_REQUIRED,mempunyai aksi khusus existing,ais\database\model\JenisPengajuanPegawai.java
ais.database.model.JenisPengeluaranMahasiswa,JenisPengeluaranMahasiswa,Jenis Pengeluaran Mahasiswa,ais.database.model,root,ais.database.model.GeneralValueObject,False,True,public,jenis_pengeluaran_mahasiswa,False,ais\action\master\JenisPengeluaranMahasiswaAction.java,onEvent,REVIEW_REQUIRED,mempunyai aksi khusus existing,ais\database\model\JenisPengeluaranMahasiswa.java
ais.database.model.JenisPeredaranBuku,JenisPeredaranBuku,Jenis Peredaran Buku,ais.database.model,root,ais.database.model.GeneralValueObject,False,True,public,jenis_peredaran_buku,False,ais\action\master\JenisPeredaranBukuAction.java,onEvent,REVIEW_REQUIRED,mempunyai aksi khusus existing,ais\database\model\JenisPeredaranBuku.java
ais.database.model.JenisRekonsiliasiHostToHost,JenisRekonsiliasiHostToHost,Jenis Rekonsiliasi Host To Host,ais.database.model,root,ais.database.model.GeneralValueObject,False,True,public,jenis_rekonsiliasi_host_to_host,False,,,ELIGIBLE_METADATA_FIRST,Kandidat CRUD metadata; tetap default disabled sampai verifikasi Hibernate/menu/scope,ais\database\model\JenisRekonsiliasiHostToHost.java
ais.database.model.JenisSekolahMahasiswaBaru,JenisSekolahMahasiswaBaru,Jenis Sekolah Mahasiswa Baru,ais.database.model,root,ais.database.model.GeneralValueObject,False,True,public,jenis_sekolah_mahasiswa_baru,False,ais\action\master\pmb\JenisSekolahMahasiswaBaruAction.java,onEvent,REVIEW_REQUIRED,mempunyai aksi khusus existing,ais\database\model\JenisSekolahMahasiswaBaru.java
ais.database.model.JenisSeleksi,JenisSeleksi,Jenis Seleksi,ais.database.model,root,ais.database.model.GeneralValueObject,False,True,public,jenis_seleksi,False,ais\action\master\JenisSeleksiAction.java,onKelompokJenisSeleksi|onEvent,REVIEW_REQUIRED,mempunyai aksi khusus existing,ais\database\model\JenisSeleksi.java
ais.database.model.JenisTabungan,JenisTabungan,Jenis Tabungan,ais.database.model,root,ais.database.model.GeneralValueObject,False,True,public,jenis_tabungan,False,ais\action\master\JenisTabunganAction.java,onEvent,REVIEW_REQUIRED,mempunyai aksi khusus existing,ais\database\model\JenisTabungan.java
ais.database.model.JenisTenagaKependidikan,JenisTenagaKependidikan,Jenis Tenaga Kependidikan,ais.database.model,root,ais.database.model.GeneralValueObject,False,True,public,jenis_tenaga_kependidikan,False,ais\action\master\JenisTenagaKependidikanAction.java,onEvent,REVIEW_REQUIRED,mempunyai aksi khusus existing,ais\database\model\JenisTenagaKependidikan.java
ais.database.model.JenisTinggalMahasiswa,JenisTinggalMahasiswa,Jenis Tinggal Mahasiswa,ais.database.model,root,ais.database.model.GeneralValueObject,False,True,public,jenis_tinggal_mahasiswa,False,ais\action\master\JenisTinggalMahasiswaAction.java,onEvent,REVIEW_REQUIRED,mempunyai aksi khusus existing,ais\database\model\JenisTinggalMahasiswa.java
ais.database.model.JenisToefl,JenisToefl,Jenis Toefl,ais.database.model,root,ais.database.model.GeneralValueObject,False,True,public,jenis_toefl,False,ais\action\master\JenisToeflAction.java,onEvent,REVIEW_REQUIRED,mempunyai aksi khusus existing,ais\database\model\JenisToefl.java
ais.database.model.Jenjang,Jenjang,Jenjang,ais.database.model,root,ais.database.model.GeneralValueObject,False,True,public,jenjang,False,ais\action\master\JenjangAction.java,onEvent,REVIEW_REQUIRED,mempunyai aksi khusus existing,ais\database\model\Jenjang.java
ais.database.model.JenjangProgramStudi,JenjangProgramStudi,Jenjang Program Studi,ais.database.model,root,ais.database.model.GeneralValueObject,False,True,public,jenjang_program_studi,False,ais\action\master\JenjangProgramStudiAction.java,onEvent,REVIEW_REQUIRED,mempunyai aksi khusus existing,ais\database\model\JenjangProgramStudi.java
ais.database.model.Judisium,Judisium,Judisium,ais.database.model,root,ais.database.model.GeneralValueObject,False,True,public,nama,False,,,ELIGIBLE_METADATA_FIRST,Kandidat CRUD metadata; tetap default disabled sampai verifikasi Hibernate/menu/scope,ais\database\model\Judisium.java
ais.database.model.Jurusan,Jurusan,Jurusan,ais.database.model,root,ais.database.model.GeneralValueObject,False,True,public,jurusan,True,ais\action\master\JurusanAction.java,onEvent|onAkreditasi|onKonsentrasi|onCapaianPembelajaranLulusan|onJenisCapaianPembelajaranLulusan|onInfo,REVIEW_REQUIRED,membutuhkan adapter foto; mempunyai aksi khusus existing,ais\database\model\Jurusan.java
ais.database.model.JurusanSekolahMahasiswaBaru,JurusanSekolahMahasiswaBaru,Jurusan Sekolah Mahasiswa Baru,ais.database.model,root,ais.database.model.GeneralValueObject,False,True,public,jurusan_sekolah_mahasiswa_baru,False,ais\action\master\pmb\JurusanSekolahMahasiswaBaruAction.java,onEvent,REVIEW_REQUIRED,mempunyai aksi khusus existing,ais\database\model\JurusanSekolahMahasiswaBaru.java
ais.database.model.KalenderAkademik,KalenderAkademik,Kalender Akademik,ais.database.model,root,ais.database.model.GeneralValueObject,False,True,public,kalender_akademik,False,ais\action\master\KalenderAkademikAction.java,onEvent,REVIEW_REQUIRED,mempunyai aksi khusus existing,ais\database\model\KalenderAkademik.java
ais.database.model.KamusTerjemah,KamusTerjemah,Kamus Terjemah,ais.database.model,root,ais.database.model.GeneralValueObject,False,True,public,kamus_terjemah,False,,,ELIGIBLE_METADATA_FIRST,Kandidat CRUD metadata; tetap default disabled sampai verifikasi Hibernate/menu/scope,ais\database\model\KamusTerjemah.java
ais.database.model.Karyawan,Karyawan,Karyawan,ais.database.model,root,ais.database.model.GeneralValueObject,True,False,,,False,,,EXCLUDED_ABSTRACT,Class abstract,ais\database\model\Karyawan.java
ais.database.model.KategoriBankSoal,KategoriBankSoal,Kategori Bank Soal,ais.database.model,root,ais.database.model.GeneralValueObject,False,True,public,kategori_bank_soal,False,ais\action\master\KategoriBankSoalAction.java,onEvent,REVIEW_REQUIRED,mempunyai aksi khusus existing,ais\database\model\KategoriBankSoal.java
ais.database.model.KategoriPenghargaan,KategoriPenghargaan,Kategori Penghargaan,ais.database.model,root,ais.database.model.GeneralValueObject,False,True,public,kategori_penghargaan,False,ais\action\master\KategoriPenghargaanAction.java,onEvent,REVIEW_REQUIRED,mempunyai aksi khusus existing,ais\database\model\KategoriPenghargaan.java
ais.database.model.KategoriPengumuman,KategoriPengumuman,Kategori Pengumuman,ais.database.model,root,ais.database.model.GeneralValueObject,False,True,public,kategori_pengumuman,False,ais\action\master\KategoriPengumumanAction.java,onEvent,REVIEW_REQUIRED,mempunyai aksi khusus existing,ais\database\model\KategoriPengumuman.java
ais.database.model.KategoriPrestasiDosen,KategoriPrestasiDosen,Kategori Prestasi Dosen,ais.database.model,root,ais.database.model.GeneralValueObject,False,True,public,kategori_prestasi_dosen,False,ais\action\master\KategoriPrestasiDosenAction.java,onEvent,REVIEW_REQUIRED,mempunyai aksi khusus existing,ais\database\model\KategoriPrestasiDosen.java
ais.database.model.KategoriPrestasiMahasiswa,KategoriPrestasiMahasiswa,Kategori Prestasi Mahasiswa,ais.database.model,root,ais.database.model.GeneralValueObject,False,True,public,kategori_prestasi_mahasiswa,False,ais\action\master\KategoriPrestasiMahasiswaAction.java,onEvent,REVIEW_REQUIRED,mempunyai aksi khusus existing,ais\database\model\KategoriPrestasiMahasiswa.java
ais.database.model.KategoriPrestasiPegawai,KategoriPrestasiPegawai,Kategori Prestasi Pegawai,ais.database.model,root,ais.database.model.GeneralValueObject,False,True,public,kategori_prestasi_pegawai,False,ais\action\master\KategoriPrestasiPegawaiAction.java,onEvent,REVIEW_REQUIRED,mempunyai aksi khusus existing,ais\database\model\KategoriPrestasiPegawai.java
ais.database.model.KeadaanKeluargaPengajuanBeasiswa,KeadaanKeluargaPengajuanBeasiswa,Keadaan Keluarga Pengajuan Beasiswa,ais.database.model,root,ais.database.model.GeneralValueObject,False,True,public,keadaan_keluarga_pengajuan_beasiswa,False,,,ELIGIBLE_METADATA_FIRST,Kandidat CRUD metadata; tetap default disabled sampai verifikasi Hibernate/menu/scope,ais\database\model\KeadaanKeluargaPengajuanBeasiswa.java
ais.database.model.KebutuhanKhusus,KebutuhanKhusus,Kebutuhan Khusus,ais.database.model,root,ais.database.model.GeneralValueObject,False,True,public,kebutuhan_khusus,False,,,ELIGIBLE_METADATA_FIRST,Kandidat CRUD metadata; tetap default disabled sampai verifikasi Hibernate/menu/scope,ais\database\model\KebutuhanKhusus.java
ais.database.model.Kegiatan,Kegiatan,Kegiatan,ais.database.model,root,ais.database.model.GeneralValueObject,False,True,public,kegiatan,False,ais\action\master\KegiatanAction.java,onCicilan|onSejarah|onTunggakan|onPerbandinganPembayaran|onBelumBayar|onSudahBayar|onEvent,REVIEW_REQUIRED,mempunyai aksi khusus existing,ais\database\model\Kegiatan.java
ais.database.model.KegiatanKedosenan,KegiatanKedosenan,Kegiatan Kedosenan,ais.database.model,root,ais.database.model.GeneralValueObject,False,True,public,kegiatan_kedosenan,False,ais\action\master\KegiatanKedosenanAction.java,onDasbor|onKelompokKegiatanKedosenan|onRekapBerdasarJabatan|onForm|onRekapBerdasarSkala|onRekapBerdasarKelompok|onRekapBerdasarDetailKelompok|onUploadData|onEvent|onAddExternal,REVIEW_REQUIRED,mempunyai aksi khusus existing,ais\database\model\KegiatanKedosenan.java
ais.database.model.KegiatanKedosenanPunyaDosen,KegiatanKedosenanPunyaDosen,Kegiatan Kedosenan Punya Dosen,ais.database.model,root,ais.database.model.GeneralValueObject,False,True,public,kegiatan_kedosenan_punya_dosen,False,,,ELIGIBLE_METADATA_FIRST,Kandidat CRUD metadata; tetap default disabled sampai verifikasi Hibernate/menu/scope,ais\database\model\KegiatanKedosenanPunyaDosen.java
ais.database.model.KegiatanKemahasiswaan,KegiatanKemahasiswaan,Kegiatan Kemahasiswaan,ais.database.model,root,ais.database.model.GeneralValueObject,False,True,public,kegiatan_kemahasiswaan,False,ais\action\master\KegiatanKemahasiswaanAction.java,onKelompokKegiatanKemahasiswaan|onForm|onRekapBerdasarJabatan|onRekapBerdasarSkala|onRekapBerdasarKelompok|onRekapBerdasarDetailKelompok|onUploadData|onEvent|onAddExternal,REVIEW_REQUIRED,mempunyai aksi khusus existing,ais\database\model\KegiatanKemahasiswaan.java
ais.database.model.KegiatanKemahasiswaanPunyaMahasiswa,KegiatanKemahasiswaanPunyaMahasiswa,Kegiatan Kemahasiswaan Punya Mahasiswa,ais.database.model,root,ais.database.model.GeneralValueObject,False,True,public,kegiatan_kemahasiswaan_punya_mahasiswa,False,,,ELIGIBLE_METADATA_FIRST,Kandidat CRUD metadata; tetap default disabled sampai verifikasi Hibernate/menu/scope,ais\database\model\KegiatanKemahasiswaanPunyaMahasiswa.java
ais.database.model.KegiatanTemporary,KegiatanTemporary,Kegiatan Temporary,ais.database.model,root,ais.database.model.GeneralValueObject,False,True,public,kegiatan_temporary,False,ais\action\master\KegiatanTemporaryAction.java,onEvent,REVIEW_REQUIRED,nama mengindikasikan data transaksi/log/internal: Temporary; mempunyai aksi khusus existing,ais\database\model\KegiatanTemporary.java
ais.database.model.KehadiranDosenBulanan,KehadiranDosenBulanan,Kehadiran Dosen Bulanan,ais.database.model,root,ais.database.model.GeneralValueObject,False,True,public,kehadiran_dosen_bulanan,False,,,ELIGIBLE_METADATA_FIRST,Kandidat CRUD metadata; tetap default disabled sampai verifikasi Hibernate/menu/scope,ais\database\model\KehadiranDosenBulanan.java
ais.database.model.KehadiranPegawaiBulanan,KehadiranPegawaiBulanan,Kehadiran Pegawai Bulanan,ais.database.model,root,ais.database.model.GeneralValueObject,False,True,public,kehadiran_pegawai_bulanan,False,ais\action\master\KehadiranPegawaiBulananAction.java,onEvent,REVIEW_REQUIRED,mempunyai aksi khusus existing,ais\database\model\KehadiranPegawaiBulanan.java
ais.database.model.Kelas,Kelas,Kelas,ais.database.model,root,ais.database.model.GeneralValueObject,False,True,public,kelas,False,ais\action\master\KelasAction.java,onTampilKelas|onEvent|onUploadData,REVIEW_REQUIRED,mempunyai aksi khusus existing,ais\database\model\Kelas.java
ais.database.model.KelasPertemuan,KelasPertemuan,Kelas Pertemuan,ais.database.model,root,ais.database.model.GeneralValueObject,False,True,public,kelas_pertemuan,False,,,ELIGIBLE_METADATA_FIRST,Kandidat CRUD metadata; tetap default disabled sampai verifikasi Hibernate/menu/scope,ais\database\model\KelasPertemuan.java
ais.database.model.KelasPmb,KelasPmb,Kelas Pmb,ais.database.model,root,ais.database.model.GeneralValueObject,False,True,public,kelas_pmb,False,ais\action\master\KelasPmbAction.java,onEvent,REVIEW_REQUIRED,mempunyai aksi khusus existing,ais\database\model\KelasPmb.java
ais.database.model.KelasPunyaMahasiswaTemporary,KelasPunyaMahasiswaTemporary,Kelas Punya Mahasiswa Temporary,ais.database.model,root,ais.database.model.GeneralValueObject,False,True,public,kelas_punya_mahasiswa,False,,,REVIEW_REQUIRED,nama mengindikasikan data transaksi/log/internal: Temporary,ais\database\model\KelasPunyaMahasiswaTemporary.java
ais.database.model.KelompokCalonMahasiswa,KelompokCalonMahasiswa,Kelompok Calon Mahasiswa,ais.database.model,root,ais.database.model.GeneralValueObject,False,True,public,kelompok_calon_mahasiswa,False,ais\action\master\KelompokCalonMahasiswaAction.java,onManajemenStatusAwalMahasiswa|onManajemenAfiliasi|onEvent,REVIEW_REQUIRED,mempunyai aksi khusus existing,ais\database\model\KelompokCalonMahasiswa.java
ais.database.model.KelompokJenisSeleksi,KelompokJenisSeleksi,Kelompok Jenis Seleksi,ais.database.model,root,ais.database.model.GeneralValueObject,False,True,public,kelompok_jenis_seleksi,False,ais\action\master\KelompokJenisSeleksiAction.java,onEvent,REVIEW_REQUIRED,mempunyai aksi khusus existing,ais\database\model\KelompokJenisSeleksi.java
ais.database.model.KelompokKegiatanKedosenan,KelompokKegiatanKedosenan,Kelompok Kegiatan Kedosenan,ais.database.model,root,ais.database.model.GeneralValueObject,False,True,public,kelompok_kegiatan_kedosenan,False,ais\action\master\KelompokKegiatanKedosenanAction.java,onKelompokAspek|onJabatanKegiatanKedosenan|onSkalaKegiatanKedosenan|onNilaiKegiatanKedosenan|onEvent,REVIEW_REQUIRED,mempunyai aksi khusus existing,ais\database\model\KelompokKegiatanKedosenan.java
ais.database.model.KelompokKegiatanKemahasiswaan,KelompokKegiatanKemahasiswaan,Kelompok Kegiatan Kemahasiswaan,ais.database.model,root,ais.database.model.GeneralValueObject,False,True,public,kelompok_kegiatan_kemahasiswaan,False,ais\action\master\KelompokKegiatanKemahasiswaanAction.java,onKelompokAspek|onJabatanKegiatanKemahasiswaan|onSkalaKegiatanKemahasiswaan|onNilaiKegiatanKemahasiswaan|onEvent,REVIEW_REQUIRED,mempunyai aksi khusus existing,ais\database\model\KelompokKegiatanKemahasiswaan.java
ais.database.model.KelompokMahasiswa,KelompokMahasiswa,Kelompok Mahasiswa,ais.database.model,root,ais.database.model.GeneralValueObject,False,True,public,kelompok_mahasiswa,False,ais\action\master\KelompokMahasiswaAction.java,onManajemenStatusAwalMahasiswa|onEvent,REVIEW_REQUIRED,mempunyai aksi khusus existing,ais\database\model\KelompokMahasiswa.java
ais.database.model.KelompokMatakuliah,KelompokMatakuliah,Kelompok Matakuliah,ais.database.model,root,ais.database.model.GeneralValueObject,False,True,public,kelompok_matakuliah,False,ais\action\master\KelompokMatakuliahAction.java,onEvent,REVIEW_REQUIRED,mempunyai aksi khusus existing,ais\database\model\KelompokMatakuliah.java
ais.database.model.KelompokMatakuliahPunyaMatakuliah,KelompokMatakuliahPunyaMatakuliah,Kelompok Matakuliah Punya Matakuliah,ais.database.model,root,ais.database.model.GeneralValueObject,False,True,public,kelompok_matakuliah_punya_matakuliah,False,,,ELIGIBLE_METADATA_FIRST,Kandidat CRUD metadata; tetap default disabled sampai verifikasi Hibernate/menu/scope,ais\database\model\KelompokMatakuliahPunyaMatakuliah.java
ais.database.model.KelompokParameterTambahanAlumni,KelompokParameterTambahanAlumni,Kelompok Parameter Tambahan Alumni,ais.database.model,root,ais.database.model.GeneralValueObject,False,True,public,kelompok_parameter_tambahan_alumni,False,ais\action\master\KelompokParameterTambahanAlumniAction.java,onEvent,REVIEW_REQUIRED,mempunyai aksi khusus existing,ais\database\model\KelompokParameterTambahanAlumni.java
ais.database.model.KelompokParameterTambahanCalonMahasiswa,KelompokParameterTambahanCalonMahasiswa,Kelompok Parameter Tambahan Calon Mahasiswa,ais.database.model,root,ais.database.model.GeneralValueObject,False,True,public,kelompok_parameter_tambahan_calon_mahasiswa,False,ais\action\master\KelompokParameterTambahanCalonMahasiswaAction.java,onEvent,REVIEW_REQUIRED,mempunyai aksi khusus existing,ais\database\model\KelompokParameterTambahanCalonMahasiswa.java
ais.database.model.KelompokParameterTambahanCatatanAdministrasi,KelompokParameterTambahanCatatanAdministrasi,Kelompok Parameter Tambahan Catatan Administrasi,ais.database.model,root,ais.database.model.GeneralValueObject,False,True,public,kelompok_parameter_tambahan_catatan_administrasi,False,ais\action\master\KelompokParameterTambahanCatatanAdministrasiAction.java,onEvent,REVIEW_REQUIRED,mempunyai aksi khusus existing,ais\database\model\KelompokParameterTambahanCatatanAdministrasi.java
ais.database.model.KelompokParameterTambahanCatatanMahasiswa,KelompokParameterTambahanCatatanMahasiswa,Kelompok Parameter Tambahan Catatan Mahasiswa,ais.database.model,root,ais.database.model.GeneralValueObject,False,True,public,kelompok_parameter_tambahan_catatan_mahasiswa,False,ais\action\master\KelompokParameterTambahanCatatanMahasiswaAction.java,onEvent,REVIEW_REQUIRED,mempunyai aksi khusus existing,ais\database\model\KelompokParameterTambahanCatatanMahasiswa.java
ais.database.model.KelompokParameterTambahanCatatanPegawai,KelompokParameterTambahanCatatanPegawai,Kelompok Parameter Tambahan Catatan Pegawai,ais.database.model,root,ais.database.model.GeneralValueObject,False,True,public,kelompok_parameter_tambahan_catatan_pegawai,False,ais\action\master\KelompokParameterTambahanCatatanPegawaiAction.java,onEvent,REVIEW_REQUIRED,mempunyai aksi khusus existing,ais\database\model\KelompokParameterTambahanCatatanPegawai.java
ais.database.model.KelompokParameterTambahanMahasiswa,KelompokParameterTambahanMahasiswa,Kelompok Parameter Tambahan Mahasiswa,ais.database.model,root,ais.database.model.GeneralValueObject,False,True,public,kelompok_parameter_tambahan_mahasiswa,False,ais\action\master\KelompokParameterTambahanMahasiswaAction.java,onEvent,REVIEW_REQUIRED,mempunyai aksi khusus existing,ais\database\model\KelompokParameterTambahanMahasiswa.java
ais.database.model.KelompokParameterTambahanPengaduan,KelompokParameterTambahanPengaduan,Kelompok Parameter Tambahan Pengaduan,ais.database.model,root,ais.database.model.GeneralValueObject,False,True,public,kelompok_parameter_tambahan_pengaduan,False,ais\action\master\KelompokParameterTambahanPengaduanAction.java,onEvent,REVIEW_REQUIRED,mempunyai aksi khusus existing,ais\database\model\KelompokParameterTambahanPengaduan.java
ais.database.model.KelompokParameterTambahanPengajuan,KelompokParameterTambahanPengajuan,Kelompok Parameter Tambahan Pengajuan,ais.database.model,root,ais.database.model.GeneralValueObject,False,True,public,kelompok_parameter_tambahan_pengajuan,False,ais\action\master\KelompokParameterTambahanPengajuanAction.java,onEvent,REVIEW_REQUIRED,mempunyai aksi khusus existing,ais\database\model\KelompokParameterTambahanPengajuan.java
ais.database.model.KelompokParameterTambahanPengajuanPegawai,KelompokParameterTambahanPengajuanPegawai,Kelompok Parameter Tambahan Pengajuan Pegawai,ais.database.model,root,ais.database.model.GeneralValueObject,False,True,payroll,kelompok_parameter_tambahan_pengajuan_pegawai,False,ais\action\master\KelompokParameterTambahanPengajuanPegawaiAction.java,onEvent,REVIEW_REQUIRED,mempunyai aksi khusus existing,ais\database\model\KelompokParameterTambahanPengajuanPegawai.java
ais.database.model.KelompokParameterTambahanPertemuan,KelompokParameterTambahanPertemuan,Kelompok Parameter Tambahan Pertemuan,ais.database.model,root,ais.database.model.GeneralValueObject,False,True,public,kelompok_parameter_tambahan_pertemuan,False,ais\action\master\KelompokParameterTambahanPertemuanAction.java,onEvent,REVIEW_REQUIRED,mempunyai aksi khusus existing,ais\database\model\KelompokParameterTambahanPertemuan.java
ais.database.model.KelompokStatusKeluarMahasiswa,KelompokStatusKeluarMahasiswa,Kelompok Status Keluar Mahasiswa,ais.database.model,root,ais.database.model.GeneralValueObject,False,True,public,kelompok_status_keluar_mahasiswa,False,ais\action\master\KelompokStatusKeluarMahasiswaAction.java,onEvent,REVIEW_REQUIRED,mempunyai aksi khusus existing,ais\database\model\KelompokStatusKeluarMahasiswa.java
ais.database.model.KelompokStatusMahasiswa,KelompokStatusMahasiswa,Kelompok Status Mahasiswa,ais.database.model,root,ais.database.model.GeneralValueObject,False,True,public,kelompok_status_mahasiswa,False,ais\action\master\KelompokStatusMahasiswaAction.java,onManajemenStatusMahasiswa|onEvent,REVIEW_REQUIRED,mempunyai aksi khusus existing,ais\database\model\KelompokStatusMahasiswa.java
ais.database.model.KerjasamaAntarInstansi,KerjasamaAntarInstansi,Kerjasama Antar Instansi,ais.database.model,root,ais.database.model.GeneralValueObject,False,True,public,kerjasama_antar_instansi,False,ais\action\master\KerjasamaAntarInstansiAction.java,onJenisKerjasama|onEvent,REVIEW_REQUIRED,mempunyai aksi khusus existing,ais\database\model\KerjasamaAntarInstansi.java
ais.database.model.KewajibanBebanDosen,KewajibanBebanDosen,Kewajiban Beban Dosen,ais.database.model,root,ais.database.model.GeneralValueObject,False,True,public,kewajiban_beban_dosen,False,ais\action\master\bkd\KewajibanBebanDosenAction.java,onEvent,REVIEW_REQUIRED,mempunyai aksi khusus existing,ais\database\model\KewajibanBebanDosen.java
ais.database.model.Kkn,Kkn,Kkn,ais.database.model,root,ais.database.model.GeneralValueObject,False,True,public,kkn,False,ais\action\master\KknAction.java,onStatistik|onEvent,REVIEW_REQUIRED,mempunyai aksi khusus existing,ais\database\model\Kkn.java
ais.database.model.Komentar,Komentar,Komentar,ais.database.model,root,ais.database.model.GeneralValueObject,False,True,public,komentar,False,,,ELIGIBLE_METADATA_FIRST,Kandidat CRUD metadata; tetap default disabled sampai verifikasi Hibernate/menu/scope,ais\database\model\Komentar.java
ais.database.model.KomentarPerkuliahan,KomentarPerkuliahan,Komentar Perkuliahan,ais.database.model,root,ais.database.model.GeneralValueObject,False,True,public,komentar_perkuliahan,False,,,ELIGIBLE_METADATA_FIRST,Kandidat CRUD metadata; tetap default disabled sampai verifikasi Hibernate/menu/scope,ais\database\model\KomentarPerkuliahan.java
ais.database.model.KomponenPenilaianProposalSkripsi,KomponenPenilaianProposalSkripsi,Komponen Penilaian Proposal Skripsi,ais.database.model,root,ais.database.model.GeneralValueObject,False,True,public,komponen_penilaian_proposal_skripsi,False,ais\action\master\KomponenPenilaianProposalSkripsiAction.java,onEvent,REVIEW_REQUIRED,mempunyai aksi khusus existing,ais\database\model\KomponenPenilaianProposalSkripsi.java
ais.database.model.KomponenPenilaianSkripsi,KomponenPenilaianSkripsi,Komponen Penilaian Skripsi,ais.database.model,root,ais.database.model.GeneralValueObject,False,True,public,komponen_penilaian_skripsi,False,ais\action\master\KomponenPenilaianSkripsiAction.java,onEvent,REVIEW_REQUIRED,mempunyai aksi khusus existing,ais\database\model\KomponenPenilaianSkripsi.java
ais.database.model.Konfigurasi,Konfigurasi,Konfigurasi,ais.database.model,root,ais.database.model.GeneralValueObject,False,True,public,konfigurasi,False,ais\action\master\KonfigurasiAction.java,onEvent,REVIEW_REQUIRED,mempunyai aksi khusus existing,ais\database\model\Konfigurasi.java
ais.database.model.KonfigurasiKalenderAkademik,KonfigurasiKalenderAkademik,Konfigurasi Kalender Akademik,ais.database.model,root,ais.database.model.GeneralValueObject,False,True,public,konfigurasi_kalender_akademik,False,,,ELIGIBLE_METADATA_FIRST,Kandidat CRUD metadata; tetap default disabled sampai verifikasi Hibernate/menu/scope,ais\database\model\KonfigurasiKalenderAkademik.java
ais.database.model.KonfigurasiPoinKegiatan,KonfigurasiPoinKegiatan,Konfigurasi Poin Kegiatan,ais.database.model,root,ais.database.model.GeneralValueObject,False,True,public,konfigurasi_poin_kegiatan,False,ais\action\master\koperasi\KonfigurasiPoinKegiatanAction.java,onEvent,REVIEW_REQUIRED,mempunyai aksi khusus existing,ais\database\model\KonfigurasiPoinKegiatan.java
ais.database.model.Konsentrasi,Konsentrasi,Konsentrasi,ais.database.model,root,ais.database.model.GeneralValueObject,False,True,public,konsentrasi,False,ais\action\master\KonsentrasiAction.java,onEvent,REVIEW_REQUIRED,mempunyai aksi khusus existing,ais\database\model\Konsentrasi.java
ais.database.model.Konstanta,Konstanta,Konstanta,ais.database.model,root,ais.database.model.GeneralValueObject,False,True,public,konstanta,False,ais\action\master\KonstantaAction.java,onEvent,REVIEW_REQUIRED,mempunyai aksi khusus existing,ais\database\model\Konstanta.java
ais.database.model.Konversi,Konversi,Konversi,ais.database.model,root,ais.database.model.GeneralValueObject,False,True,public,konversi_temp,False,,,ELIGIBLE_METADATA_FIRST,Kandidat CRUD metadata; tetap default disabled sampai verifikasi Hibernate/menu/scope,ais\database\model\Konversi.java
ais.database.model.Kota,Kota,Kota,ais.database.model,root,ais.database.model.GeneralValueObject,False,True,public,kota,False,ais\action\master\KotaAction.java,onEvent|onAddExternal,REVIEW_REQUIRED,mempunyai aksi khusus existing,ais\database\model\Kota.java
ais.database.model.KrsMahasiswa,KrsMahasiswa,Krs Mahasiswa,ais.database.model,root,ais.database.model.VOPembelajaran,False,True,public,krs_mahasiswa,False,ais\action\master\KrsMahasiswaAction.java,onEvent,REVIEW_REQUIRED,mempunyai aksi khusus existing,ais\database\model\KrsMahasiswa.java
ais.database.model.KunjunganTamu,KunjunganTamu,Kunjungan Tamu,ais.database.model,root,ais.database.model.GeneralValueObject,False,True,public,kunjungan_tamu,False,ais\action\master\KunjunganTamuAction.java,onEvent,REVIEW_REQUIRED,mempunyai aksi khusus existing,ais\database\model\KunjunganTamu.java
ais.database.model.Kurikulum,Kurikulum,Kurikulum,ais.database.model,root,ais.database.model.GeneralValueObject,False,True,public,kurikulum,False,ais\action\master\KurikulumAction.java,onPilihTabKurikulum|onKurikulum|onRps|onStatistik|onPikobe|onTampilKurikulum|onTampilKurikulumMahasiswa|onTampilRekapKurikulum|onRekapPertemuanPerkuliahan|onEvent|onSaveCopy,REVIEW_REQUIRED,mempunyai aksi khusus existing,ais\database\model\Kurikulum.java
ais.database.model.KurikulumPunyaMatakuliah,KurikulumPunyaMatakuliah,Kurikulum Punya Matakuliah,ais.database.model,root,ais.database.model.GeneralValueObject,False,True,public,kurikulum_punya_matakuliah,False,,,ELIGIBLE_METADATA_FIRST,Kandidat CRUD metadata; tetap default disabled sampai verifikasi Hibernate/menu/scope,ais\database\model\KurikulumPunyaMatakuliah.java
ais.database.model.KurikulumPunyaMatakuliahDetail,KurikulumPunyaMatakuliahDetail,Kurikulum Punya Matakuliah Detail,ais.database.model,root,ais.database.model.GeneralValueObject,False,True,public,kurikulum_punya_matakuliah_detail,False,,,ELIGIBLE_METADATA_FIRST,Kandidat CRUD metadata; tetap default disabled sampai verifikasi Hibernate/menu/scope,ais\database\model\KurikulumPunyaMatakuliahDetail.java
ais.database.model.KurikulumPunyaMatakuliahPunyaItem,KurikulumPunyaMatakuliahPunyaItem,Kurikulum Punya Matakuliah Punya Item,ais.database.model,root,ais.database.model.GeneralValueObject,False,True,public,kurikulum_punya_matakuliah_punya_item,False,,,ELIGIBLE_METADATA_FIRST,Kandidat CRUD metadata; tetap default disabled sampai verifikasi Hibernate/menu/scope,ais\database\model\KurikulumPunyaMatakuliahPunyaItem.java
ais.database.model.LabelBahasa,LabelBahasa,Label Bahasa,ais.database.model,root,ais.database.model.GeneralValueObject,False,True,public,label_bahasa,False,ais\action\master\LabelBahasaAction.java,onEvent|onHapusTakBermakna|onTerjemahkanOtomatis|onTerjemahkanUlangAiSaja|onTerjemahkanUlang,REVIEW_REQUIRED,mempunyai aksi khusus existing,ais\database\model\LabelBahasa.java
ais.database.model.LembagaPengangkat,LembagaPengangkat,Lembaga Pengangkat,ais.database.model,root,ais.database.model.GeneralValueObject,False,True,public,lembaga_pengangkat,False,ais\action\master\LembagaPengangkatAction.java,onEvent,REVIEW_REQUIRED,mempunyai aksi khusus existing,ais\database\model\LembagaPengangkat.java
ais.database.model.LevelOrganisasiDosen,LevelOrganisasiDosen,Level Organisasi Dosen,ais.database.model,root,ais.database.model.GeneralValueObject,False,True,public,level_organisasi_dosen,False,ais\action\master\LevelOrganisasiDosenAction.java,onEvent,REVIEW_REQUIRED,mempunyai aksi khusus existing,ais\database\model\LevelOrganisasiDosen.java
ais.database.model.LogHostToHost,LogHostToHost,Log Host To Host,ais.database.model,root,ais.database.model.GeneralValueObject,False,True,public,log_host_to_host,False,ais\action\master\LogHostToHostAction.java,onEvent|onVa|onFinpay|onIpaymu|onFaspay|onJatelindo|onCimb|onBni|onBsi|onBri|onCicilanGagal|onRekonsiliasi,REVIEW_REQUIRED,nama mengindikasikan data transaksi/log/internal: Log; mempunyai aksi khusus existing,ais\database\model\LogHostToHost.java
ais.database.model.LogLogin,LogLogin,Log Login,ais.database.model,root,ais.database.model.GeneralValueObject,False,True,public,log_login,False,ais\action\master\LogLoginAction.java,onRevisi|onLogMenuRinci|onMobile|onEvent|onLogNotifikasi|onKesalahanSistem|onPerformaSistem|onCatatanUpload|onPemakaianMemori|onPemakaianFlagCache|onBlacklist|onDspace|onKunjunganPenggunaAndroid|onStatistikKunjunganPengguna|onLogAktifitasPengguna|onLogMenuPengguna|onRekapKunjunganPengguna|onCetakLaporanKunjungan|onEksporExcelKunjungan|onProsesEksporXlsxKunjungan,REVIEW_REQUIRED,nama mengindikasikan data transaksi/log/internal: Log; mempunyai aksi khusus existing,ais\database\model\LogLogin.java
ais.database.model.LogMobile,LogMobile,Log Mobile,ais.database.model,root,ais.database.model.GeneralValueObject,False,True,public,log_mobile,False,ais\action\master\LogMobileAction.java,onEvent,REVIEW_REQUIRED,nama mengindikasikan data transaksi/log/internal: Log; mempunyai aksi khusus existing,ais\database\model\LogMobile.java
ais.database.model.LogPembayaran,LogPembayaran,Log Pembayaran,ais.database.model,root,ais.database.model.GeneralValueObject,False,True,public,log_pembayaran,False,ais\action\master\LogPembayaranAction.java,onEvent,REVIEW_REQUIRED,nama mengindikasikan data transaksi/log/internal: Log; mempunyai aksi khusus existing,ais\database\model\LogPembayaran.java
ais.database.model.LogUserActifity,LogUserActifity,Log User Actifity,ais.database.model,root,ais.database.model.GeneralValueObject,False,True,public,log_user_actifity,False,,,REVIEW_REQUIRED,nama mengindikasikan data transaksi/log/internal: Log,ais\database\model\LogUserActifity.java
ais.database.model.Mahasiswa,Mahasiswa,Mahasiswa,ais.database.model,root,ais.database.model.VOMahasiswa,False,True,public,mahasiswa,True,ais\action\master\MahasiswaAction.java|ais\action\master\alumni\MahasiswaAction.java,onStatistik|onDownloadLampiran|onEvent|onDownloadFoto|onDownloadFotoMassal|onUploadFotoMassal|onUploadPassword|onUploadUKT|onUploadStatus|onDownloadPassword|onUploadRfid|onDownloadRfid|onSynchronizeStatus|onSuratMahasiswa|onAlbumMahasiswa|onRekapJumlahMahasiswa|onDataMahasiswa|onTampilKHS|onTampilTranskripAkademik|onTampilPrestasi|onKartuMahasiswa|onKegiatanKemahasiswaan|onKegiatanMahasiswa|onOperatorSeluler|onAlatTransport|onJenisTinggal|onPekerjaanOrtu|onPenghasilanOrtu|onPendidikanOrtu|onFormTambahan|onPerkuliahanMahasiswa|onManajemenKelas|onManajemenKelompok|onManajemenKelompokStatus|onManajemenProgram|onManajemenKelompokStatusKeluar|onManajemenAsrama|onManajemenDosenPA|onImport|onAddExternal|onBukaPencarianLanjut|onTutupPencarianLanjut|onTerapkanPencarianLanjut|onDashboardAlumni|onGaleriFoto|onParameterAlumni|onRekapJumlahAlumni|onGrafikJumlahAlumni,REVIEW_REQUIRED,membutuhkan adapter foto; mempunyai aksi khusus existing,ais\database\model\Mahasiswa.java
ais.database.model.MahasiswaDapatBeasiswa,MahasiswaDapatBeasiswa,Mahasiswa Dapat Beasiswa,ais.database.model,root,ais.database.model.GeneralValueObject,False,True,public,mahasiswa_dapat_beasiswa,False,,,ELIGIBLE_METADATA_FIRST,Kandidat CRUD metadata; tetap default disabled sampai verifikasi Hibernate/menu/scope,ais\database\model\MahasiswaDapatBeasiswa.java
ais.database.model.MahasiswaDapatKelompokKkn,MahasiswaDapatKelompokKkn,Mahasiswa Dapat Kelompok Kkn,ais.database.model,root,ais.database.model.GeneralValueObject,False,True,public,mahasiswa_dapat_kelompok_kelompok_kkn,False,,,ELIGIBLE_METADATA_FIRST,Kandidat CRUD metadata; tetap default disabled sampai verifikasi Hibernate/menu/scope,ais\database\model\MahasiswaDapatKelompokKkn.java
ais.database.model.MahasiswaDapatKelompokPkl,MahasiswaDapatKelompokPkl,Mahasiswa Dapat Kelompok Pkl,ais.database.model,root,ais.database.model.GeneralValueObject,False,True,public,mahasiswa_dapat_kelompok_kelompok_pkl,False,,,ELIGIBLE_METADATA_FIRST,Kandidat CRUD metadata; tetap default disabled sampai verifikasi Hibernate/menu/scope,ais\database\model\MahasiswaDapatKelompokPkl.java
ais.database.model.MahasiswaDapatKkn,MahasiswaDapatKkn,Mahasiswa Dapat Kkn,ais.database.model,root,ais.database.model.GeneralValueObject,False,True,public,mahasiswa_dapat_kkn,False,,,ELIGIBLE_METADATA_FIRST,Kandidat CRUD metadata; tetap default disabled sampai verifikasi Hibernate/menu/scope,ais\database\model\MahasiswaDapatKkn.java
ais.database.model.MahasiswaDapatPkl,MahasiswaDapatPkl,Mahasiswa Dapat Pkl,ais.database.model,root,ais.database.model.GeneralValueObject,False,True,public,mahasiswa_dapat_pkl,False,,,ELIGIBLE_METADATA_FIRST,Kandidat CRUD metadata; tetap default disabled sampai verifikasi Hibernate/menu/scope,ais\database\model\MahasiswaDapatPkl.java
ais.database.model.MahasiswaDapatStatusKerjasamaMahasiswa,MahasiswaDapatStatusKerjasamaMahasiswa,Mahasiswa Dapat Status Kerjasama Mahasiswa,ais.database.model,root,ais.database.model.GeneralValueObject,False,True,public,mahasiswa_dapat_status_kerjasama_mahasiswa,False,,,ELIGIBLE_METADATA_FIRST,Kandidat CRUD metadata; tetap default disabled sampai verifikasi Hibernate/menu/scope,ais\database\model\MahasiswaDapatStatusKerjasamaMahasiswa.java
ais.database.model.MahasiswaJadiAsisten,MahasiswaJadiAsisten,Mahasiswa Jadi Asisten,ais.database.model,root,ais.database.model.GeneralValueObject,False,True,public,mahasiswa_jadi_asisten,False,,,ELIGIBLE_METADATA_FIRST,Kandidat CRUD metadata; tetap default disabled sampai verifikasi Hibernate/menu/scope,ais\database\model\MahasiswaJadiAsisten.java
ais.database.model.MahasiswaRequestTugasAkhir,MahasiswaRequestTugasAkhir,Mahasiswa Request Tugas Akhir,ais.database.model,root,ais.database.model.VOPembelajaran,False,True,public,mahasiswa_request_tugas_akhir,False,ais\action\master\MahasiswaRequestTugasAkhirAction.java,onEvent|onJadwal|onTampilSeminar|onTampilSeminar1|onFormatNilai|onTahapan|onKomponenPenilaian|onDownloadLampiran|onAddExternal,REVIEW_REQUIRED,nama mengindikasikan data transaksi/log/internal: Request; mempunyai aksi khusus existing,ais\database\model\MahasiswaRequestTugasAkhir.java
ais.database.model.MahasiswaRequestTugasAkhirMintaPembimbing,MahasiswaRequestTugasAkhirMintaPembimbing,Mahasiswa Request Tugas Akhir Minta Pembimbing,ais.database.model,root,ais.database.model.GeneralValueObject,False,True,public,mahasiswa_request_tugas_akhir_minta_pembimbing,False,ais\action\master\MahasiswaRequestTugasAkhirMintaPembimbingAction.java,onEvent,REVIEW_REQUIRED,nama mengindikasikan data transaksi/log/internal: Request; mempunyai aksi khusus existing,ais\database\model\MahasiswaRequestTugasAkhirMintaPembimbing.java
ais.database.model.MasaPerkuliahan,MasaPerkuliahan,Masa Perkuliahan,ais.database.model,root,ais.database.model.GeneralValueObject,False,True,public,masa_perkuliahan,False,ais\action\master\MasaPerkuliahanAction.java,onEvent|onAddExternal,REVIEW_REQUIRED,mempunyai aksi khusus existing,ais\database\model\MasaPerkuliahan.java
ais.database.model.Matakuliah,Matakuliah,Matakuliah,ais.database.model,root,ais.database.model.GeneralValueObject,False,True,public,matakuliah,False,ais\action\master\MatakuliahAction.java,onCapaian|onEvent|onBahanKajian|onKurikulum|onJenisMkKurikulum|onCapaianLulusanKurikulum|onUploadDBF|onManajemenKelompokMatakuliah|onPrasyarat|onEkivalen|onLaporanRekapitulasiMahasiswaYangMengambilMatakuliah|onLaporanRekapitulasiMahasiswaYangTidakMengambilMatakuliah,REVIEW_REQUIRED,mempunyai aksi khusus existing,ais\database\model\Matakuliah.java
ais.database.model.MatakuliahAwalKonversi,MatakuliahAwalKonversi,Matakuliah Awal Konversi,ais.database.model,root,ais.database.model.GeneralValueObject,False,True,public,matakuliah_awal_konversi,False,,,ELIGIBLE_METADATA_FIRST,Kandidat CRUD metadata; tetap default disabled sampai verifikasi Hibernate/menu/scope,ais\database\model\MatakuliahAwalKonversi.java
ais.database.model.MatakuliahBerbayar,MatakuliahBerbayar,Matakuliah Berbayar,ais.database.model,root,ais.database.model.GeneralValueObject,False,True,public,matakuliah_berbayar,False,ais\action\master\MatakuliahBerbayarAction.java,onEvent,REVIEW_REQUIRED,mempunyai aksi khusus existing,ais\database\model\MatakuliahBerbayar.java
ais.database.model.MatakuliahEkivalen,MatakuliahEkivalen,Matakuliah Ekivalen,ais.database.model,root,ais.database.model.GeneralValueObject,False,True,public,matakuliah_ekivalen,False,ais\action\master\MatakuliahEkivalenAction.java,onEvent,REVIEW_REQUIRED,mempunyai aksi khusus existing,ais\database\model\MatakuliahEkivalen.java
ais.database.model.MatakuliahPrasyarat,MatakuliahPrasyarat,Matakuliah Prasyarat,ais.database.model,root,ais.database.model.GeneralValueObject,False,True,public,matakuliah_prasyarat,False,ais\action\master\MatakuliahPrasyaratAction.java,onEvent,REVIEW_REQUIRED,mempunyai aksi khusus existing,ais\database\model\MatakuliahPrasyarat.java
ais.database.model.MatakuliahPunyaBukuBahanAjar,MatakuliahPunyaBukuBahanAjar,Matakuliah Punya Buku Bahan Ajar,ais.database.model,root,ais.database.model.GeneralValueObject,False,True,public,matakuliah_punya_buku_bahan_ajar,False,,,ELIGIBLE_METADATA_FIRST,Kandidat CRUD metadata; tetap default disabled sampai verifikasi Hibernate/menu/scope,ais\database\model\MatakuliahPunyaBukuBahanAjar.java
ais.database.model.MatapelajaranSekolah,MatapelajaranSekolah,Matapelajaran Sekolah,ais.database.model,root,ais.database.model.GeneralValueObject,False,True,public,matapelajaran_sekolah,False,ais\action\master\MatapelajaranSekolahAction.java,onEvent,REVIEW_REQUIRED,mempunyai aksi khusus existing,ais\database\model\MatapelajaranSekolah.java
ais.database.model.MemoryInfo,MemoryInfo,Memory Info,ais.database.model,root,ais.database.model.GeneralValueObject,False,True,public,memory_info,False,ais\action\master\MemoryInfoAction.java,onEvent,REVIEW_REQUIRED,mempunyai aksi khusus existing,ais\database\model\MemoryInfo.java
ais.database.model.MengajarDiPerguruanTinggiLain,MengajarDiPerguruanTinggiLain,Mengajar Di Perguruan Tinggi Lain,ais.database.model,root,ais.database.model.GeneralValueObject,False,True,public,mengajar_di_perguruan_tinggi_lain,False,ais\action\master\MengajarDiPerguruanTinggiLainAction.java,onEvent|onAddExternal,REVIEW_REQUIRED,mempunyai aksi khusus existing,ais\database\model\MengajarDiPerguruanTinggiLain.java
ais.database.model.Menu,Menu,Menu,ais.database.model,root,ais.database.model.GeneralValueObject,False,True,public,menu,False,ais\action\maintenance\MenuAction.java|ais\action\master\MenuAction.java,onMenu|onEvent|onReloadTree,REVIEW_REQUIRED,mempunyai aksi khusus existing,ais\database\model\Menu.java
ais.database.model.MenuMobile,MenuMobile,Menu Mobile,ais.database.model,root,ais.database.model.GeneralValueObject,False,True,public,menu_mobile,False,,,ELIGIBLE_METADATA_FIRST,Kandidat CRUD metadata; tetap default disabled sampai verifikasi Hibernate/menu/scope,ais\database\model\MenuMobile.java
ais.database.model.Message,Message,Message,ais.database.model,root,ais.database.model.GeneralValueObject,False,True,public,message,False,ais\action\master\message\MessageAction.java,onEvent,REVIEW_REQUIRED,mempunyai aksi khusus existing,ais\database\model\Message.java
ais.database.model.MetaReport,MetaReport,Meta Report,ais.database.model,root,ais.database.model.GeneralValueObject,False,True,public,meta_report,False,,,REVIEW_REQUIRED,nama mengindikasikan data transaksi/log/internal: Report,ais\database\model\MetaReport.java
ais.database.model.NamaSekolahAsal,NamaSekolahAsal,Nama Sekolah Asal,ais.database.model,root,ais.database.model.GeneralValueObject,False,True,public,nama_sekolah_asal,False,ais\action\master\NamaSekolahAsalAction.java,onEvent|onAddExternal,REVIEW_REQUIRED,mempunyai aksi khusus existing,ais\database\model\NamaSekolahAsal.java
ais.database.model.NamaTugasKelompok,NamaTugasKelompok,Nama Tugas Kelompok,ais.database.model,root,ais.database.model.GeneralValueObject,False,True,public,nama_tugas_kelompok,False,,,ELIGIBLE_METADATA_FIRST,Kandidat CRUD metadata; tetap default disabled sampai verifikasi Hibernate/menu/scope,ais\database\model\NamaTugasKelompok.java
ais.database.model.NamaTugasKelompokPunyaMahasiswa,NamaTugasKelompokPunyaMahasiswa,Nama Tugas Kelompok Punya Mahasiswa,ais.database.model,root,ais.database.model.GeneralValueObject,False,True,public,nama_tugas_kelompok_punya_mahasiswa,False,,,ELIGIBLE_METADATA_FIRST,Kandidat CRUD metadata; tetap default disabled sampai verifikasi Hibernate/menu/scope,ais\database\model\NamaTugasKelompokPunyaMahasiswa.java
ais.database.model.Negara,Negara,Negara,ais.database.model,root,ais.database.model.GeneralValueObject,False,True,public,negara,False,ais\action\master\NegaraAction.java,onEvent|onAddExternal,REVIEW_REQUIRED,mempunyai aksi khusus existing,ais\database\model\Negara.java
ais.database.model.NeoFeederSync,NeoFeederSync,Neo Feeder Sync,ais.database.model,root,ais.database.model.GeneralValueObject,False,True,public,neo_feeder_sync,False,,,ELIGIBLE_METADATA_FIRST,Kandidat CRUD metadata; tetap default disabled sampai verifikasi Hibernate/menu/scope,ais\database\model\NeoFeederSync.java
ais.database.model.NilaiHuruf,NilaiHuruf,Nilai Huruf,ais.database.model,root,ais.database.model.GeneralValueObject,False,True,public,nilai_huruf,False,ais\action\master\NilaiHurufAction.java,onEvent|onSyncronisasiNilai|onSyncronisasiHanyaYangBelumDapatNilai,REVIEW_REQUIRED,mempunyai aksi khusus existing,ais\database\model\NilaiHuruf.java
ais.database.model.NilaiHurufExport,NilaiHurufExport,Nilai Huruf Export,ais.database.model,root,ais.database.model.GeneralValueObject,False,True,public,nilai_huruf_export,False,,,ELIGIBLE_METADATA_FIRST,Kandidat CRUD metadata; tetap default disabled sampai verifikasi Hibernate/menu/scope,ais\database\model\NilaiHurufExport.java
ais.database.model.NilaiKegiatanKemahasiswaan,NilaiKegiatanKemahasiswaan,Nilai Kegiatan Kemahasiswaan,ais.database.model,root,ais.database.model.GeneralValueObject,False,True,public,nilai_kegiatan_kemahasiswaan,False,ais\action\master\NilaiKegiatanKemahasiswaanAction.java,onEvent,REVIEW_REQUIRED,mempunyai aksi khusus existing,ais\database\model\NilaiKegiatanKemahasiswaan.java
ais.database.model.NilaiTemporary,NilaiTemporary,Nilai Temporary,ais.database.model,root,ais.database.model.GeneralValueObject,False,True,public,nilai,False,,,REVIEW_REQUIRED,nama mengindikasikan data transaksi/log/internal: Temporary,ais\database\model\NilaiTemporary.java
ais.database.model.NilaiToeflToaflMahasiswa,NilaiToeflToaflMahasiswa,Nilai Toefl Toafl Mahasiswa,ais.database.model,root,ais.database.model.GeneralValueObject,False,True,public,nilai_toefl_toafl_mahasiswa,False,ais\action\master\NilaiToeflToaflMahasiswaAction.java,onJenis|onLaporanToefl|onLaporanToeflMahasiswa|onEvent,REVIEW_REQUIRED,mempunyai aksi khusus existing,ais\database\model\NilaiToeflToaflMahasiswa.java
ais.database.model.Notifikasi,Notifikasi,Notifikasi,ais.database.model,root,ais.database.model.GeneralValueObject,False,True,public,notifikasi,False,ais\action\master\NotifikasiAction.java,onWa|onTanyaJawab|onEvent,REVIEW_REQUIRED,mempunyai aksi khusus existing,ais\database\model\Notifikasi.java
ais.database.model.NotifikasiDibaca,NotifikasiDibaca,Notifikasi Dibaca,ais.database.model,root,ais.database.model.GeneralValueObject,False,True,public,notifikasi_dibaca,False,,,ELIGIBLE_METADATA_FIRST,Kandidat CRUD metadata; tetap default disabled sampai verifikasi Hibernate/menu/scope,ais\database\model\NotifikasiDibaca.java
ais.database.model.NotifikasiWa,NotifikasiWa,Notifikasi Wa,ais.database.model,root,ais.database.model.GeneralValueObject,False,True,public,notifikasi_wa,False,ais\action\master\NotifikasiWaAction.java,onEvent,REVIEW_REQUIRED,mempunyai aksi khusus existing,ais\database\model\NotifikasiWa.java
ais.database.model.OnlineUsers,OnlineUsers,Online Users,ais.database.model,root,ais.database.model.GeneralValueObject,False,True,public,online_users,False,ais\action\master\OnlineUsersAction.java,onEvent,REVIEW_REQUIRED,mempunyai aksi khusus existing,ais\database\model\OnlineUsers.java
ais.database.model.OperatorSeluler,OperatorSeluler,Operator Seluler,ais.database.model,root,ais.database.model.GeneralValueObject,False,True,public,operator_seluler,False,ais\action\master\OperatorSelulerAction.java,onEvent,REVIEW_REQUIRED,mempunyai aksi khusus existing,ais\database\model\OperatorSeluler.java
ais.database.model.OrangTua,OrangTua,Orang Tua,ais.database.model,root,ais.database.model.GeneralValueObject,False,True,public,orang_tua,False,ais\action\master\OrangTuaAction.java,onEvent,REVIEW_REQUIRED,mempunyai aksi khusus existing,ais\database\model\OrangTua.java
ais.database.model.OrganisasiDosen,OrganisasiDosen,Organisasi Dosen,ais.database.model,root,ais.database.model.GeneralValueObject,False,True,public,organisasi_dosen,False,ais\action\master\OrganisasiDosenAction.java,onJabatanOrganisasiDosen|onLevelOrganisasiDosen|onUploadData|onEvent,REVIEW_REQUIRED,mempunyai aksi khusus existing,ais\database\model\OrganisasiDosen.java
ais.database.model.OrganisasiDosenPunyaDosen,OrganisasiDosenPunyaDosen,Organisasi Dosen Punya Dosen,ais.database.model,root,ais.database.model.GeneralValueObject,False,True,public,organisasi_dosen_punya_dosen,False,,,ELIGIBLE_METADATA_FIRST,Kandidat CRUD metadata; tetap default disabled sampai verifikasi Hibernate/menu/scope,ais\database\model\OrganisasiDosenPunyaDosen.java
ais.database.model.OrganisasiIntraKampus,OrganisasiIntraKampus,Organisasi Intra Kampus,ais.database.model,root,ais.database.model.GeneralValueObject,False,True,public,organisasi_intra_kampus,False,ais\action\master\OrganisasiIntraKampusAction.java,onJabatanOrganisasiMahasiswa|onUploadData|onEvent,REVIEW_REQUIRED,mempunyai aksi khusus existing,ais\database\model\OrganisasiIntraKampus.java
ais.database.model.OrganisasiIntraKampusPunyaMahasiswa,OrganisasiIntraKampusPunyaMahasiswa,Organisasi Intra Kampus Punya Mahasiswa,ais.database.model,root,ais.database.model.GeneralValueObject,False,True,public,organisasi_intra_kampus_punya_mahasiswa,False,,,ELIGIBLE_METADATA_FIRST,Kandidat CRUD metadata; tetap default disabled sampai verifikasi Hibernate/menu/scope,ais\database\model\OrganisasiIntraKampusPunyaMahasiswa.java
ais.database.model.Paket,Paket,Paket,ais.database.model,root,ais.database.model.GeneralValueObject,False,True,public,paket,False,ais\action\master\PaketAction.java|ais\action\master\pmb\PaketAction.java,onEvent|onPendidikanOrtu|onTampilkanParameter|onMatapelajaranSekolah|onParameterVerifikasi|onKartuIdentitas|onJenisSekolah|onJurusanSekolah|onNamaSekolah|onPekerjaanOrtu|onPendapatanOrtu,REVIEW_REQUIRED,mempunyai aksi khusus existing,ais\database\model\Paket.java
ais.database.model.PaketJurusanPmb,PaketJurusanPmb,Paket Jurusan Pmb,ais.database.model,root,ais.database.model.GeneralValueObject,False,True,,paket_has_jurusan,False,,,ELIGIBLE_METADATA_FIRST,Kandidat CRUD metadata; tetap default disabled sampai verifikasi Hibernate/menu/scope,ais\database\model\PaketJurusanPmb.java
ais.database.model.PaketPerkuliahan,PaketPerkuliahan,Paket Perkuliahan,ais.database.model,root,ais.database.model.GeneralValueObject,False,True,public,paket_perkuliahan,False,ais\action\master\PaketPerkuliahanAction.java,onEvent,REVIEW_REQUIRED,mempunyai aksi khusus existing,ais\database\model\PaketPerkuliahan.java
ais.database.model.PaketPunyaGelombangPendaftaran,PaketPunyaGelombangPendaftaran,Paket Punya Gelombang Pendaftaran,ais.database.model,root,ais.database.model.GeneralValueObject,False,True,public,paket_punya_gelombang_pendaftaran,False,ais\action\master\pmb\PaketPunyaGelombangPendaftaranAction.java,onEvent,REVIEW_REQUIRED,mempunyai aksi khusus existing,ais\database\model\PaketPunyaGelombangPendaftaran.java
ais.database.model.PaketPunyaMatapelajaran,PaketPunyaMatapelajaran,Paket Punya Matapelajaran,ais.database.model,root,ais.database.model.GeneralValueObject,False,True,public,paket_punya_matapelajaran,False,ais\action\master\pmb\PaketPunyaMatapelajaranAction.java,onEvent,REVIEW_REQUIRED,mempunyai aksi khusus existing,ais\database\model\PaketPunyaMatapelajaran.java
ais.database.model.PaketPunyaParameterVerifikasiCalonMahasiswa,PaketPunyaParameterVerifikasiCalonMahasiswa,Paket Punya Parameter Verifikasi Calon Mahasiswa,ais.database.model,root,ais.database.model.GeneralValueObject,False,True,public,paket_punya_parameter_verifikasi_calon_mahasiswa,False,ais\action\master\pmb\PaketPunyaParameterVerifikasiCalonMahasiswaAction.java,onEvent,REVIEW_REQUIRED,mempunyai aksi khusus existing,ais\database\model\PaketPunyaParameterVerifikasiCalonMahasiswa.java
ais.database.model.PaketPunyaProgram,PaketPunyaProgram,Paket Punya Program,ais.database.model,root,ais.database.model.GeneralValueObject,False,True,public,paket_punya_program,False,ais\action\master\pmb\PaketPunyaProgramAction.java,onEvent,REVIEW_REQUIRED,mempunyai aksi khusus existing,ais\database\model\PaketPunyaProgram.java
ais.database.model.PaketRegistrasiMahasiswa,PaketRegistrasiMahasiswa,Paket Registrasi Mahasiswa,ais.database.model,root,ais.database.model.GeneralValueObject,False,True,public,paket_registrasi_mahasiswa,False,ais\action\master\pmb\PaketRegistrasiMahasiswaAction.java,onEvent,REVIEW_REQUIRED,mempunyai aksi khusus existing,ais\database\model\PaketRegistrasiMahasiswa.java
ais.database.model.ParameterTambahan,ParameterTambahan,Parameter Tambahan,ais.database.model,root,ais.database.model.ParameterTambahanAstract,False,True,public,parameter_tambahan,False,ais\action\master\ParameterTambahanAction.java,onManajemenGrup|onRefreshGrup|onEvent,REVIEW_REQUIRED,mempunyai aksi khusus existing,ais\database\model\ParameterTambahan.java
ais.database.model.ParameterTambahanAlumni,ParameterTambahanAlumni,Parameter Tambahan Alumni,ais.database.model,root,ais.database.model.GeneralValueObject,False,True,public,parameter_tambahan_alumni,False,ais\action\master\ParameterTambahanAlumniAction.java,onResetParameter|onEvent,REVIEW_REQUIRED,mempunyai aksi khusus existing,ais\database\model\ParameterTambahanAlumni.java
ais.database.model.ParameterTambahanAngketUmum,ParameterTambahanAngketUmum,Parameter Tambahan Angket Umum,ais.database.model,root,ais.database.model.GeneralValueObject,False,True,public,parameter_tambahan_angket_umum,False,ais\action\master\ParameterTambahanAngketUmumAction.java,onEvent|onResetParameter|onManajemenParameter,REVIEW_REQUIRED,mempunyai aksi khusus existing,ais\database\model\ParameterTambahanAngketUmum.java
ais.database.model.ParameterTambahanAstract,ParameterTambahanAstract,Parameter Tambahan Astract,ais.database.model,root,ais.database.model.GeneralValueObject,True,False,,,True,,,EXCLUDED_ABSTRACT,Class abstract,ais\database\model\ParameterTambahanAstract.java
ais.database.model.ParameterTambahanCatatanAdministrasi,ParameterTambahanCatatanAdministrasi,Parameter Tambahan Catatan Administrasi,ais.database.model,root,ais.database.model.GeneralValueObject,False,True,public,parameter_tambahan_catatan_siswa,False,ais\action\master\ParameterTambahanCatatanAdministrasiAction.java,onResetParameter|onManajemenKelompok|onManajemenParameter|onEvent,REVIEW_REQUIRED,mempunyai aksi khusus existing,ais\database\model\ParameterTambahanCatatanAdministrasi.java
ais.database.model.ParameterTambahanCatatanMahasiswa,ParameterTambahanCatatanMahasiswa,Parameter Tambahan Catatan Mahasiswa,ais.database.model,root,ais.database.model.GeneralValueObject,False,True,public,parameter_tambahan_catatan_mahasiswa,False,ais\action\master\ParameterTambahanCatatanMahasiswaAction.java,onResetParameter|onManajemenKelompok|onManajemenParameter|onEvent,REVIEW_REQUIRED,mempunyai aksi khusus existing,ais\database\model\ParameterTambahanCatatanMahasiswa.java
ais.database.model.ParameterTambahanCatatanPegawai,ParameterTambahanCatatanPegawai,Parameter Tambahan Catatan Pegawai,ais.database.model,root,ais.database.model.GeneralValueObject,False,True,public,parameter_tambahan_catatan_pegawai,False,ais\action\master\ParameterTambahanCatatanPegawaiAction.java,onResetParameter|onManajemenKelompok|onManajemenParameter|onEvent,REVIEW_REQUIRED,mempunyai aksi khusus existing,ais\database\model\ParameterTambahanCatatanPegawai.java
ais.database.model.ParameterTambahanMahasiswa,ParameterTambahanMahasiswa,Parameter Tambahan Mahasiswa,ais.database.model,root,ais.database.model.GeneralValueObject,False,True,public,parameter_tambahan_mahasiswa,False,ais\action\master\ParameterTambahanMahasiswaAction.java,onResetParameter|onKonfigurasiBiodataMahasiswa|onManajemenKelompok|onManajemenParameter|onManajemenKelompokAlumni|onAlumni|onEvent,REVIEW_REQUIRED,mempunyai aksi khusus existing,ais\database\model\ParameterTambahanMahasiswa.java
ais.database.model.ParameterTambahanPaket,ParameterTambahanPaket,Parameter Tambahan Paket,ais.database.model,root,ais.database.model.GeneralValueObject,False,True,public,parameter_tambahan_paket,False,ais\action\master\ParameterTambahanPaketAction.java,onResetParameter|onKonfigurasiCalonBiodataMahasiswa|onKonfigurasiLoginCalonMahasiswa|onManajemenKelompok|onManajemenParameter|onEvent,REVIEW_REQUIRED,mempunyai aksi khusus existing,ais\database\model\ParameterTambahanPaket.java
ais.database.model.ParameterTambahanPengaduan,ParameterTambahanPengaduan,Parameter Tambahan Pengaduan,ais.database.model,root,ais.database.model.GeneralValueObject,False,True,public,parameter_tambahan_pengaduan,False,ais\action\master\ParameterTambahanPengaduanAction.java,onResetParameter|onManajemenKelompok|onManajemenParameter|onEvent,REVIEW_REQUIRED,mempunyai aksi khusus existing,ais\database\model\ParameterTambahanPengaduan.java
ais.database.model.ParameterTambahanPengajuan,ParameterTambahanPengajuan,Parameter Tambahan Pengajuan,ais.database.model,root,ais.database.model.GeneralValueObject,False,True,public,parameter_tambahan_pengajuan,False,ais\action\master\ParameterTambahanPengajuanAction.java,onResetParameter|onManajemenKelompok|onManajemenParameter|onEvent,REVIEW_REQUIRED,mempunyai aksi khusus existing,ais\database\model\ParameterTambahanPengajuan.java
ais.database.model.ParameterTambahanPengajuanPegawai,ParameterTambahanPengajuanPegawai,Parameter Tambahan Pengajuan Pegawai,ais.database.model,root,ais.database.model.GeneralValueObject,False,True,public,parameter_tambahan_pengajuan_pegawai,False,ais\action\master\ParameterTambahanPengajuanPegawaiAction.java,onResetParameter|onManajemenKelompok|onManajemenParameter|onEvent,REVIEW_REQUIRED,mempunyai aksi khusus existing,ais\database\model\ParameterTambahanPengajuanPegawai.java
ais.database.model.ParameterTambahanPertemuan,ParameterTambahanPertemuan,Parameter Tambahan Pertemuan,ais.database.model,root,ais.database.model.GeneralValueObject,False,True,public,parameter_tambahan_pertemuan,False,ais\action\master\ParameterTambahanPertemuanAction.java,onResetParameter|onManajemenKelompok|onManajemenParameter|onEvent,REVIEW_REQUIRED,mempunyai aksi khusus existing,ais\database\model\ParameterTambahanPertemuan.java
ais.database.model.ParameterUmum,ParameterUmum,Parameter Umum,ais.database.model,root,ais.database.model.GeneralValueObject,False,True,public,parameter_umum,False,ais\action\master\ParameterUmumAction.java,onEvent,REVIEW_REQUIRED,mempunyai aksi khusus existing,ais\database\model\ParameterUmum.java
ais.database.model.ParameterVerifikasiCalonMahasiswa,ParameterVerifikasiCalonMahasiswa,Parameter Verifikasi Calon Mahasiswa,ais.database.model,root,ais.database.model.GeneralValueObject,False,True,public,parameter_verifikasi_calon_mahasiswa,False,ais\action\master\ParameterVerifikasiCalonMahasiswaAction.java,onEvent,REVIEW_REQUIRED,mempunyai aksi khusus existing,ais\database\model\ParameterVerifikasiCalonMahasiswa.java
ais.database.model.Pegawai,Pegawai,Pegawai,ais.database.model,root,ais.database.model.Karyawan,False,True,public,pegawai,True,ais\action\master\PegawaiAction.java|ais\action\master\bkd\PegawaiAction.java,onUploadRfid|onDownloadRfid|onEvent|onKartuPegawai|onSatuanKerja|onDownloadFoto|onDownloadFotoMassal|onUploadFotoMassal|onAddDosen|onAddGuru|onLoadData,REVIEW_REQUIRED,membutuhkan adapter foto; mempunyai aksi khusus existing,ais\database\model\Pegawai.java
ais.database.model.Pekerjaan,Pekerjaan,Pekerjaan,ais.database.model,root,ais.database.model.GeneralValueObject,False,True,public,pekerjaan,False,ais\action\master\PekerjaanAction.java,onEvent,REVIEW_REQUIRED,mempunyai aksi khusus existing,ais\database\model\Pekerjaan.java
ais.database.model.PekerjaanOrangTua,PekerjaanOrangTua,Pekerjaan Orang Tua,ais.database.model,root,ais.database.model.GeneralValueObject,False,True,public,pekerjaan_orang_tua,False,ais\action\master\PekerjaanOrangTuaAction.java,onEvent,REVIEW_REQUIRED,mempunyai aksi khusus existing,ais\database\model\PekerjaanOrangTua.java
ais.database.model.PelanggaranMahasiswa,PelanggaranMahasiswa,Pelanggaran Mahasiswa,ais.database.model,root,ais.database.model.GeneralValueObject,False,True,public,pelanggaran_mahasiswa,False,ais\action\master\PelanggaranMahasiswaAction.java,onEvent|onDasbor,REVIEW_REQUIRED,mempunyai aksi khusus existing,ais\database\model\PelanggaranMahasiswa.java
ais.database.model.PembagianKuotaPerkuliahanBerdasarkantahunAngkatan,PembagianKuotaPerkuliahanBerdasarkantahunAngkatan,Pembagian Kuota Perkuliahan Berdasarkantahun Angkatan,ais.database.model,root,ais.database.model.GeneralValueObject,False,True,public,pembagian_kuota_perkuliahan_berdasarkan_tahun_angkatan,False,ais\action\master\PembagianKuotaPerkuliahanBerdasarkantahunAngkatanAction.java,onEvent,REVIEW_REQUIRED,mempunyai aksi khusus existing,ais\database\model\PembagianKuotaPerkuliahanBerdasarkantahunAngkatan.java
ais.database.model.PembatasanNilaiIPKUntukPengambilanKRS,PembatasanNilaiIPKUntukPengambilanKRS,Pembatasan Nilai I P K Untuk Pengambilan K R S,ais.database.model,root,ais.database.model.GeneralValueObject,False,True,public,pembatasan_nilai_ipk_untuk_pengambilan_krs,False,ais\action\master\PembatasanNilaiIPKUntukPengambilanKRSAction.java,onEvent,REVIEW_REQUIRED,mempunyai aksi khusus existing,ais\database\model\PembatasanNilaiIPKUntukPengambilanKRS.java
ais.database.model.PembayaranMahasiswa,PembayaranMahasiswa,Pembayaran Mahasiswa,ais.database.model,root,ais.database.model.GeneralValueObject,False,True,public,kegiatan,False,ais\action\master\PembayaranMahasiswaAction.java,onEvent|onCariMahasiswa,REVIEW_REQUIRED,mempunyai aksi khusus existing,ais\database\model\PembayaranMahasiswa.java
ais.database.model.PembombotanNilai,PembombotanNilai,Pembombotan Nilai,ais.database.model,root,ais.database.model.GeneralValueObject,False,True,public,pembombotan_nilai,False,,,ELIGIBLE_METADATA_FIRST,Kandidat CRUD metadata; tetap default disabled sampai verifikasi Hibernate/menu/scope,ais\database\model\PembombotanNilai.java
ais.database.model.Pendaftar,Pendaftar,Pendaftar,ais.database.model,root,ais.database.model.GeneralValueObject,False,True,public,pendaftar,False,ais\action\master\PendaftarAction.java,onEvent,REVIEW_REQUIRED,mempunyai aksi khusus existing,ais\database\model\Pendaftar.java
ais.database.model.PendaftaranCutiMahasiswa,PendaftaranCutiMahasiswa,Pendaftaran Cuti Mahasiswa,ais.database.model,root,ais.database.model.sop.DataSop,False,True,public,pendaftaran_cuti_mahasiswa,False,ais\action\master\PendaftaranCutiMahasiswaAction.java,onEvent,REVIEW_REQUIRED,mempunyai aksi khusus existing,ais\database\model\PendaftaranCutiMahasiswa.java
ais.database.model.PendaftaranSidang,PendaftaranSidang,Pendaftaran Sidang,ais.database.model,root,ais.database.model.GeneralValueObject,False,True,public,pendaftaran_sidang,False,,,ELIGIBLE_METADATA_FIRST,Kandidat CRUD metadata; tetap default disabled sampai verifikasi Hibernate/menu/scope,ais\database\model\PendaftaranSidang.java
ais.database.model.PendaftaranWisuda,PendaftaranWisuda,Pendaftaran Wisuda,ais.database.model,root,ais.database.model.GeneralValueObject,False,True,public,pendaftaran_wisuda,False,,,ELIGIBLE_METADATA_FIRST,Kandidat CRUD metadata; tetap default disabled sampai verifikasi Hibernate/menu/scope,ais\database\model\PendaftaranWisuda.java
ais.database.model.PendapatanOrangTua,PendapatanOrangTua,Pendapatan Orang Tua,ais.database.model,root,ais.database.model.GeneralValueObject,False,True,public,pendapatan_orang_tua,False,ais\action\master\PendapatanOrangTuaAction.java,onEvent,REVIEW_REQUIRED,mempunyai aksi khusus existing,ais\database\model\PendapatanOrangTua.java
ais.database.model.PendidikanOrangTua,PendidikanOrangTua,Pendidikan Orang Tua,ais.database.model,root,ais.database.model.GeneralValueObject,False,True,public,pendidikan_orang_tua,False,ais\action\master\PendidikanOrangTuaAction.java,onEvent,REVIEW_REQUIRED,mempunyai aksi khusus existing,ais\database\model\PendidikanOrangTua.java
ais.database.model.PendukungReport,PendukungReport,Pendukung Report,ais.database.model,root,ais.database.model.GeneralValueObject,False,True,public,pendukung_report,False,ais\action\master\PendukungReportAction.java,onEvent,REVIEW_REQUIRED,nama mengindikasikan data transaksi/log/internal: Report; mempunyai aksi khusus existing,ais\database\model\PendukungReport.java
ais.database.model.Pengaduan,Pengaduan,Pengaduan,ais.database.model,root,ais.database.model.sop.DataSop,False,True,public,pengaduan,False,ais\action\master\PengaduanAction.java,onLaporan|onJenisPengaduan|onManajemenParameter|onEvent|onKHS,REVIEW_REQUIRED,mempunyai aksi khusus existing,ais\database\model\Pengaduan.java
ais.database.model.PengajuanBeasiswa,PengajuanBeasiswa,Pengajuan Beasiswa,ais.database.model,root,ais.database.model.GeneralValueObject,False,True,public,pengajuan_beasiswa,False,ais\action\master\PengajuanBeasiswaAction.java,onEvent,REVIEW_REQUIRED,mempunyai aksi khusus existing,ais\database\model\PengajuanBeasiswa.java
ais.database.model.PengajuanIzinTidakMasukPerkuliahan,PengajuanIzinTidakMasukPerkuliahan,Pengajuan Izin Tidak Masuk Perkuliahan,ais.database.model,root,ais.database.model.GeneralValueObject,False,True,public,pengajuan_izin_tidak_masuk_perkuliahan,False,,,ELIGIBLE_METADATA_FIRST,Kandidat CRUD metadata; tetap default disabled sampai verifikasi Hibernate/menu/scope,ais\database\model\PengajuanIzinTidakMasukPerkuliahan.java
ais.database.model.PengajuanMahasiswa,PengajuanMahasiswa,Pengajuan Mahasiswa,ais.database.model,root,ais.database.model.sop.DataSop,False,True,public,pengajuan_mahasiswa,False,ais\action\master\PengajuanMahasiswaAction.java,onLaporan|onJenisPengajuan|onTampilAsrama|onTampilAsrama1|onTampilAsrama2|onTampilAsrama3|onManajemenParameter|onEvent|onKHS,REVIEW_REQUIRED,mempunyai aksi khusus existing,ais\database\model\PengajuanMahasiswa.java
ais.database.model.PengajuanPegawai,PengajuanPegawai,Pengajuan Pegawai,ais.database.model,root,ais.database.model.sop.DataSop,False,True,public,pengajuan_pegawai,False,ais\action\master\PengajuanPegawaiAction.java,onLaporan|onJenisPengajuanPegawai|onManajemenParameter|onEvent|onKHS,REVIEW_REQUIRED,mempunyai aksi khusus existing,ais\database\model\PengajuanPegawai.java
ais.database.model.PengaturanPembayaranBulanan,PengaturanPembayaranBulanan,Pengaturan Pembayaran Bulanan,ais.database.model,root,ais.database.model.GeneralValueObject,False,True,public,pengaturan_pembayaran_bulanan,False,,,ELIGIBLE_METADATA_FIRST,Kandidat CRUD metadata; tetap default disabled sampai verifikasi Hibernate/menu/scope,ais\database\model\PengaturanPembayaranBulanan.java
ais.database.model.PengecualianJadwalPengisianKRSMahasiswa,PengecualianJadwalPengisianKRSMahasiswa,Pengecualian Jadwal Pengisian K R S Mahasiswa,ais.database.model,root,ais.database.model.GeneralValueObject,False,True,public,pengecualian_jadwal_pengisian_krs_mahasiswa,False,,,ELIGIBLE_METADATA_FIRST,Kandidat CRUD metadata; tetap default disabled sampai verifikasi Hibernate/menu/scope,ais\database\model\PengecualianJadwalPengisianKRSMahasiswa.java
ais.database.model.PengecualianJadwalPenilaianDosen,PengecualianJadwalPenilaianDosen,Pengecualian Jadwal Penilaian Dosen,ais.database.model,root,ais.database.model.sop.DataSop,False,True,public,pengecualian_jadwal_penilaian_dosen,False,ais\action\master\PengecualianJadwalPenilaianDosenAction.java,onEvent,REVIEW_REQUIRED,mempunyai aksi khusus existing,ais\database\model\PengecualianJadwalPenilaianDosen.java
ais.database.model.PengecualianKknMahasiswa,PengecualianKknMahasiswa,Pengecualian Kkn Mahasiswa,ais.database.model,root,ais.database.model.GeneralValueObject,False,True,public,pengecualian_kkn_mahasiswa,False,,,ELIGIBLE_METADATA_FIRST,Kandidat CRUD metadata; tetap default disabled sampai verifikasi Hibernate/menu/scope,ais\database\model\PengecualianKknMahasiswa.java
ais.database.model.PengecualianPklMahasiswa,PengecualianPklMahasiswa,Pengecualian Pkl Mahasiswa,ais.database.model,root,ais.database.model.GeneralValueObject,False,True,public,pengecualian_pkl_mahasiswa,False,,,ELIGIBLE_METADATA_FIRST,Kandidat CRUD metadata; tetap default disabled sampai verifikasi Hibernate/menu/scope,ais\database\model\PengecualianPklMahasiswa.java
ais.database.model.PengeluaranMahasiswa,PengeluaranMahasiswa,Pengeluaran Mahasiswa,ais.database.model,root,ais.database.model.GeneralValueObject,False,True,public,pengeluaran_mahasiswa,False,ais\action\master\PengeluaranMahasiswaAction.java,onLaporanPengeluaranMahasiswa|onJenis|onEvent,REVIEW_REQUIRED,mempunyai aksi khusus existing,ais\database\model\PengeluaranMahasiswa.java
ais.database.model.PenghargaanDosen,PenghargaanDosen,Penghargaan Dosen,ais.database.model,root,ais.database.model.GeneralValueObject,False,True,public,penghargaan_dosen,False,ais\action\master\PenghargaanDosenAction.java,onKategoriPenghargaan|onEvent,REVIEW_REQUIRED,mempunyai aksi khusus existing,ais\database\model\PenghargaanDosen.java
ais.database.model.PenghargaanMahasiswa,PenghargaanMahasiswa,Penghargaan Mahasiswa,ais.database.model,root,ais.database.model.GeneralValueObject,False,True,public,penghargaan_mahasiswa,False,ais\action\master\PenghargaanMahasiswaAction.java,onKategoriPenghargaan|onEvent,REVIEW_REQUIRED,mempunyai aksi khusus existing,ais\database\model\PenghargaanMahasiswa.java
ais.database.model.Penghasilan,Penghasilan,Penghasilan,ais.database.model,root,ais.database.model.GeneralValueObject,False,True,public,penghasilan,False,ais\action\master\PenghasilanAction.java,onEvent,REVIEW_REQUIRED,mempunyai aksi khusus existing,ais\database\model\Penghasilan.java
ais.database.model.PengumumanAkademis,PengumumanAkademis,Pengumuman Akademis,ais.database.model,root,ais.database.model.GeneralValueObject,False,True,public,pengumuman_akademis,False,ais\action\master\PengumumanAkademisAction.java,onPengumumanPerkuliahan|onPenumumanWebsite|onKategoriPengumuman|onTeksBerjalan|onEvent,REVIEW_REQUIRED,mempunyai aksi khusus existing,ais\database\model\PengumumanAkademis.java
ais.database.model.PengumumanPerkuliahan,PengumumanPerkuliahan,Pengumuman Perkuliahan,ais.database.model,root,ais.database.model.GeneralValueObject,False,True,public,pengumuman_perkuliahan,False,ais\action\master\PengumumanPerkuliahanAction.java,onEvent|onAddExternal,REVIEW_REQUIRED,mempunyai aksi khusus existing,ais\database\model\PengumumanPerkuliahan.java
ais.database.model.PenilaianAsesor,PenilaianAsesor,Penilaian Asesor,ais.database.model,root,ais.database.model.GeneralValueObject,False,True,public,penilaian_asesor,False,ais\action\master\bkd\PenilaianAsesorAction.java,onEvent,REVIEW_REQUIRED,mempunyai aksi khusus existing,ais\database\model\PenilaianAsesor.java
ais.database.model.PenjadwalanMahasiswa,PenjadwalanMahasiswa,Penjadwalan Mahasiswa,ais.database.model,root,ais.database.model.GeneralValueObject,False,True,public,penjadwalan_mahasiswa,False,,,ELIGIBLE_METADATA_FIRST,Kandidat CRUD metadata; tetap default disabled sampai verifikasi Hibernate/menu/scope,ais\database\model\PenjadwalanMahasiswa.java
ais.database.model.PenjelasanBankSoal,PenjelasanBankSoal,Penjelasan Bank Soal,ais.database.model,root,ais.database.model.GeneralValueObject,False,True,public,penjelasan_bank_soal,False,ais\action\master\PenjelasanBankSoalAction.java,onEvent|onAddExternal,REVIEW_REQUIRED,mempunyai aksi khusus existing,ais\database\model\PenjelasanBankSoal.java
ais.database.model.PenugasanDosenMengajar,PenugasanDosenMengajar,Penugasan Dosen Mengajar,ais.database.model,root,ais.database.model.GeneralValueObject,False,True,public,penugasan_dosen_mengajar,False,ais\action\master\PenugasanDosenMengajarAction.java|ais\action\master\bkd\PenugasanDosenMengajarAction.java,onEvent,REVIEW_REQUIRED,mempunyai aksi khusus existing,ais\database\model\PenugasanDosenMengajar.java
ais.database.model.PenumumanWebsite,PenumumanWebsite,Penumuman Website,ais.database.model,root,ais.database.model.GeneralValueObject,False,True,public,penumuman_website,False,ais\action\master\PenumumanWebsiteAction.java,onEvent,REVIEW_REQUIRED,mempunyai aksi khusus existing,ais\database\model\PenumumanWebsite.java
ais.database.model.PenunjangKinerjaDosen,PenunjangKinerjaDosen,Penunjang Kinerja Dosen,ais.database.model,root,ais.database.model.GeneralValueObject,False,True,public,penunjang_kinerja_dosen,False,ais\action\master\bkd\PenunjangKinerjaDosenAction.java,onEvent,REVIEW_REQUIRED,mempunyai aksi khusus existing,ais\database\model\PenunjangKinerjaDosen.java
ais.database.model.PerformaLog,PerformaLog,Performa Log,ais.database.model,root,ais.database.model.GeneralValueObject,False,True,public,performa_log,False,ais\action\master\PerformaLogAction.java,onEvent,REVIEW_REQUIRED,nama mengindikasikan data transaksi/log/internal: Log; mempunyai aksi khusus existing,ais\database\model\PerformaLog.java
ais.database.model.PerguruanTinggi,PerguruanTinggi,Perguruan Tinggi,ais.database.model,root,ais.database.model.VoKunci,False,True,public,perguruan_tinggi,True,ais\action\master\PerguruanTinggiAction.java,onEvent,REVIEW_REQUIRED,membutuhkan adapter foto; mempunyai aksi khusus existing,ais\database\model\PerguruanTinggi.java
ais.database.model.PerguruanTinggiLain,PerguruanTinggiLain,Perguruan Tinggi Lain,ais.database.model,root,ais.database.model.GeneralValueObject,False,True,public,perguruan_tinggi_lain,False,ais\action\master\PerguruanTinggiLainAction.java,onEvent,REVIEW_REQUIRED,mempunyai aksi khusus existing,ais\database\model\PerguruanTinggiLain.java
ais.database.model.Perkuliahan,Perkuliahan,Perkuliahan,ais.database.model,root,ais.database.model.VOPembelajaran,False,True,public,perkuliahan,False,ais\action\master\PerkuliahanAction.java,onStatistik|onRekapDosen|onTampilRekapiLaporanDosenPembinaMahasiswa|onJadwalRemedial|onEvent|onEkstrakurikuler|onJadwalSp|onPraPerkuliahan|onPerkuliahanUmum|onTampilDaftarHadirDosen|onTampilJadwalDosenMengajar|onTampiliLaporanDosenPembinaMahasiswa|onTampiliLaporanDosenPembinaMatakuliah|onTampilLaporanJadwalPerkuliahanPerRuangan|onTampilLaporanJadwalPerkuliahanPerMatakuliah|onTampilLaporanJadwalPerkuliahanPerSemester|onSebaranJadwal|onJmlSKSDosen|onJmlSKSDosenPerMatakuliah|onTampilLaporanCoverAbsensi|onTampilLaporanAbsensi|onTampiliLaporanJadwalPerkuliahan|onJadwalPerkuliahanPerDosen|onMasaPerkuliahan|onJadwalPerkuliahanPerAsisten|onToggleAktifPenjadwalan|onInitJadwalKurikulum|onCetakLaporanDosenPembinaMatakuliah|onCopyPerkuliahan|onDeletePerkuliahan|onBersihkanPerkuliahan,REVIEW_REQUIRED,mempunyai aksi khusus existing,ais\database\model\Perkuliahan.java
ais.database.model.PerkuliahanPunyaItem,PerkuliahanPunyaItem,Perkuliahan Punya Item,ais.database.model,root,ais.database.model.GeneralValueObject,False,True,public,perkuliahan_punya_item,False,,,ELIGIBLE_METADATA_FIRST,Kandidat CRUD metadata; tetap default disabled sampai verifikasi Hibernate/menu/scope,ais\database\model\PerkuliahanPunyaItem.java
ais.database.model.PersyaratanPilihanPaket,PersyaratanPilihanPaket,Persyaratan Pilihan Paket,ais.database.model,root,ais.database.model.GeneralValueObject,False,True,public,persyaratan_pilihan_paket,False,ais\action\master\PersyaratanPilihanPaketAction.java,onEvent,REVIEW_REQUIRED,mempunyai aksi khusus existing,ais\database\model\PersyaratanPilihanPaket.java
ais.database.model.Pertemuan,Pertemuan,Pertemuan,ais.database.model,root,ais.database.model.Tugas,False,True,public,pertemuan,True,ais\action\maintenance\PertemuanAction.java|ais\action\master\PertemuanAction.java,onTampilPanelIkut|onRekapPertemuanPerkuliahan|onKegiatanMahasiswa|onPerkuliahanSp|onEkstrakurikuler|onParameterPertemuanPerkuliahan|onPraPerkuliahan|onDownloadLampiran|onEvent|onJadwalRemedial,REVIEW_REQUIRED,membutuhkan adapter foto; mempunyai aksi khusus existing,ais\database\model\Pertemuan.java
ais.database.model.PertemuanPunyaDiskusi,PertemuanPunyaDiskusi,Pertemuan Punya Diskusi,ais.database.model,root,ais.database.model.GeneralValueObject,False,True,public,pertemuan_punya_diskusi,False,,,ELIGIBLE_METADATA_FIRST,Kandidat CRUD metadata; tetap default disabled sampai verifikasi Hibernate/menu/scope,ais\database\model\PertemuanPunyaDiskusi.java
ais.database.model.PertemuanPunyaGrupPertemuan,PertemuanPunyaGrupPertemuan,Pertemuan Punya Grup Pertemuan,ais.database.model,root,ais.database.model.VOPembelajaran,False,True,public,pertemuan_punya_grup_pertemuan,False,,,ELIGIBLE_METADATA_FIRST,Kandidat CRUD metadata; tetap default disabled sampai verifikasi Hibernate/menu/scope,ais\database\model\PertemuanPunyaGrupPertemuan.java
ais.database.model.PertemuanPunyaUjian,PertemuanPunyaUjian,Pertemuan Punya Ujian,ais.database.model,root,ais.database.model.GeneralValueObject,False,True,public,pertemuan_punya_ujian,False,,,ELIGIBLE_METADATA_FIRST,Kandidat CRUD metadata; tetap default disabled sampai verifikasi Hibernate/menu/scope,ais\database\model\PertemuanPunyaUjian.java
ais.database.model.Pesan,Pesan,Pesan,ais.database.model,root,ais.database.model.GeneralValueObject,False,True,public,pesan,False,,,ELIGIBLE_METADATA_FIRST,Kandidat CRUD metadata; tetap default disabled sampai verifikasi Hibernate/menu/scope,ais\database\model\Pesan.java
ais.database.model.PesanRuangan,PesanRuangan,Pesan Ruangan,ais.database.model,root,ais.database.model.GeneralValueObject,False,True,public,pesan_ruangan,False,ais\action\master\PesanRuanganAction.java,onEvent|onAddExternal,REVIEW_REQUIRED,mempunyai aksi khusus existing,ais\database\model\PesanRuangan.java
ais.database.model.PesertaUjian,PesertaUjian,Peserta Ujian,ais.database.model,root,ais.database.model.GeneralValueObject,False,True,public,peserta_ujian,False,ais\action\master\helper\PesertaUjianAction.java,onEvent,REVIEW_REQUIRED,mempunyai aksi khusus existing,ais\database\model\PesertaUjian.java
ais.database.model.PilihanPaketPerJurusanMhsBaru,PilihanPaketPerJurusanMhsBaru,Pilihan Paket Per Jurusan Mhs Baru,ais.database.model,root,ais.database.model.GeneralValueObject,False,True,public,pilihan_paket_per_jurusan_mhs_baru,False,,,ELIGIBLE_METADATA_FIRST,Kandidat CRUD metadata; tetap default disabled sampai verifikasi Hibernate/menu/scope,ais\database\model\PilihanPaketPerJurusanMhsBaru.java
ais.database.model.Pkl,Pkl,Pkl,ais.database.model,root,ais.database.model.GeneralValueObject,False,True,public,pkl,False,ais\action\master\PklAction.java,onStatistik|onEvent,REVIEW_REQUIRED,mempunyai aksi khusus existing,ais\database\model\Pkl.java
ais.database.model.Prefix,Prefix,Prefix,ais.database.model,root,ais.database.model.GeneralValueObject,False,True,public,prefix,False,ais\action\master\PrefixAction.java,onEvent,REVIEW_REQUIRED,mempunyai aksi khusus existing,ais\database\model\Prefix.java
ais.database.model.PrestasiDosen,PrestasiDosen,Prestasi Dosen,ais.database.model,root,ais.database.model.GeneralValueObject,False,True,public,prestasi_dosen,False,ais\action\master\PrestasiDosenAction.java,onDasbor|onKategoriPrestasiDosen|onCabangPrestasiDosen|onRekapCabang|onRekapKategori|onEvent,REVIEW_REQUIRED,mempunyai aksi khusus existing,ais\database\model\PrestasiDosen.java
ais.database.model.PrestasiMahasiswa,PrestasiMahasiswa,Prestasi Mahasiswa,ais.database.model,root,ais.database.model.GeneralValueObject,False,True,public,prestasi_mahasiswa,False,ais\action\master\PrestasiMahasiswaAction.java,onDasbor|onKategoriPrestasiMahasiswa|onCabangPrestasiMahasiswa|onRekapCabang|onRekapKategori|onEvent,REVIEW_REQUIRED,mempunyai aksi khusus existing,ais\database\model\PrestasiMahasiswa.java
ais.database.model.PrestasiPegawai,PrestasiPegawai,Prestasi Pegawai,ais.database.model,root,ais.database.model.GeneralValueObject,False,True,public,prestasi_pegawai,False,ais\action\master\PrestasiPegawaiAction.java,onDasbor|onKategoriPrestasiPegawai|onCabangPrestasiPegawai|onRekapCabang|onRekapKategori|onEvent,REVIEW_REQUIRED,mempunyai aksi khusus existing,ais\database\model\PrestasiPegawai.java
ais.database.model.Program,Program,Program,ais.database.model,root,ais.database.model.GeneralValueObject,False,True,public,program,False,ais\action\master\ProgramAction.java,onEvent,REVIEW_REQUIRED,mempunyai aksi khusus existing,ais\database\model\Program.java
ais.database.model.ProgramMahasiswa,ProgramMahasiswa,Program Mahasiswa,ais.database.model,root,ais.database.model.GeneralValueObject,False,True,public,program_mahasiswa,False,ais\action\master\ProgramMahasiswaAction.java,onManajemenString|onEvent,REVIEW_REQUIRED,mempunyai aksi khusus existing,ais\database\model\ProgramMahasiswa.java
ais.database.model.Propinsi,Propinsi,Propinsi,ais.database.model,root,ais.database.model.GeneralValueObject,False,True,public,propinsi,False,ais\action\master\PropinsiAction.java,onEvent|onAddExternal,REVIEW_REQUIRED,mempunyai aksi khusus existing,ais\database\model\Propinsi.java
ais.database.model.ProposalSkripsiPunyaKomponenPenilaianProposalSkripsi,ProposalSkripsiPunyaKomponenPenilaianProposalSkripsi,Proposal Skripsi Punya Komponen Penilaian Proposal Skripsi,ais.database.model,root,ais.database.model.GeneralValueObject,False,True,public,proposal_skripsi_punya_komponen_penilaian,False,,,ELIGIBLE_METADATA_FIRST,Kandidat CRUD metadata; tetap default disabled sampai verifikasi Hibernate/menu/scope,ais\database\model\ProposalSkripsiPunyaKomponenPenilaianProposalSkripsi.java
ais.database.model.QuotaWisudaUntukFakultas,QuotaWisudaUntukFakultas,Quota Wisuda Untuk Fakultas,ais.database.model,root,ais.database.model.GeneralValueObject,False,True,public,quota_wisuda_untuk_fakultas,False,,,ELIGIBLE_METADATA_FIRST,Kandidat CRUD metadata; tetap default disabled sampai verifikasi Hibernate/menu/scope,ais\database\model\QuotaWisudaUntukFakultas.java
ais.database.model.RangkingIpd,RangkingIpd,Rangking Ipd,ais.database.model,root,ais.database.model.GeneralValueObject,False,True,public,rangking_ipd,False,ais\action\master\RangkingIpdAction.java,onEvent,REVIEW_REQUIRED,mempunyai aksi khusus existing,ais\database\model\RangkingIpd.java
ais.database.model.RekapAngketDosen,RekapAngketDosen,Rekap Angket Dosen,ais.database.model,root,ais.database.model.GeneralValueObject,False,True,public,rekap_angket_dosen,False,,,REVIEW_REQUIRED,nama mengindikasikan data transaksi/log/internal: Rekap,ais\database\model\RekapAngketDosen.java
ais.database.model.RekapAngketUntukDosen,RekapAngketUntukDosen,Rekap Angket Untuk Dosen,ais.database.model,root,ais.database.model.GeneralValueObject,False,True,public,rekap_angket_untuk_dosen,False,,,REVIEW_REQUIRED,nama mengindikasikan data transaksi/log/internal: Rekap,ais\database\model\RekapAngketUntukDosen.java
ais.database.model.RekapUjianDosenBulanan,RekapUjianDosenBulanan,Rekap Ujian Dosen Bulanan,ais.database.model,root,ais.database.model.GeneralValueObject,False,True,public,rekap_ujian_dosen_bulanan,False,,,REVIEW_REQUIRED,nama mengindikasikan data transaksi/log/internal: Rekap,ais\database\model\RekapUjianDosenBulanan.java
ais.database.model.RekeningDosen,RekeningDosen,Rekening Dosen,ais.database.model,root,ais.database.model.GeneralValueObject,False,True,public,rekening_dosen,False,ais\action\master\RekeningDosenAction.java,onEvent,REVIEW_REQUIRED,mempunyai aksi khusus existing,ais\database\model\RekeningDosen.java
ais.database.model.RekonsiliasiHostToHost,RekonsiliasiHostToHost,Rekonsiliasi Host To Host,ais.database.model,root,ais.database.model.GeneralValueObject,False,True,public,rekonsiliasi_host_to_host,False,ais\action\master\RekonsiliasiHostToHostAction.java,onBelumRekonsiliasi|onEvent,REVIEW_REQUIRED,mempunyai aksi khusus existing,ais\database\model\RekonsiliasiHostToHost.java
ais.database.model.RencanaTahunAkademik,RencanaTahunAkademik,Rencana Tahun Akademik,ais.database.model,root,ais.database.model.GeneralValueObject,False,True,public,rencana_tahun_akademik,False,ais\action\master\RencanaTahunAkademikAction.java,onHariLibur|onEvent,REVIEW_REQUIRED,mempunyai aksi khusus existing,ais\database\model\RencanaTahunAkademik.java
ais.database.model.ReportLog,ReportLog,Report Log,ais.database.model,root,ais.database.model.GeneralValueObject,False,True,public,report_log,False,,,REVIEW_REQUIRED,nama mengindikasikan data transaksi/log/internal: Log,ais\database\model\ReportLog.java
ais.database.model.RestartLog,RestartLog,Restart Log,ais.database.model,root,ais.database.model.GeneralValueObject,False,True,public,restart_log,False,,,REVIEW_REQUIRED,nama mengindikasikan data transaksi/log/internal: Log,ais\database\model\RestartLog.java
ais.database.model.RiwayatPendidikanDosen,RiwayatPendidikanDosen,Riwayat Pendidikan Dosen,ais.database.model,root,ais.database.model.GeneralValueObject,False,True,public,riwayat_pendidikan_dosen,False,,,ELIGIBLE_METADATA_FIRST,Kandidat CRUD metadata; tetap default disabled sampai verifikasi Hibernate/menu/scope,ais\database\model\RiwayatPendidikanDosen.java
ais.database.model.RoleAccess,RoleAccess,Role Access,ais.database.model,root,ais.database.model.GeneralValueObject,False,True,public,_role_access,False,,,ELIGIBLE_METADATA_FIRST,Kandidat CRUD metadata; tetap default disabled sampai verifikasi Hibernate/menu/scope,ais\database\model\RoleAccess.java
ais.database.model.RoleHasDashboard,RoleHasDashboard,Role Has Dashboard,ais.database.model,root,ais.database.model.GeneralValueObject,False,True,public,role_has_dashboard,False,,,REVIEW_REQUIRED,nama mengindikasikan data transaksi/log/internal: Dashboard,ais\database\model\RoleHasDashboard.java
ais.database.model.RolePrivilage,RolePrivilage,Role Privilage,ais.database.model,root,ais.database.model.GeneralValueObject,False,True,public,role_privilage,False,,,ELIGIBLE_METADATA_FIRST,Kandidat CRUD metadata; tetap default disabled sampai verifikasi Hibernate/menu/scope,ais\database\model\RolePrivilage.java
ais.database.model.Ruang,Ruang,Ruang,ais.database.model,root,ais.database.model.GeneralValueObject,False,True,public,ruang,False,ais\action\master\RuangAction.java,onFasilitasRuangan|onEvent,REVIEW_REQUIRED,mempunyai aksi khusus existing,ais\database\model\Ruang.java
ais.database.model.RuangPMB,RuangPMB,Ruang P M B,ais.database.model,root,ais.database.model.sop.DataSop,False,True,public,ruang_pmb,False,ais\action\master\pmb\RuangPMBAction.java,onGaleriFoto|onEvent|onManajemenJadwalUjianPMB|onJenisSeleksi|onJenisPembiayaan|onPaketPMB|onManajemenUjianPMB|onGelombangPMB|onCetakAbsensi|onCetakBau|onCetakAlbum,REVIEW_REQUIRED,mempunyai aksi khusus existing,ais\database\model\RuangPMB.java
ais.database.model.RuangPaketPMB,RuangPaketPMB,Ruang Paket P M B,ais.database.model,root,ais.database.model.GeneralValueObject,False,True,public,ruang_paket_pmb,False,,,ELIGIBLE_METADATA_FIRST,Kandidat CRUD metadata; tetap default disabled sampai verifikasi Hibernate/menu/scope,ais\database\model\RuangPaketPMB.java
ais.database.model.SatuanKerjaPegawai,SatuanKerjaPegawai,Satuan Kerja Pegawai,ais.database.model,root,ais.database.model.GeneralValueObject,False,True,public,satuan_kerja_pegawai,False,ais\action\master\SatuanKerjaPegawaiAction.java,onEvent,REVIEW_REQUIRED,mempunyai aksi khusus existing,ais\database\model\SatuanKerjaPegawai.java
ais.database.model.ScholarArticle,ScholarArticle,Scholar Article,ais.database.model,root,ais.database.model.GeneralValueObject,False,True,public,scholar_article,False,,,ELIGIBLE_METADATA_FIRST,Kandidat CRUD metadata; tetap default disabled sampai verifikasi Hibernate/menu/scope,ais\database\model\ScholarArticle.java
ais.database.model.ScholarAuthor,ScholarAuthor,Scholar Author,ais.database.model,root,ais.database.model.GeneralValueObject,False,True,public,scholar_author,False,,,ELIGIBLE_METADATA_FIRST,Kandidat CRUD metadata; tetap default disabled sampai verifikasi Hibernate/menu/scope,ais\database\model\ScholarAuthor.java
ais.database.model.Sertifikat,Sertifikat,Sertifikat,ais.database.model,root,ais.database.model.GeneralValueObject,False,True,public,sertifikat,False,ais\action\master\SertifikatAction.java,onEvent,REVIEW_REQUIRED,mempunyai aksi khusus existing,ais\database\model\Sertifikat.java
ais.database.model.SettingBiaya,SettingBiaya,Setting Biaya,ais.database.model,root,ais.database.model.GeneralValueObject,False,True,public,setting_biaya,False,,,ELIGIBLE_METADATA_FIRST,Kandidat CRUD metadata; tetap default disabled sampai verifikasi Hibernate/menu/scope,ais\database\model\SettingBiaya.java
ais.database.model.SettingBiayaDetail,SettingBiayaDetail,Setting Biaya Detail,ais.database.model,root,ais.database.model.GeneralValueObject,False,True,public,setting_biaya_detail,False,,,ELIGIBLE_METADATA_FIRST,Kandidat CRUD metadata; tetap default disabled sampai verifikasi Hibernate/menu/scope,ais\database\model\SettingBiayaDetail.java
ais.database.model.SharepointCode,SharepointCode,Sharepoint Code,ais.database.model,root,ais.database.model.GeneralValueObject,False,True,public,sharepoint_code,False,,,ELIGIBLE_METADATA_FIRST,Kandidat CRUD metadata; tetap default disabled sampai verifikasi Hibernate/menu/scope,ais\database\model\SharepointCode.java
ais.database.model.SintaArticle,SintaArticle,Sinta Article,ais.database.model,root,ais.database.model.GeneralValueObject,False,True,public,sinta_article,False,,,ELIGIBLE_METADATA_FIRST,Kandidat CRUD metadata; tetap default disabled sampai verifikasi Hibernate/menu/scope,ais\database\model\SintaArticle.java
ais.database.model.SiswaDapatKelompokPkl,SiswaDapatKelompokPkl,Siswa Dapat Kelompok Pkl,ais.database.model,root,ais.database.model.GeneralValueObject,False,True,public,siswa_dapat_kelompok_pkl,False,,,ELIGIBLE_METADATA_FIRST,Kandidat CRUD metadata; tetap default disabled sampai verifikasi Hibernate/menu/scope,ais\database\model\SiswaDapatKelompokPkl.java
ais.database.model.SkalaKegiatanKedosenan,SkalaKegiatanKedosenan,Skala Kegiatan Kedosenan,ais.database.model,root,ais.database.model.GeneralValueObject,False,True,public,skala_kegiatan_kedosenan,False,ais\action\master\SkalaKegiatanKedosenanAction.java,onEvent,REVIEW_REQUIRED,mempunyai aksi khusus existing,ais\database\model\SkalaKegiatanKedosenan.java
ais.database.model.SkalaKegiatanKemahasiswaan,SkalaKegiatanKemahasiswaan,Skala Kegiatan Kemahasiswaan,ais.database.model,root,ais.database.model.GeneralValueObject,False,True,public,skala_kegiatan_kemahasiswaan,False,ais\action\master\SkalaKegiatanKemahasiswaanAction.java,onEvent,REVIEW_REQUIRED,mempunyai aksi khusus existing,ais\database\model\SkalaKegiatanKemahasiswaan.java
ais.database.model.Skripsi,Skripsi,Skripsi,ais.database.model,root,ais.database.model.VOPembelajaran,False,True,public,skripsi,False,ais\action\master\SkripsiAction.java,onGelombangJadwal|onFormatNilai|onKomponenPenilaian|onJadwal|onTampilSidang|onSidang|onTampilJudisium|onEvent|onDownloadLampiran|onAddExternal|onPrint|onPrintJadwal,REVIEW_REQUIRED,mempunyai aksi khusus existing,ais\database\model\Skripsi.java
ais.database.model.SkripsiPunyaKomponenPenilaianSkripsi,SkripsiPunyaKomponenPenilaianSkripsi,Skripsi Punya Komponen Penilaian Skripsi,ais.database.model,root,ais.database.model.GeneralValueObject,False,True,public,skripsi_punya_komponen_penilaian_skripsi,False,,,ELIGIBLE_METADATA_FIRST,Kandidat CRUD metadata; tetap default disabled sampai verifikasi Hibernate/menu/scope,ais\database\model\SkripsiPunyaKomponenPenilaianSkripsi.java
ais.database.model.Staff,Staff,Staff,ais.database.model,root,ais.database.model.GeneralValueObject,False,True,public,staff,False,ais\action\master\StaffAction.java,onEvent,REVIEW_REQUIRED,mempunyai aksi khusus existing,ais\database\model\Staff.java
ais.database.model.StatusAwalMahasiswa,StatusAwalMahasiswa,Status Awal Mahasiswa,ais.database.model,root,ais.database.model.GeneralValueObject,False,True,public,status_awal_mahasiswa,False,ais\action\master\StatusAwalMahasiswaAction.java,onEvent,REVIEW_REQUIRED,mempunyai aksi khusus existing,ais\database\model\StatusAwalMahasiswa.java
ais.database.model.StatusDomisiliSetelahLulus,StatusDomisiliSetelahLulus,Status Domisili Setelah Lulus,ais.database.model,root,ais.database.model.GeneralValueObject,False,True,public,status_domisili_setelah_lulus,False,ais\action\master\StatusDomisiliSetelahLulusAction.java,onEvent,REVIEW_REQUIRED,mempunyai aksi khusus existing,ais\database\model\StatusDomisiliSetelahLulus.java
ais.database.model.StatusKeluar,StatusKeluar,Status Keluar,ais.database.model,root,ais.database.model.GeneralValueObject,False,True,public,status_keluar,False,ais\action\master\StatusKeluarAction.java,onEvent,REVIEW_REQUIRED,mempunyai aksi khusus existing,ais\database\model\StatusKeluar.java
ais.database.model.StatusKepegawaian,StatusKepegawaian,Status Kepegawaian,ais.database.model,root,ais.database.model.GeneralValueObject,False,True,public,status_kepegawaian,False,ais\action\master\StatusKepegawaianAction.java,onEvent,REVIEW_REQUIRED,mempunyai aksi khusus existing,ais\database\model\StatusKepegawaian.java
ais.database.model.StatusKerjasamaMahasiswa,StatusKerjasamaMahasiswa,Status Kerjasama Mahasiswa,ais.database.model,root,ais.database.model.GeneralValueObject,False,True,public,status_kerjasama_mahasiswa,False,ais\action\master\StatusKerjasamaMahasiswaAction.java,onEvent,REVIEW_REQUIRED,mempunyai aksi khusus existing,ais\database\model\StatusKerjasamaMahasiswa.java
ais.database.model.StatusKewajibanBebanDosen,StatusKewajibanBebanDosen,Status Kewajiban Beban Dosen,ais.database.model,root,ais.database.model.GeneralValueObject,False,True,public,status_kewajiban_beban_dosen,False,ais\action\master\bkd\StatusKewajibanBebanDosenAction.java,onEvent,REVIEW_REQUIRED,mempunyai aksi khusus existing,ais\database\model\StatusKewajibanBebanDosen.java
ais.database.model.StatusLulusCalonMahasiswa,StatusLulusCalonMahasiswa,Status Lulus Calon Mahasiswa,ais.database.model,root,ais.database.model.GeneralValueObject,False,True,public,status_lulus_calon_mahasiswa,False,,,ELIGIBLE_METADATA_FIRST,Kandidat CRUD metadata; tetap default disabled sampai verifikasi Hibernate/menu/scope,ais\database\model\StatusLulusCalonMahasiswa.java
ais.database.model.StatusMahasiswa,StatusMahasiswa,Status Mahasiswa,ais.database.model,root,ais.database.model.GeneralValueObject,False,True,public,status_mahasiswa,False,,,ELIGIBLE_METADATA_FIRST,Kandidat CRUD metadata; tetap default disabled sampai verifikasi Hibernate/menu/scope,ais\database\model\StatusMahasiswa.java
ais.database.model.StatusMatakuliah,StatusMatakuliah,Status Matakuliah,ais.database.model,root,ais.database.model.GeneralValueObject,False,True,public,status_matakuliah,False,ais\action\master\StatusMatakuliahAction.java,onEvent,REVIEW_REQUIRED,mempunyai aksi khusus existing,ais\database\model\StatusMatakuliah.java
ais.database.model.StatusPegawai,StatusPegawai,Status Pegawai,ais.database.model,root,ais.database.model.GeneralValueObject,False,True,public,status_pegawai,False,ais\action\master\StatusPegawaiAction.java,onEvent,REVIEW_REQUIRED,mempunyai aksi khusus existing,ais\database\model\StatusPegawai.java
ais.database.model.StatusPekerjaanSetelahLulus,StatusPekerjaanSetelahLulus,Status Pekerjaan Setelah Lulus,ais.database.model,root,ais.database.model.GeneralValueObject,False,True,public,status_pekerjaan_setelah_lulus,False,ais\action\master\StatusPekerjaanSetelahLulusAction.java,onEvent,REVIEW_REQUIRED,mempunyai aksi khusus existing,ais\database\model\StatusPekerjaanSetelahLulus.java
ais.database.model.StatusPertemuan,StatusPertemuan,Status Pertemuan,ais.database.model,root,ais.database.model.GeneralValueObject,False,True,public,status_pertemuan,False,ais\action\master\StatusPertemuanAction.java,onEvent,REVIEW_REQUIRED,mempunyai aksi khusus existing,ais\database\model\StatusPertemuan.java
ais.database.model.StatusSetelahLulus,StatusSetelahLulus,Status Setelah Lulus,ais.database.model,root,ais.database.model.GeneralValueObject,False,True,public,status_setelah_lulus,False,ais\action\master\StatusSetelahLulusAction.java,onEvent,REVIEW_REQUIRED,mempunyai aksi khusus existing,ais\database\model\StatusSetelahLulus.java
ais.database.model.Statusabsensi,Statusabsensi,Statusabsensi,ais.database.model,root,ais.database.model.GeneralValueObject,False,True,public,statusabsensi,False,,,ELIGIBLE_METADATA_FIRST,Kandidat CRUD metadata; tetap default disabled sampai verifikasi Hibernate/menu/scope,ais\database\model\Statusabsensi.java
ais.database.model.StatuskehadiranKaryawanHarian,StatuskehadiranKaryawanHarian,Statuskehadiran Karyawan Harian,ais.database.model,root,ais.database.model.VoKunci,False,True,public,status_kehadiran_karyawan_harian,False,,,ELIGIBLE_METADATA_FIRST,Kandidat CRUD metadata; tetap default disabled sampai verifikasi Hibernate/menu/scope,ais\database\model\StatuskehadiranKaryawanHarian.java
ais.database.model.Statuskehadiran_old,Statuskehadiran_old,Statuskehadiran_old,ais.database.model,root,ais.database.model.GeneralValueObject,False,True,public,statuskehadiran,False,,,ELIGIBLE_METADATA_FIRST,Kandidat CRUD metadata; tetap default disabled sampai verifikasi Hibernate/menu/scope,ais\database\model\Statuskehadiran_old.java
ais.database.model.SubGrupChecklistPenilaianUmum,SubGrupChecklistPenilaianUmum,Sub Grup Checklist Penilaian Umum,ais.database.model,root,ais.database.model.GeneralValueObject,False,True,public,sub_grup_checklist_penilaian_umum,False,ais\action\master\SubGrupChecklistPenilaianUmumAction.java,onEvent,REVIEW_REQUIRED,mempunyai aksi khusus existing,ais\database\model\SubGrupChecklistPenilaianUmum.java
ais.database.model.SubReport,SubReport,Sub Report,ais.database.model,root,ais.database.model.GeneralValueObject,False,True,public,sub_report,False,ais\action\master\SubReportAction.java,onEvent,REVIEW_REQUIRED,nama mengindikasikan data transaksi/log/internal: Report; mempunyai aksi khusus existing,ais\database\model\SubReport.java
ais.database.model.SumberGaji,SumberGaji,Sumber Gaji,ais.database.model,root,ais.database.model.GeneralValueObject,False,True,public,sumber_gaji,False,ais\action\master\SumberGajiAction.java,onEvent,REVIEW_REQUIRED,mempunyai aksi khusus existing,ais\database\model\SumberGaji.java
ais.database.model.SyaratUjian,SyaratUjian,Syarat Ujian,ais.database.model,root,ais.database.model.GeneralValueObject,False,True,public,syarat_ujian,False,ais\action\master\SyaratUjianAction.java,onEvent,REVIEW_REQUIRED,mempunyai aksi khusus existing,ais\database\model\SyaratUjian.java
ais.database.model.TahapanAtauCapaianPembelajaran,TahapanAtauCapaianPembelajaran,Tahapan Atau Capaian Pembelajaran,ais.database.model,root,ais.database.model.GeneralValueObject,False,True,public,tahapan_atau_capaian_pembelajaran,False,ais\action\master\TahapanAtauCapaianPembelajaranAction.java,onEvent,REVIEW_REQUIRED,mempunyai aksi khusus existing,ais\database\model\TahapanAtauCapaianPembelajaran.java
ais.database.model.TahapanPenyusunanBuku,TahapanPenyusunanBuku,Tahapan Penyusunan Buku,ais.database.model,root,ais.database.model.GeneralValueObject,False,True,public,tahapan_penyusunan_buku,False,ais\action\master\TahapanPenyusunanBukuAction.java,onEvent,REVIEW_REQUIRED,mempunyai aksi khusus existing,ais\database\model\TahapanPenyusunanBuku.java
ais.database.model.TanyaJawab,TanyaJawab,Tanya Jawab,ais.database.model,root,ais.database.model.GeneralValueObject,False,True,public,tanya_jawab,False,ais\action\master\TanyaJawabAction.java,onEvent,REVIEW_REQUIRED,mempunyai aksi khusus existing,ais\database\model\TanyaJawab.java
ais.database.model.Tbmrole,Tbmrole,Tbmrole,ais.database.model,root,ais.database.model.GeneralValueObject,False,True,public,tbmrole,False,ais\action\maintenance\TbmroleAction.java,onEvent,REVIEW_REQUIRED,mempunyai aksi khusus existing,ais\database\model\Tbmrole.java
ais.database.model.Tbmuser,Tbmuser,Tbmuser,ais.database.model,root,ais.database.model.GeneralValueObject,False,True,public,tbmuser,True,ais\action\maintenance\TbmuserAction.java,onEvent|onAddExternal|onDownloadFotoMassal|onUploadFotoMassal,REVIEW_REQUIRED,membutuhkan adapter foto; mempunyai aksi khusus existing,ais\database\model\Tbmuser.java
ais.database.model.TemplateFormatBimbingan,TemplateFormatBimbingan,Template Format Bimbingan,ais.database.model,root,ais.database.model.GeneralValueObject,False,True,public,template_format_bimbingan,False,ais\action\master\TemplateFormatBimbinganAction.java,onEvent,REVIEW_REQUIRED,nama mengindikasikan data transaksi/log/internal: Temp; mempunyai aksi khusus existing,ais\database\model\TemplateFormatBimbingan.java
ais.database.model.TemplatePerkuliahan,TemplatePerkuliahan,Template Perkuliahan,ais.database.model,root,ais.database.model.GeneralValueObject,False,True,public,template_perkuliahan,False,ais\action\master\TemplatePerkuliahanAction.java,onEvent,REVIEW_REQUIRED,nama mengindikasikan data transaksi/log/internal: Temp; mempunyai aksi khusus existing,ais\database\model\TemplatePerkuliahan.java
ais.database.model.TemplatePerkuliahanDetail,TemplatePerkuliahanDetail,Template Perkuliahan Detail,ais.database.model,root,ais.database.model.GeneralValueObject,False,True,public,template_perkuliahan_detail,False,ais\action\master\TemplatePerkuliahanDetailAction.java,onEvent|onSaveCopy,REVIEW_REQUIRED,nama mengindikasikan data transaksi/log/internal: Temp; mempunyai aksi khusus existing,ais\database\model\TemplatePerkuliahanDetail.java
ais.database.model.TemplateQuery,TemplateQuery,Template Query,ais.database.model,root,ais.database.model.GeneralValueObject,False,True,public,template_query,False,ais\action\master\TemplateQueryAction.java,onEvent,REVIEW_REQUIRED,nama mengindikasikan data transaksi/log/internal: Temp; mempunyai aksi khusus existing,ais\database\model\TemplateQuery.java
ais.database.model.TemplateSurat,TemplateSurat,Template Surat,ais.database.model,root,ais.database.model.GeneralValueObject,False,True,public,template_surat,False,ais\action\master\TemplateSuratAction.java,onEvent,REVIEW_REQUIRED,nama mengindikasikan data transaksi/log/internal: Temp; mempunyai aksi khusus existing,ais\database\model\TemplateSurat.java
ais.database.model.TemplateSuratParameter,TemplateSuratParameter,Template Surat Parameter,ais.database.model,root,ais.database.model.GeneralValueObject,False,True,public,template_surat_parameter,False,,,REVIEW_REQUIRED,nama mengindikasikan data transaksi/log/internal: Temp,ais\database\model\TemplateSuratParameter.java
ais.database.model.TextBerjalan,TextBerjalan,Text Berjalan,ais.database.model,root,ais.database.model.GeneralValueObject,False,True,public,text_berjalan,False,ais\action\master\TextBerjalanAction.java,onEvent,REVIEW_REQUIRED,mempunyai aksi khusus existing,ais\database\model\TextBerjalan.java
ais.database.model.TimDosen,TimDosen,Tim Dosen,ais.database.model,root,ais.database.model.GeneralValueObject,False,True,public,tim_dosen,False,,,ELIGIBLE_METADATA_FIRST,Kandidat CRUD metadata; tetap default disabled sampai verifikasi Hibernate/menu/scope,ais\database\model\TimDosen.java
ais.database.model.TingkatKesulitanMatakuliah,TingkatKesulitanMatakuliah,Tingkat Kesulitan Matakuliah,ais.database.model,root,ais.database.model.GeneralValueObject,False,True,public,tingkat_kesulitan_matakuliah,False,ais\action\master\TingkatKesulitanMatakuliahAction.java,onEvent,REVIEW_REQUIRED,mempunyai aksi khusus existing,ais\database\model\TingkatKesulitanMatakuliah.java
ais.database.model.Tugas,Tugas,Tugas,ais.database.model,root,ais.database.model.GeneralValueObject,True,False,,,False,ais\action\master\rab\TugasAction.java,onCreateNewRevisi|onEvent|onReloadTab,EXCLUDED_ABSTRACT,Class abstract,ais\database\model\Tugas.java
ais.database.model.TugasBelajarDosen,TugasBelajarDosen,Tugas Belajar Dosen,ais.database.model,root,ais.database.model.GeneralValueObject,False,True,public,tugas_belajar_dosen,False,ais\action\master\TugasBelajarDosenAction.java,onEvent|onAddExternal,REVIEW_REQUIRED,mempunyai aksi khusus existing,ais\database\model\TugasBelajarDosen.java
ais.database.model.TugasKelompok,TugasKelompok,Tugas Kelompok,ais.database.model,root,ais.database.model.Tugas,False,True,public,tugas_kelompok,False,,,ELIGIBLE_METADATA_FIRST,Kandidat CRUD metadata; tetap default disabled sampai verifikasi Hibernate/menu/scope,ais\database\model\TugasKelompok.java
ais.database.model.TugasPertemuan,TugasPertemuan,Tugas Pertemuan,ais.database.model,root,ais.database.model.Tugas,False,True,public,tugas_pertemuan,False,,,ELIGIBLE_METADATA_FIRST,Kandidat CRUD metadata; tetap default disabled sampai verifikasi Hibernate/menu/scope,ais\database\model\TugasPertemuan.java
ais.database.model.TunggakanMahasiswa,TunggakanMahasiswa,Tunggakan Mahasiswa,ais.database.model,root,ais.database.model.GeneralValueObject,False,True,public,tunggakan_mahasiswa,False,ais\action\master\TunggakanMahasiswaAction.java,onTampilRekapTunggakanMahasiswa|onTampilRekapTunggakanMahasiswaDetail|onProsesUlangTunggakan|onEvent|onProsesUlangTunggakanMahasiswaBaru,REVIEW_REQUIRED,mempunyai aksi khusus existing,ais\database\model\TunggakanMahasiswa.java
ais.database.model.TunggakanMahasiswaDetail,TunggakanMahasiswaDetail,Tunggakan Mahasiswa Detail,ais.database.model,root,ais.database.model.GeneralValueObject,False,True,public,tunggakan_mahasiswa_detail,False,,,ELIGIBLE_METADATA_FIRST,Kandidat CRUD metadata; tetap default disabled sampai verifikasi Hibernate/menu/scope,ais\database\model\TunggakanMahasiswaDetail.java
ais.database.model.Ujian,Ujian,Ujian,ais.database.model,root,ais.database.model.GeneralValueObject,False,True,public,ujian,False,ais\action\master\UjianAction.java,onEvent|onSertifikat|onSyaratUjianTab|onKuotaUjianTab|onAddExternal,REVIEW_REQUIRED,mempunyai aksi khusus existing,ais\database\model\Ujian.java
ais.database.model.UjianPMB,UjianPMB,Ujian P M B,ais.database.model,root,ais.database.model.GeneralValueObject,False,True,public,ujian_pmb,False,ais\action\master\UjianPMBAction.java,onEvent,REVIEW_REQUIRED,mempunyai aksi khusus existing,ais\database\model\UjianPMB.java
ais.database.model.UjianPunyaSoal,UjianPunyaSoal,Ujian Punya Soal,ais.database.model,root,ais.database.model.GeneralValueObject,False,True,public,ujian_punya_soal,False,,,ELIGIBLE_METADATA_FIRST,Kandidat CRUD metadata; tetap default disabled sampai verifikasi Hibernate/menu/scope,ais\database\model\UjianPunyaSoal.java
ais.database.model.UploadBiodataCalonMahasiswa,UploadBiodataCalonMahasiswa,Upload Biodata Calon Mahasiswa,ais.database.model,root,ais.database.model.GeneralValueObject,False,True,public,upload_biodata_calon_mahasiswa,False,,,ELIGIBLE_METADATA_FIRST,Kandidat CRUD metadata; tetap default disabled sampai verifikasi Hibernate/menu/scope,ais\database\model\UploadBiodataCalonMahasiswa.java
ais.database.model.UploadLogInfo,UploadLogInfo,Upload Log Info,ais.database.model,root,ais.database.model.GeneralValueObject,False,True,public,upload_log_info,False,,,REVIEW_REQUIRED,nama mengindikasikan data transaksi/log/internal: Log,ais\database\model\UploadLogInfo.java
ais.database.model.UploadVirtualAccount,UploadVirtualAccount,Upload Virtual Account,ais.database.model,root,ais.database.model.GeneralValueObject,False,True,public,upload_virtual_account,False,,,ELIGIBLE_METADATA_FIRST,Kandidat CRUD metadata; tetap default disabled sampai verifikasi Hibernate/menu/scope,ais\database\model\UploadVirtualAccount.java
ais.database.model.UserAccess,UserAccess,User Access,ais.database.model,root,ais.database.model.GeneralValueObject,False,True,public,_user_access,False,,,ELIGIBLE_METADATA_FIRST,Kandidat CRUD metadata; tetap default disabled sampai verifikasi Hibernate/menu/scope,ais\database\model\UserAccess.java
ais.database.model.UserDevices,UserDevices,User Devices,ais.database.model,root,ais.database.model.GeneralValueObject,False,True,public,user_devices,False,,,ELIGIBLE_METADATA_FIRST,Kandidat CRUD metadata; tetap default disabled sampai verifikasi Hibernate/menu/scope,ais\database\model\UserDevices.java
ais.database.model.UserRole,UserRole,User Role,ais.database.model,root,ais.database.model.GeneralValueObject,False,True,public,user_role,False,,,ELIGIBLE_METADATA_FIRST,Kandidat CRUD metadata; tetap default disabled sampai verifikasi Hibernate/menu/scope,ais\database\model\UserRole.java
ais.database.model.VOMahasiswa,VOMahasiswa,V O Mahasiswa,ais.database.model,root,ais.database.model.VoKunci,True,False,,,False,,,EXCLUDED_ABSTRACT,Class abstract,ais\database\model\VOMahasiswa.java
ais.database.model.VOPembelajaran,VOPembelajaran,V O Pembelajaran,ais.database.model,root,ais.database.model.VoKunci,True,False,,,False,,,EXCLUDED_ABSTRACT,Class abstract,ais\database\model\VOPembelajaran.java
ais.database.model.VOSiswa,VOSiswa,V O Siswa,ais.database.model,root,ais.database.model.GeneralValueObject,True,False,,,False,,,EXCLUDED_ABSTRACT,Class abstract,ais\database\model\VOSiswa.java
ais.database.model.Va,Va,Va,ais.database.model,root,ais.database.model.GeneralValueObject,False,True,public,va,False,,,ELIGIBLE_METADATA_FIRST,Kandidat CRUD metadata; tetap default disabled sampai verifikasi Hibernate/menu/scope,ais\database\model\Va.java
ais.database.model.VerifikasiKelengkapanCalonMahasiswa,VerifikasiKelengkapanCalonMahasiswa,Verifikasi Kelengkapan Calon Mahasiswa,ais.database.model,root,ais.database.model.GeneralValueObject,False,True,public,verifikasi_kelengkapan_calon_mahasiswa,False,ais\action\master\VerifikasiKelengkapanCalonMahasiswaAction.java,onEvent,REVIEW_REQUIRED,mempunyai aksi khusus existing,ais\database\model\VerifikasiKelengkapanCalonMahasiswa.java
ais.database.model.VirtualAccountBank,VirtualAccountBank,Virtual Account Bank,ais.database.model,root,ais.database.model.GeneralValueObject,False,True,public,virtual_account_bank,False,ais\action\master\VirtualAccountBankAction.java,onEvent,REVIEW_REQUIRED,mempunyai aksi khusus existing,ais\database\model\VirtualAccountBank.java
ais.database.model.VoKunci,VoKunci,Vo Kunci,ais.database.model,root,ais.database.model.sop.DataSop,True,False,,,False,,,EXCLUDED_ABSTRACT,Class abstract,ais\database\model\VoKunci.java
ais.database.model.WaProfile,WaProfile,Wa Profile,ais.database.model,root,ais.database.model.GeneralValueObject,False,True,public,wa_profile,False,,,ELIGIBLE_METADATA_FIRST,Kandidat CRUD metadata; tetap default disabled sampai verifikasi Hibernate/menu/scope,ais\database\model\WaProfile.java
ais.database.model.Wilayah,Wilayah,Wilayah,ais.database.model,root,ais.database.model.GeneralValueObject,False,True,public,wilayah,False,,,ELIGIBLE_METADATA_FIRST,Kandidat CRUD metadata; tetap default disabled sampai verifikasi Hibernate/menu/scope,ais\database\model\Wilayah.java
ais.database.model.Wisuda,Wisuda,Wisuda,ais.database.model,root,ais.database.model.VOPembelajaran,False,True,public,wisuda,False,ais\action\master\WisudaAction.java,onStatistik|onGenerateNoKursi|onPesertaWisuda|onAlbumWisuda|onAlbumProfile|onTranskipWisuda|onEvent,REVIEW_REQUIRED,mempunyai aksi khusus existing,ais\database\model\Wisuda.java
ais.database.model.akunting.AcaraHasTransaksi,AcaraHasTransaksi,Acara Has Transaksi,ais.database.model.akunting,akunting,ais.database.model.GeneralValueObject,False,True,akunting,acara_has_transaksi,False,,,ELIGIBLE_METADATA_FIRST,Kandidat CRUD metadata; tetap default disabled sampai verifikasi Hibernate/menu/scope,ais\database\model\akunting\AcaraHasTransaksi.java
ais.database.model.akunting.Akun,Akun,Akun,ais.database.model.akunting,akunting,ais.database.model.GeneralValueObject,False,True,akunting,akun,False,ais\action\master\akunting\AkunAction.java,onJenisTransaksi|onBank|onEvent|onAddAkun|onReloadTree,REVIEW_REQUIRED,mempunyai aksi khusus existing,ais\database\model\akunting\Akun.java
ais.database.model.akunting.AkunArusKas,AkunArusKas,Akun Arus Kas,ais.database.model.akunting,akunting,ais.database.model.GeneralValueObject,False,True,akunting,akun_arus_kas,False,ais\action\master\akunting\AkunArusKasAction.java,onEvent,REVIEW_REQUIRED,mempunyai aksi khusus existing,ais\database\model\akunting\AkunArusKas.java
ais.database.model.akunting.AkunPajak,AkunPajak,Akun Pajak,ais.database.model.akunting,akunting,ais.database.model.GeneralValueObject,False,True,akunting,akun_pajak,False,ais\action\master\akunting\AkunPajakAction.java,onEvent,REVIEW_REQUIRED,mempunyai aksi khusus existing,ais\database\model\akunting\AkunPajak.java
ais.database.model.akunting.CaraPembayaranTransfer,CaraPembayaranTransfer,Cara Pembayaran Transfer,ais.database.model.akunting,akunting,ais.database.model.GeneralValueObject,False,True,akunting,cara_pembayaran_transfer,False,ais\action\master\akunting\CaraPembayaranTransferAction.java,onEvent,REVIEW_REQUIRED,mempunyai aksi khusus existing,ais\database\model\akunting\CaraPembayaranTransfer.java
ais.database.model.akunting.Closing,Closing,Closing,ais.database.model.akunting,akunting,ais.database.model.VoKunci,False,True,akunting,closing,False,ais\action\master\akunting\ClosingAction.java,onEvent,REVIEW_REQUIRED,mempunyai aksi khusus existing,ais\database\model\akunting\Closing.java
ais.database.model.akunting.DaftarPengajuanTransfer,DaftarPengajuanTransfer,Daftar Pengajuan Transfer,ais.database.model.akunting,akunting,ais.database.model.sop.DataSop,False,True,akunting,daftar_pengajuan_transfer,False,ais\action\master\akunting\DaftarPengajuanTransferAction.java,onStatistik|onEvent,REVIEW_REQUIRED,mempunyai aksi khusus existing,ais\database\model\akunting\DaftarPengajuanTransfer.java
ais.database.model.akunting.DanaTalangan,DanaTalangan,Dana Talangan,ais.database.model.akunting,akunting,ais.database.model.sop.DataSop,False,True,public,dana_talangan,False,ais\action\master\akunting\DanaTalanganAction.java,onEvent,REVIEW_REQUIRED,mempunyai aksi khusus existing,ais\database\model\akunting\DanaTalangan.java
ais.database.model.akunting.DetailLaporanPertahun,DetailLaporanPertahun,Detail Laporan Pertahun,ais.database.model.akunting,akunting,ais.database.model.GeneralValueObject,False,True,akunting,detail_laporan_pertahun,False,,,ELIGIBLE_METADATA_FIRST,Kandidat CRUD metadata; tetap default disabled sampai verifikasi Hibernate/menu/scope,ais\database\model\akunting\DetailLaporanPertahun.java
ais.database.model.akunting.Devisi,Devisi,Devisi,ais.database.model.akunting,akunting,ais.database.model.GeneralValueObject,False,True,akunting,devisi,False,ais\action\master\akunting\DevisiAction.java|ais\action\master\sirs\DevisiAction.java,onEvent,REVIEW_REQUIRED,mempunyai aksi khusus existing,ais\database\model\akunting\Devisi.java
ais.database.model.akunting.GrupAkun,GrupAkun,Grup Akun,ais.database.model.akunting,akunting,ais.database.model.GeneralValueObject,False,True,akunting,grup_akun,False,ais\action\master\akunting\GrupAkunAction.java,onEvent,REVIEW_REQUIRED,mempunyai aksi khusus existing,ais\database\model\akunting\GrupAkun.java
ais.database.model.akunting.GrupTransaksi,GrupTransaksi,Grup Transaksi,ais.database.model.akunting,akunting,ais.database.model.GeneralValueObject,False,True,akunting,grup_transaksi,False,ais\action\master\akunting\GrupTransaksiAction.java,onEvent|onBatalkanPostingSemua|onPostingSemua,REVIEW_REQUIRED,mempunyai aksi khusus existing,ais\database\model\akunting\GrupTransaksi.java
ais.database.model.akunting.JenisKasBesar,JenisKasBesar,Jenis Kas Besar,ais.database.model.akunting,akunting,ais.database.model.GeneralValueObject,False,True,public,jenis_kas_besar,False,ais\action\master\akunting\JenisKasBesarAction.java,onEvent,REVIEW_REQUIRED,mempunyai aksi khusus existing,ais\database\model\akunting\JenisKasBesar.java
ais.database.model.akunting.JenisKasKecil,JenisKasKecil,Jenis Kas Kecil,ais.database.model.akunting,akunting,ais.database.model.GeneralValueObject,False,True,public,jenis_kas_kecil,False,ais\action\master\akunting\JenisKasKecilAction.java,onEvent,REVIEW_REQUIRED,mempunyai aksi khusus existing,ais\database\model\akunting\JenisKasKecil.java
ais.database.model.akunting.JenisLaporan,JenisLaporan,Jenis Laporan,ais.database.model.akunting,akunting,ais.database.model.GeneralValueObject,False,True,akunting,jenis_laporan,False,ais\action\master\akunting\JenisLaporanAction.java,onEvent,REVIEW_REQUIRED,mempunyai aksi khusus existing,ais\database\model\akunting\JenisLaporan.java
ais.database.model.akunting.JenisTransaksi,JenisTransaksi,Jenis Transaksi,ais.database.model.akunting,akunting,ais.database.model.GeneralValueObject,False,True,akunting,jenis_transaksi,False,ais\action\master\akunting\JenisTransaksiAction.java,onEvent,REVIEW_REQUIRED,mempunyai aksi khusus existing,ais\database\model\akunting\JenisTransaksi.java
ais.database.model.akunting.JenisUangMuka,JenisUangMuka,Jenis Uang Muka,ais.database.model.akunting,akunting,ais.database.model.GeneralValueObject,False,True,public,jenis_uang_muka,False,ais\action\master\akunting\JenisUangMukaAction.java,onEvent,REVIEW_REQUIRED,mempunyai aksi khusus existing,ais\database\model\akunting\JenisUangMuka.java
ais.database.model.akunting.KasBesar,KasBesar,Kas Besar,ais.database.model.akunting,akunting,ais.database.model.sop.DataSop,False,True,akunting,kas_besar,False,ais\action\master\akunting\KasBesarAction.java,onKasBesar|onMonitor|onStatistik|onEvent,REVIEW_REQUIRED,mempunyai aksi khusus existing,ais\database\model\akunting\KasBesar.java
ais.database.model.akunting.KasKecil,KasKecil,Kas Kecil,ais.database.model.akunting,akunting,ais.database.model.sop.DataSop,False,True,akunting,kas_kecil,False,ais\action\master\akunting\KasKecilAction.java,onKasKecil|onStatistik|onMonitor|onEvent,REVIEW_REQUIRED,mempunyai aksi khusus existing,ais\database\model\akunting\KasKecil.java
ais.database.model.akunting.KelompokLaporan,KelompokLaporan,Kelompok Laporan,ais.database.model.akunting,akunting,ais.database.model.GeneralValueObject,False,True,akunting,kelompok_laporan,False,ais\action\master\akunting\KelompokLaporanAction.java,onEvent,REVIEW_REQUIRED,mempunyai aksi khusus existing,ais\database\model\akunting\KelompokLaporan.java
ais.database.model.akunting.KelompokLaporanPunyaAkun,KelompokLaporanPunyaAkun,Kelompok Laporan Punya Akun,ais.database.model.akunting,akunting,ais.database.model.GeneralValueObject,False,True,akunting,kelompok_laporan_punya_akun,False,ais\action\master\akunting\KelompokLaporanPunyaAkunAction.java,onEvent,REVIEW_REQUIRED,mempunyai aksi khusus existing,ais\database\model\akunting\KelompokLaporanPunyaAkun.java
ais.database.model.akunting.MasterGrupLaporan,MasterGrupLaporan,Master Grup Laporan,ais.database.model.akunting,akunting,ais.database.model.GeneralValueObject,False,True,akunting,master_grup_laporan,False,ais\action\master\akunting\MasterGrupLaporanAction.java,onEvent,REVIEW_REQUIRED,mempunyai aksi khusus existing,ais\database\model\akunting\MasterGrupLaporan.java
ais.database.model.akunting.Matauang,Matauang,Matauang,ais.database.model.akunting,akunting,ais.database.model.GeneralValueObject,False,True,akunting,matauang,False,,,ELIGIBLE_METADATA_FIRST,Kandidat CRUD metadata; tetap default disabled sampai verifikasi Hibernate/menu/scope,ais\database\model\akunting\Matauang.java
ais.database.model.akunting.NomorSuratAlurKeuangan,NomorSuratAlurKeuangan,Nomor Surat Alur Keuangan,ais.database.model.akunting,akunting,ais.database.model.GeneralValueObject,False,True,akunting,nomor_surat_alur_keuangan,False,ais\action\master\akunting\NomorSuratAlurKeuanganAction.java,onEvent,REVIEW_REQUIRED,mempunyai aksi khusus existing,ais\database\model\akunting\NomorSuratAlurKeuangan.java
ais.database.model.akunting.Pajak,Pajak,Pajak,ais.database.model.akunting,akunting,ais.database.model.GeneralValueObject,False,True,akunting,pajak,False,ais\action\master\sirs\PajakAction.java,onEvent,REVIEW_REQUIRED,mempunyai aksi khusus existing,ais\database\model\akunting\Pajak.java
ais.database.model.akunting.PenggantianKasKecil,PenggantianKasKecil,Penggantian Kas Kecil,ais.database.model.akunting,akunting,ais.database.model.sop.DataSop,False,True,akunting,penggantian_kas_kecil,False,ais\action\master\akunting\PenggantianKasKecilAction.java,onEvent,REVIEW_REQUIRED,mempunyai aksi khusus existing,ais\database\model\akunting\PenggantianKasKecil.java
ais.database.model.akunting.Pertangungjawaban,Pertangungjawaban,Pertangungjawaban,ais.database.model.akunting,akunting,ais.database.model.sop.DataSop,False,True,akunting,pertangungjawaban,False,ais\action\master\akunting\PertangungjawabanAction.java,onMonitor|onStatistik|onEvent|onAddExternal,REVIEW_REQUIRED,mempunyai aksi khusus existing,ais\database\model\akunting\Pertangungjawaban.java
ais.database.model.akunting.PertangungjawabanKasBesar,PertangungjawabanKasBesar,Pertangungjawaban Kas Besar,ais.database.model.akunting,akunting,ais.database.model.sop.DataSop,False,True,akunting,pertangungjawaban_kas_besar,False,ais\action\master\akunting\PertangungjawabanKasBesarAction.java,onEvent|onAddExternal,REVIEW_REQUIRED,mempunyai aksi khusus existing,ais\database\model\akunting\PertangungjawabanKasBesar.java
ais.database.model.akunting.PostingHistory,PostingHistory,Posting History,ais.database.model.akunting,akunting,ais.database.model.GeneralValueObject,False,True,akunting,posting_history,False,ais\action\master\PostingHistoryAction.java,onEvent,REVIEW_REQUIRED,nama mengindikasikan data transaksi/log/internal: History; mempunyai aksi khusus existing,ais\database\model\akunting\PostingHistory.java
ais.database.model.akunting.ProsesTransfer,ProsesTransfer,Proses Transfer,ais.database.model.akunting,akunting,ais.database.model.sop.DataSop,False,True,akunting,proses_transfer,False,ais\action\master\akunting\ProsesTransferAction.java,onEvent|onAddExternal,REVIEW_REQUIRED,mempunyai aksi khusus existing,ais\database\model\akunting\ProsesTransfer.java
ais.database.model.akunting.ProsesTransferStandingInstruction,ProsesTransferStandingInstruction,Proses Transfer Standing Instruction,ais.database.model.akunting,akunting,ais.database.model.sop.DataSop,False,True,akunting,proses_transfer_standing_instruction,False,ais\action\master\akunting\ProsesTransferStandingInstructionAction.java,onEvent|onAddExternal,REVIEW_REQUIRED,mempunyai aksi khusus existing,ais\database\model\akunting\ProsesTransferStandingInstruction.java
ais.database.model.akunting.ProsesTransitori,ProsesTransitori,Proses Transitori,ais.database.model.akunting,akunting,ais.database.model.sop.DataSop,False,True,akunting,proses_transitori,False,ais\action\master\akunting\ProsesTransitoriAction.java,onEvent,REVIEW_REQUIRED,mempunyai aksi khusus existing,ais\database\model\akunting\ProsesTransitori.java
ais.database.model.akunting.StandingInstruction,StandingInstruction,Standing Instruction,ais.database.model.akunting,akunting,ais.database.model.sop.DataSop,False,True,akunting,standing_instruction,False,ais\action\master\akunting\StandingInstructionAction.java,onStatistik|onEvent,REVIEW_REQUIRED,mempunyai aksi khusus existing,ais\database\model\akunting\StandingInstruction.java
ais.database.model.akunting.TemplateGrupTransaksi,TemplateGrupTransaksi,Template Grup Transaksi,ais.database.model.akunting,akunting,ais.database.model.GeneralValueObject,False,True,akunting,template_grup_transaksi,False,,,REVIEW_REQUIRED,nama mengindikasikan data transaksi/log/internal: Temp,ais\database\model\akunting\TemplateGrupTransaksi.java
ais.database.model.akunting.TemplateTransaksi,TemplateTransaksi,Template Transaksi,ais.database.model.akunting,akunting,ais.database.model.GeneralValueObject,False,True,akunting,template_transaksi,False,,,REVIEW_REQUIRED,nama mengindikasikan data transaksi/log/internal: Temp,ais\database\model\akunting\TemplateTransaksi.java
ais.database.model.akunting.Transaksi,Transaksi,Transaksi,ais.database.model.akunting,akunting,ais.database.model.GeneralValueObject,False,True,akunting,transaksi,False,ais\action\master\sirs\TransaksiAction.java,onEvent|onCetak|onBebas|onBerubah,REVIEW_REQUIRED,mempunyai aksi khusus existing,ais\database\model\akunting\Transaksi.java
ais.database.model.akunting.Transitori,Transitori,Transitori,ais.database.model.akunting,akunting,ais.database.model.GeneralValueObject,False,True,akunting,transitori,False,ais\action\master\akunting\TransitoriAction.java,onEvent,REVIEW_REQUIRED,mempunyai aksi khusus existing,ais\database\model\akunting\Transitori.java
ais.database.model.akunting.UangMuka,UangMuka,Uang Muka,ais.database.model.akunting,akunting,ais.database.model.sop.DataSop,False,True,public,uang_muka,False,ais\action\master\akunting\UangMukaAction.java,onMonitor|onStatistik|onEvent|onAddExternal,REVIEW_REQUIRED,mempunyai aksi khusus existing,ais\database\model\akunting\UangMuka.java
ais.database.model.antarjemput.DetailPenjemputanAntarJemput,DetailPenjemputanAntarJemput,Detail Penjemputan Antar Jemput,ais.database.model.antarjemput,antarjemput,ais.database.model.GeneralValueObject,False,True,public,detail_penjemputan_antar_jemput,False,,,ELIGIBLE_METADATA_FIRST,Kandidat CRUD metadata; tetap default disabled sampai verifikasi Hibernate/menu/scope,ais\database\model\antarjemput\DetailPenjemputanAntarJemput.java
ais.database.model.antarjemput.JadwalAntarJemput,JadwalAntarJemput,Jadwal Antar Jemput,ais.database.model.antarjemput,antarjemput,ais.database.model.GeneralValueObject,False,True,public,jadwal_antar_jemput,False,,,ELIGIBLE_METADATA_FIRST,Kandidat CRUD metadata; tetap default disabled sampai verifikasi Hibernate/menu/scope,ais\database\model\antarjemput\JadwalAntarJemput.java
ais.database.model.antarjemput.KartuPenjemputAntarJemput,KartuPenjemputAntarJemput,Kartu Penjemput Antar Jemput,ais.database.model.antarjemput,antarjemput,ais.database.model.GeneralValueObject,False,True,public,kartu_penjemput_antar_jemput,False,,,ELIGIBLE_METADATA_FIRST,Kandidat CRUD metadata; tetap default disabled sampai verifikasi Hibernate/menu/scope,ais\database\model\antarjemput\KartuPenjemputAntarJemput.java
ais.database.model.antarjemput.KendaraanAntarJemput,KendaraanAntarJemput,Kendaraan Antar Jemput,ais.database.model.antarjemput,antarjemput,ais.database.model.GeneralValueObject,False,True,public,kendaraan_antar_jemput,False,,,ELIGIBLE_METADATA_FIRST,Kandidat CRUD metadata; tetap default disabled sampai verifikasi Hibernate/menu/scope,ais\database\model\antarjemput\KendaraanAntarJemput.java
ais.database.model.antarjemput.LogNotifikasiAntarJemput,LogNotifikasiAntarJemput,Log Notifikasi Antar Jemput,ais.database.model.antarjemput,antarjemput,ais.database.model.GeneralValueObject,False,True,public,log_notifikasi_antar_jemput,False,,,REVIEW_REQUIRED,nama mengindikasikan data transaksi/log/internal: Log,ais\database\model\antarjemput\LogNotifikasiAntarJemput.java
ais.database.model.antarjemput.PesertaJadwalAntarJemput,PesertaJadwalAntarJemput,Peserta Jadwal Antar Jemput,ais.database.model.antarjemput,antarjemput,ais.database.model.GeneralValueObject,False,True,public,peserta_jadwal_antar_jemput,False,,,ELIGIBLE_METADATA_FIRST,Kandidat CRUD metadata; tetap default disabled sampai verifikasi Hibernate/menu/scope,ais\database\model\antarjemput\PesertaJadwalAntarJemput.java
ais.database.model.antarjemput.RuteAntarJemput,RuteAntarJemput,Rute Antar Jemput,ais.database.model.antarjemput,antarjemput,ais.database.model.GeneralValueObject,False,True,public,rute_antar_jemput,False,,,ELIGIBLE_METADATA_FIRST,Kandidat CRUD metadata; tetap default disabled sampai verifikasi Hibernate/menu/scope,ais\database\model\antarjemput\RuteAntarJemput.java
ais.database.model.antarjemput.TransaksiPenjemputanAntarJemput,TransaksiPenjemputanAntarJemput,Transaksi Penjemputan Antar Jemput,ais.database.model.antarjemput,antarjemput,ais.database.model.GeneralValueObject,False,True,public,transaksi_penjemputan_antar_jemput,False,,,ELIGIBLE_METADATA_FIRST,Kandidat CRUD metadata; tetap default disabled sampai verifikasi Hibernate/menu/scope,ais\database\model\antarjemput\TransaksiPenjemputanAntarJemput.java
ais.database.model.asset.Asset,Asset,Asset,ais.database.model.asset,asset,ais.database.model.GeneralValueObject,False,True,asset,asset,False,ais\action\master\asset\AssetAction.java,onInventaris|onEvent,REVIEW_REQUIRED,mempunyai aksi khusus existing,ais\database\model\asset\Asset.java
ais.database.model.asset.AssetDetail,AssetDetail,Asset Detail,ais.database.model.asset,asset,ais.database.model.GeneralValueObject,False,True,asset,asset_detail,False,ais\action\master\asset\AssetDetailAction.java|ais\action\master\asset\helper\AssetDetailAction.java,onLaporanPenyusutan|onPenyusutan|onEvent,REVIEW_REQUIRED,mempunyai aksi khusus existing,ais\database\model\asset\AssetDetail.java
ais.database.model.asset.BreakdownItemTagihanVendor,BreakdownItemTagihanVendor,Breakdown Item Tagihan Vendor,ais.database.model.asset,asset,ais.database.model.GeneralValueObject,False,True,asset,breakdown_item_tagihan_vendor,False,,,ELIGIBLE_METADATA_FIRST,Kandidat CRUD metadata; tetap default disabled sampai verifikasi Hibernate/menu/scope,ais\database\model\asset\BreakdownItemTagihanVendor.java
ais.database.model.asset.CaraPengadaanAsset,CaraPengadaanAsset,Cara Pengadaan Asset,ais.database.model.asset,asset,ais.database.model.GeneralValueObject,False,True,asset,cara_pengadaan_asset,False,ais\action\master\asset\CaraPengadaanAssetAction.java,onEvent,REVIEW_REQUIRED,mempunyai aksi khusus existing,ais\database\model\asset\CaraPengadaanAsset.java
ais.database.model.asset.DetailTransaksiAsset,DetailTransaksiAsset,Detail Transaksi Asset,ais.database.model.asset,asset,ais.database.model.GeneralValueObject,False,True,asset,detail_transaksi_asset,False,,,ELIGIBLE_METADATA_FIRST,Kandidat CRUD metadata; tetap default disabled sampai verifikasi Hibernate/menu/scope,ais\database\model\asset\DetailTransaksiAsset.java
ais.database.model.asset.DokumenPenyediaAsset,DokumenPenyediaAsset,Dokumen Penyedia Asset,ais.database.model.asset,asset,ais.database.model.GeneralValueObject,False,True,asset,dokumen_penyedia_asset,False,ais\action\master\asset\DokumenPenyediaAssetAction.java,onEvent,REVIEW_REQUIRED,mempunyai aksi khusus existing,ais\database\model\asset\DokumenPenyediaAsset.java
ais.database.model.asset.JenisAsset,JenisAsset,Jenis Asset,ais.database.model.asset,asset,ais.database.model.GeneralValueObject,False,True,asset,jenis_asset,False,ais\action\master\asset\JenisAssetAction.java,onEvent,REVIEW_REQUIRED,mempunyai aksi khusus existing,ais\database\model\asset\JenisAsset.java
ais.database.model.asset.JenisLokasi,JenisLokasi,Jenis Lokasi,ais.database.model.asset,asset,ais.database.model.GeneralValueObject,False,True,asset,jenis_lokasi,False,,,ELIGIBLE_METADATA_FIRST,Kandidat CRUD metadata; tetap default disabled sampai verifikasi Hibernate/menu/scope,ais\database\model\asset\JenisLokasi.java
ais.database.model.asset.JenisPajakBarang,JenisPajakBarang,Jenis Pajak Barang,ais.database.model.asset,asset,ais.database.model.GeneralValueObject,False,True,asset,jenis_pajak_barang,False,ais\action\master\asset\JenisPajakBarangAction.java,onDataPpn|onEvent,REVIEW_REQUIRED,mempunyai aksi khusus existing,ais\database\model\asset\JenisPajakBarang.java
ais.database.model.asset.JenisPajakPpn,JenisPajakPpn,Jenis Pajak Ppn,ais.database.model.asset,asset,ais.database.model.GeneralValueObject,False,True,asset,jenis_pajak_ppn,False,ais\action\master\asset\JenisPajakPpnAction.java,onEvent,REVIEW_REQUIRED,mempunyai aksi khusus existing,ais\database\model\asset\JenisPajakPpn.java
ais.database.model.asset.JenisPekerjaanPenyedia,JenisPekerjaanPenyedia,Jenis Pekerjaan Penyedia,ais.database.model.asset,asset,ais.database.model.GeneralValueObject,False,True,asset,jenis_pekerjaan_penyedia,False,ais\action\master\asset\JenisPekerjaanPenyediaAction.java,onEvent,REVIEW_REQUIRED,mempunyai aksi khusus existing,ais\database\model\asset\JenisPekerjaanPenyedia.java
ais.database.model.asset.JenisPembayaranBarang,JenisPembayaranBarang,Jenis Pembayaran Barang,ais.database.model.asset,asset,ais.database.model.GeneralValueObject,False,True,asset,jenis_pembayaran_barang,False,ais\action\master\asset\JenisPembayaranBarangAction.java,onEvent,REVIEW_REQUIRED,mempunyai aksi khusus existing,ais\database\model\asset\JenisPembayaranBarang.java
ais.database.model.asset.JenisPemesananPengadaanAsset,JenisPemesananPengadaanAsset,Jenis Pemesanan Pengadaan Asset,ais.database.model.asset,asset,ais.database.model.GeneralValueObject,False,True,asset,jenis_pemesanan_pengadaan_asset,False,ais\action\master\asset\JenisPemesananPengadaanAssetAction.java,onEvent,REVIEW_REQUIRED,mempunyai aksi khusus existing,ais\database\model\asset\JenisPemesananPengadaanAsset.java
ais.database.model.asset.JenisPenerimaanBarang,JenisPenerimaanBarang,Jenis Penerimaan Barang,ais.database.model.asset,asset,ais.database.model.GeneralValueObject,False,True,asset,jenis_penerimaan_barang,False,ais\action\master\asset\JenisPenerimaanBarangAction.java,onEvent,REVIEW_REQUIRED,mempunyai aksi khusus existing,ais\database\model\asset\JenisPenerimaanBarang.java
ais.database.model.asset.JenisPengapusanBarang,JenisPengapusanBarang,Jenis Pengapusan Barang,ais.database.model.asset,asset,ais.database.model.GeneralValueObject,False,True,asset,jenis_penghapusan_barang,False,ais\action\master\asset\JenisPengapusanBarangAction.java,onEvent,REVIEW_REQUIRED,mempunyai aksi khusus existing,ais\database\model\asset\JenisPengapusanBarang.java
ais.database.model.asset.JenisPenyediaAsset,JenisPenyediaAsset,Jenis Penyedia Asset,ais.database.model.asset,asset,ais.database.model.GeneralValueObject,False,True,asset,jenis_penyedia_asset,False,ais\action\master\asset\JenisPenyediaAssetAction.java,onEvent,REVIEW_REQUIRED,mempunyai aksi khusus existing,ais\database\model\asset\JenisPenyediaAsset.java
ais.database.model.asset.JenisPerbaikanAsset,JenisPerbaikanAsset,Jenis Perbaikan Asset,ais.database.model.asset,asset,ais.database.model.GeneralValueObject,False,True,asset,jenis_perbaikan_asset,False,ais\action\master\asset\JenisPerbaikanAssetAction.java,onEvent,REVIEW_REQUIRED,mempunyai aksi khusus existing,ais\database\model\asset\JenisPerbaikanAsset.java
ais.database.model.asset.JenisPerjanjianKerjasamaAsset,JenisPerjanjianKerjasamaAsset,Jenis Perjanjian Kerjasama Asset,ais.database.model.asset,asset,ais.database.model.GeneralValueObject,False,True,asset,jenis_perjanjian_kerjasama_asset,False,ais\action\master\asset\JenisPerjanjianKerjasamaAssetAction.java,onEvent,REVIEW_REQUIRED,mempunyai aksi khusus existing,ais\database\model\asset\JenisPerjanjianKerjasamaAsset.java
ais.database.model.asset.KategoriAsset,KategoriAsset,Kategori Asset,ais.database.model.asset,asset,ais.database.model.GeneralValueObject,False,True,asset,kategori_asset,False,ais\action\master\asset\KategoriAssetAction.java,onEvent,REVIEW_REQUIRED,mempunyai aksi khusus existing,ais\database\model\asset\KategoriAsset.java
ais.database.model.asset.KategoriPenyediaAsset,KategoriPenyediaAsset,Kategori Penyedia Asset,ais.database.model.asset,asset,ais.database.model.GeneralValueObject,False,True,asset,kategori_penyedia_asset,False,ais\action\master\asset\KategoriPenyediaAssetAction.java,onEvent,REVIEW_REQUIRED,mempunyai aksi khusus existing,ais\database\model\asset\KategoriPenyediaAsset.java
ais.database.model.asset.KelompokAsset,KelompokAsset,Kelompok Asset,ais.database.model.asset,asset,ais.database.model.GeneralValueObject,False,True,asset,kelompok_asset,False,ais\action\master\asset\KelompokAssetAction.java,onEvent,REVIEW_REQUIRED,mempunyai aksi khusus existing,ais\database\model\asset\KelompokAsset.java
ais.database.model.asset.KelompokParameterTambahanPerbaikanAsset,KelompokParameterTambahanPerbaikanAsset,Kelompok Parameter Tambahan Perbaikan Asset,ais.database.model.asset,asset,ais.database.model.GeneralValueObject,False,True,asset,kelompok_parameter_tambahan_perbaikan_asset,False,ais\action\master\asset\KelompokParameterTambahanPerbaikanAssetAction.java,onEvent,REVIEW_REQUIRED,mempunyai aksi khusus existing,ais\database\model\asset\KelompokParameterTambahanPerbaikanAsset.java
ais.database.model.asset.Lokasi,Lokasi,Lokasi,ais.database.model.asset,asset,ais.database.model.GeneralValueObject,False,True,asset,lokasi,False,ais\action\master\asset\LokasiAction.java,onEvent,REVIEW_REQUIRED,mempunyai aksi khusus existing,ais\database\model\asset\Lokasi.java
ais.database.model.asset.MasterAsset,MasterAsset,Master Asset,ais.database.model.asset,asset,ais.database.model.GeneralValueObject,False,True,asset,master_asset,False,ais\action\master\asset\MasterAssetAction.java,onPersediaan|onEvent,REVIEW_REQUIRED,mempunyai aksi khusus existing,ais\database\model\asset\MasterAsset.java
ais.database.model.asset.MutasiLokasi,MutasiLokasi,Mutasi Lokasi,ais.database.model.asset,asset,ais.database.model.GeneralValueObject,False,True,asset,mutasi_lokasi,False,,,ELIGIBLE_METADATA_FIRST,Kandidat CRUD metadata; tetap default disabled sampai verifikasi Hibernate/menu/scope,ais\database\model\asset\MutasiLokasi.java
ais.database.model.asset.NomorSuratAlurPengadaan,NomorSuratAlurPengadaan,Nomor Surat Alur Pengadaan,ais.database.model.asset,asset,ais.database.model.GeneralValueObject,False,True,asset,nomor_surat_alur_pengadaan,False,ais\action\master\asset\NomorSuratAlurPengadaanAction.java,onEvent,REVIEW_REQUIRED,mempunyai aksi khusus existing,ais\database\model\asset\NomorSuratAlurPengadaan.java
ais.database.model.asset.ParameterTambahanPerbaikanAsset,ParameterTambahanPerbaikanAsset,Parameter Tambahan Perbaikan Asset,ais.database.model.asset,asset,ais.database.model.GeneralValueObject,False,True,asset,parameter_tambahan_catatan_siswa,False,ais\action\master\asset\ParameterTambahanPerbaikanAssetAction.java,onResetParameter|onManajemenKelompok|onManajemenParameter|onEvent,REVIEW_REQUIRED,mempunyai aksi khusus existing,ais\database\model\asset\ParameterTambahanPerbaikanAsset.java
ais.database.model.asset.PemakaianMasterAsset,PemakaianMasterAsset,Pemakaian Master Asset,ais.database.model.asset,asset,ais.database.model.sop.DataSop,False,True,asset,pemakaian_master_asset,False,ais\action\master\asset\PemakaianMasterAssetAction.java,onEvent,REVIEW_REQUIRED,mempunyai aksi khusus existing,ais\database\model\asset\PemakaianMasterAsset.java
ais.database.model.asset.PemakaianMasterAssetDetail,PemakaianMasterAssetDetail,Pemakaian Master Asset Detail,ais.database.model.asset,asset,ais.database.model.GeneralValueObject,False,True,asset,pemakaian_master_asset_detail,False,ais\action\master\asset\helper\PemakaianMasterAssetDetailAction.java,onEvent,REVIEW_REQUIRED,mempunyai aksi khusus existing,ais\database\model\asset\PemakaianMasterAssetDetail.java
ais.database.model.asset.PembayaranDpMasterAsset,PembayaranDpMasterAsset,Pembayaran Dp Master Asset,ais.database.model.asset,asset,ais.database.model.sop.DataSop,False,True,asset,pembayaran_dp_master_asset,False,ais\action\master\asset\PembayaranDpMasterAssetAction.java,onEvent,REVIEW_REQUIRED,mempunyai aksi khusus existing,ais\database\model\asset\PembayaranDpMasterAsset.java
ais.database.model.asset.PembayaranDpMasterAssetDetail,PembayaranDpMasterAssetDetail,Pembayaran Dp Master Asset Detail,ais.database.model.asset,asset,ais.database.model.GeneralValueObject,False,True,asset,pembayaran_dp_master_asset_detail,False,,,ELIGIBLE_METADATA_FIRST,Kandidat CRUD metadata; tetap default disabled sampai verifikasi Hibernate/menu/scope,ais\database\model\asset\PembayaranDpMasterAssetDetail.java
ais.database.model.asset.PembayaranPengadaanMasterAsset,PembayaranPengadaanMasterAsset,Pembayaran Pengadaan Master Asset,ais.database.model.asset,asset,ais.database.model.sop.DataSop,False,True,asset,pembayaran_pengadaan_master_asset,False,ais\action\master\asset\PembayaranPengadaanMasterAssetAction.java,onEvent,REVIEW_REQUIRED,mempunyai aksi khusus existing,ais\database\model\asset\PembayaranPengadaanMasterAsset.java
ais.database.model.asset.PembayaranPengadaanMasterAssetDetail,PembayaranPengadaanMasterAssetDetail,Pembayaran Pengadaan Master Asset Detail,ais.database.model.asset,asset,ais.database.model.GeneralValueObject,False,True,asset,pembayaran_pengadaan_master_asset_detail,False,,,ELIGIBLE_METADATA_FIRST,Kandidat CRUD metadata; tetap default disabled sampai verifikasi Hibernate/menu/scope,ais\database\model\asset\PembayaranPengadaanMasterAssetDetail.java
ais.database.model.asset.PembayaranTerminMasterAsset,PembayaranTerminMasterAsset,Pembayaran Termin Master Asset,ais.database.model.asset,asset,ais.database.model.sop.DataSop,False,True,asset,pembayaran_termin_master_asset,False,ais\action\master\asset\PembayaranTerminMasterAssetAction.java,onEvent,REVIEW_REQUIRED,mempunyai aksi khusus existing,ais\database\model\asset\PembayaranTerminMasterAsset.java
ais.database.model.asset.PembayaranTerminMasterAssetDetail,PembayaranTerminMasterAssetDetail,Pembayaran Termin Master Asset Detail,ais.database.model.asset,asset,ais.database.model.GeneralValueObject,False,True,asset,pembayaran_termin_master_asset_detail,False,,,ELIGIBLE_METADATA_FIRST,Kandidat CRUD metadata; tetap default disabled sampai verifikasi Hibernate/menu/scope,ais\database\model\asset\PembayaranTerminMasterAssetDetail.java
ais.database.model.asset.PemesananPengadaanMasterAsset,PemesananPengadaanMasterAsset,Pemesanan Pengadaan Master Asset,ais.database.model.asset,asset,ais.database.model.sop.DataSop,False,True,asset,pemesanan_pengadaan_master_asset,False,ais\action\master\asset\PemesananPengadaanMasterAssetAction.java,onTampilJenisPemesanan|onEvent|onAddExternal,REVIEW_REQUIRED,mempunyai aksi khusus existing,ais\database\model\asset\PemesananPengadaanMasterAsset.java
ais.database.model.asset.PemesananPengadaanMasterAssetDetail,PemesananPengadaanMasterAssetDetail,Pemesanan Pengadaan Master Asset Detail,ais.database.model.asset,asset,ais.database.model.GeneralValueObject,False,True,asset,pemesanan_pengadaan_master_asset_detail,False,ais\action\master\asset\helper\PemesananPengadaanMasterAssetDetailAction.java,onEvent,REVIEW_REQUIRED,mempunyai aksi khusus existing,ais\database\model\asset\PemesananPengadaanMasterAssetDetail.java
ais.database.model.asset.PemilikAsset,PemilikAsset,Pemilik Asset,ais.database.model.asset,asset,ais.database.model.GeneralValueObject,False,True,asset,pemilik_asset,False,ais\action\master\asset\PemilikAssetAction.java,onEvent,REVIEW_REQUIRED,mempunyai aksi khusus existing,ais\database\model\asset\PemilikAsset.java
ais.database.model.asset.PeminjamanMasterAsset,PeminjamanMasterAsset,Peminjaman Master Asset,ais.database.model.asset,asset,ais.database.model.sop.DataSop,False,True,asset,peminjaman_master_asset,False,ais\action\master\asset\PeminjamanMasterAssetAction.java,onEvent,REVIEW_REQUIRED,mempunyai aksi khusus existing,ais\database\model\asset\PeminjamanMasterAsset.java
ais.database.model.asset.PeminjamanMasterAssetDetail,PeminjamanMasterAssetDetail,Peminjaman Master Asset Detail,ais.database.model.asset,asset,ais.database.model.GeneralValueObject,False,True,asset,peminjaman_master_asset_detail,False,ais\action\master\asset\helper\PeminjamanMasterAssetDetailAction.java,onEvent,REVIEW_REQUIRED,mempunyai aksi khusus existing,ais\database\model\asset\PeminjamanMasterAssetDetail.java
ais.database.model.asset.PenerimaanPengadaanMasterAsset,PenerimaanPengadaanMasterAsset,Penerimaan Pengadaan Master Asset,ais.database.model.asset,asset,ais.database.model.sop.DataSop,False,True,asset,penerimaan_pengadaan_master_asset,False,ais\action\master\asset\PenerimaanPengadaanMasterAssetAction.java,onInventaris|onBarangDalamProses|onPersediaan|onEvent|onAddExternal,REVIEW_REQUIRED,mempunyai aksi khusus existing,ais\database\model\asset\PenerimaanPengadaanMasterAsset.java
ais.database.model.asset.PenerimaanPengadaanMasterAssetDetail,PenerimaanPengadaanMasterAssetDetail,Penerimaan Pengadaan Master Asset Detail,ais.database.model.asset,asset,ais.database.model.GeneralValueObject,False,True,asset,penerimaan_pengadaan_master_asset_detail,False,ais\action\master\asset\helper\PenerimaanPengadaanMasterAssetDetailAction.java,onEvent,REVIEW_REQUIRED,mempunyai aksi khusus existing,ais\database\model\asset\PenerimaanPengadaanMasterAssetDetail.java
ais.database.model.asset.PengembalianMasterAsset,PengembalianMasterAsset,Pengembalian Master Asset,ais.database.model.asset,asset,ais.database.model.sop.DataSop,False,True,asset,pengembalian_master_asset,False,ais\action\master\asset\PengembalianMasterAssetAction.java,onEvent,REVIEW_REQUIRED,mempunyai aksi khusus existing,ais\database\model\asset\PengembalianMasterAsset.java
ais.database.model.asset.PenghapusanMasterAsset,PenghapusanMasterAsset,Penghapusan Master Asset,ais.database.model.asset,asset,ais.database.model.sop.DataSop,False,True,asset,penghapusan_master_asset,False,ais\action\master\asset\PenghapusanMasterAssetAction.java,onEvent,REVIEW_REQUIRED,mempunyai aksi khusus existing,ais\database\model\asset\PenghapusanMasterAsset.java
ais.database.model.asset.PenghapusanMasterAssetDetail,PenghapusanMasterAssetDetail,Penghapusan Master Asset Detail,ais.database.model.asset,asset,ais.database.model.GeneralValueObject,False,True,asset,penghapusan_master_asset_detail,False,ais\action\master\asset\helper\PenghapusanMasterAssetDetailAction.java,onEvent,REVIEW_REQUIRED,mempunyai aksi khusus existing,ais\database\model\asset\PenghapusanMasterAssetDetail.java
ais.database.model.asset.PengirimanGudang,PengirimanGudang,Pengiriman Gudang,ais.database.model.asset,asset,ais.database.model.GeneralValueObject,False,True,asset,pengiriman_gudang,False,,,ELIGIBLE_METADATA_FIRST,Kandidat CRUD metadata; tetap default disabled sampai verifikasi Hibernate/menu/scope,ais\database\model\asset\PengirimanGudang.java
ais.database.model.asset.PengirimanGudangDetail,PengirimanGudangDetail,Pengiriman Gudang Detail,ais.database.model.asset,asset,ais.database.model.GeneralValueObject,False,True,asset,pengiriman_gudang_detail,False,,,ELIGIBLE_METADATA_FIRST,Kandidat CRUD metadata; tetap default disabled sampai verifikasi Hibernate/menu/scope,ais\database\model\asset\PengirimanGudangDetail.java
ais.database.model.asset.PenyediaAsset,PenyediaAsset,Penyedia Asset,ais.database.model.asset,asset,ais.database.model.sop.DataSop,False,True,asset,penyedia_asset,True,ais\action\master\asset\PenyediaAssetAction.java,onJenisPekerjaan|onCheck|onDashboardVendor|onJenisPenyedia|onDokumenPenyedia|onKategoriPenyedia|onStatusPenyedia|onEvent|onAddExternal|onAddExternalDaftar|onCalonVendor,REVIEW_REQUIRED,membutuhkan adapter foto; mempunyai aksi khusus existing,ais\database\model\asset\PenyediaAsset.java
ais.database.model.asset.PenyediaAssetPunyaDokumen,PenyediaAssetPunyaDokumen,Penyedia Asset Punya Dokumen,ais.database.model.asset,asset,ais.database.model.GeneralValueObject,False,True,asset,penyedia_asset_punya_dokumen,False,ais\action\master\asset\PenyediaAssetPunyaDokumenAction.java,onEvent,REVIEW_REQUIRED,mempunyai aksi khusus existing,ais\database\model\asset\PenyediaAssetPunyaDokumen.java
ais.database.model.asset.PenyusutanAsset,PenyusutanAsset,Penyusutan Asset,ais.database.model.asset,asset,ais.database.model.GeneralValueObject,False,True,asset,penyusutan_asset,False,ais\action\master\asset\PenyusutanAssetAction.java,onLaporanPenyusutan|onEvent,REVIEW_REQUIRED,mempunyai aksi khusus existing,ais\database\model\asset\PenyusutanAsset.java
ais.database.model.asset.PerbaikanAsset,PerbaikanAsset,Perbaikan Asset,ais.database.model.asset,asset,ais.database.model.sop.DataSop,False,True,asset,perbaikan_asset,False,ais\action\master\asset\PerbaikanAssetAction.java,onLaporan|onJenisPerbaikanAsset|onManajemenParameter|onEvent,REVIEW_REQUIRED,mempunyai aksi khusus existing,ais\database\model\asset\PerbaikanAsset.java
ais.database.model.asset.PerjanjianKerjasamaMasterAsset,PerjanjianKerjasamaMasterAsset,Perjanjian Kerjasama Master Asset,ais.database.model.asset,asset,ais.database.model.sop.DataSop,False,True,asset,perjanjian_kerjasama_master_asset,False,ais\action\master\asset\PerjanjianKerjasamaMasterAssetAction.java,onTampilJenisKerjasama|onEvent,REVIEW_REQUIRED,mempunyai aksi khusus existing,ais\database\model\asset\PerjanjianKerjasamaMasterAsset.java
ais.database.model.asset.PerjanjianKerjasamaMasterAssetDetail,PerjanjianKerjasamaMasterAssetDetail,Perjanjian Kerjasama Master Asset Detail,ais.database.model.asset,asset,ais.database.model.GeneralValueObject,False,True,asset,perjanjian_kerjasama_master_asset_detail,False,ais\action\master\asset\helper\PerjanjianKerjasamaMasterAssetDetailAction.java,onEvent,REVIEW_REQUIRED,mempunyai aksi khusus existing,ais\database\model\asset\PerjanjianKerjasamaMasterAssetDetail.java
ais.database.model.asset.PermintaanPengadaanMasterAsset,PermintaanPengadaanMasterAsset,Permintaan Pengadaan Master Asset,ais.database.model.asset,asset,ais.database.model.sop.DataSop,False,True,asset,permintaan_pengadaan_master_asset,False,ais\action\master\asset\PermintaanPengadaanMasterAssetAction.java,onStatistik|onRiwayatHargaBarangJasa|onTraceStatusBarangJasa|onEvent|onAddExternal,REVIEW_REQUIRED,mempunyai aksi khusus existing,ais\database\model\asset\PermintaanPengadaanMasterAsset.java
ais.database.model.asset.PermintaanPengadaanMasterAssetDetail,PermintaanPengadaanMasterAssetDetail,Permintaan Pengadaan Master Asset Detail,ais.database.model.asset,asset,ais.database.model.GeneralValueObject,False,True,asset,permintaan_pengadaan_master_asset_detail,False,ais\action\master\asset\helper\PermintaanPengadaanMasterAssetDetailAction.java,onEvent,REVIEW_REQUIRED,mempunyai aksi khusus existing,ais\database\model\asset\PermintaanPengadaanMasterAssetDetail.java
ais.database.model.asset.ReturPengadaanMasterAsset,ReturPengadaanMasterAsset,Retur Pengadaan Master Asset,ais.database.model.asset,asset,ais.database.model.GeneralValueObject,False,True,asset,retur_pengadaan_master_asset,False,,,ELIGIBLE_METADATA_FIRST,Kandidat CRUD metadata; tetap default disabled sampai verifikasi Hibernate/menu/scope,ais\database\model\asset\ReturPengadaanMasterAsset.java
ais.database.model.asset.ReturPengadaanMasterAssetDetail,ReturPengadaanMasterAssetDetail,Retur Pengadaan Master Asset Detail,ais.database.model.asset,asset,ais.database.model.GeneralValueObject,False,True,asset,retur_pengadaan_master_asset_detail,False,,,ELIGIBLE_METADATA_FIRST,Kandidat CRUD metadata; tetap default disabled sampai verifikasi Hibernate/menu/scope,ais\database\model\asset\ReturPengadaanMasterAssetDetail.java
ais.database.model.asset.SaldoAwalMasterAsset,SaldoAwalMasterAsset,Saldo Awal Master Asset,ais.database.model.asset,asset,ais.database.model.sop.DataSop,False,True,asset,saldo_awal_master_asset,False,ais\action\master\asset\SaldoAwalMasterAssetAction.java,onEvent|onCetak|onAddExternal,REVIEW_REQUIRED,mempunyai aksi khusus existing,ais\database\model\asset\SaldoAwalMasterAsset.java
ais.database.model.asset.SaldoAwalMasterAssetDetail,SaldoAwalMasterAssetDetail,Saldo Awal Master Asset Detail,ais.database.model.asset,asset,ais.database.model.GeneralValueObject,False,True,asset,saldo_awal_master_asset_detail,False,ais\action\master\asset\helper\SaldoAwalMasterAssetDetailAction.java,onEvent,REVIEW_REQUIRED,mempunyai aksi khusus existing,ais\database\model\asset\SaldoAwalMasterAssetDetail.java
ais.database.model.asset.SatuanMasterAsset,SatuanMasterAsset,Satuan Master Asset,ais.database.model.asset,asset,ais.database.model.GeneralValueObject,False,True,asset,satuan_master_asset,False,ais\action\master\asset\SatuanMasterAssetAction.java,onEvent,REVIEW_REQUIRED,mempunyai aksi khusus existing,ais\database\model\asset\SatuanMasterAsset.java
ais.database.model.asset.StatusAsset,StatusAsset,Status Asset,ais.database.model.asset,asset,ais.database.model.GeneralValueObject,False,True,asset,status_asset,False,ais\action\master\asset\StatusAssetAction.java,onEvent,REVIEW_REQUIRED,mempunyai aksi khusus existing,ais\database\model\asset\StatusAsset.java
ais.database.model.asset.StatusPenyediaAsset,StatusPenyediaAsset,Status Penyedia Asset,ais.database.model.asset,asset,ais.database.model.GeneralValueObject,False,True,asset,status_penyedia_asset,False,ais\action\master\asset\StatusPenyediaAssetAction.java,onEvent,REVIEW_REQUIRED,mempunyai aksi khusus existing,ais\database\model\asset\StatusPenyediaAsset.java
ais.database.model.asset.StokAwal,StokAwal,Stok Awal,ais.database.model.asset,asset,ais.database.model.GeneralValueObject,False,True,asset,stok_awal,False,ais\action\master\asset\StokAwalAction.java,onEvent,REVIEW_REQUIRED,mempunyai aksi khusus existing,ais\database\model\asset\StokAwal.java
ais.database.model.beasiswa.BeasiswaPunyaPersyaratan,BeasiswaPunyaPersyaratan,Beasiswa Punya Persyaratan,ais.database.model.beasiswa,beasiswa,ais.database.model.GeneralValueObject,False,True,public,beasiswa_punya_persyaratan,False,,,ELIGIBLE_METADATA_FIRST,Kandidat CRUD metadata; tetap default disabled sampai verifikasi Hibernate/menu/scope,ais\database\model\beasiswa\BeasiswaPunyaPersyaratan.java
ais.database.model.beasiswa.MahasiswaBeasiswaPersyaratan,MahasiswaBeasiswaPersyaratan,Mahasiswa Beasiswa Persyaratan,ais.database.model.beasiswa,beasiswa,ais.database.model.GeneralValueObject,False,True,public,mahasiswa_beasiswa_persyaratan,False,,,ELIGIBLE_METADATA_FIRST,Kandidat CRUD metadata; tetap default disabled sampai verifikasi Hibernate/menu/scope,ais\database\model\beasiswa\MahasiswaBeasiswaPersyaratan.java
ais.database.model.beasiswa.MahasiswaDaftarBeasiswa,MahasiswaDaftarBeasiswa,Mahasiswa Daftar Beasiswa,ais.database.model.beasiswa,beasiswa,ais.database.model.GeneralValueObject,False,True,public,mahasiswa_daftar_beasiswa,False,,,ELIGIBLE_METADATA_FIRST,Kandidat CRUD metadata; tetap default disabled sampai verifikasi Hibernate/menu/scope,ais\database\model\beasiswa\MahasiswaDaftarBeasiswa.java
ais.database.model.beasiswa.PersyaratanBeasiswa,PersyaratanBeasiswa,Persyaratan Beasiswa,ais.database.model.beasiswa,beasiswa,ais.database.model.GeneralValueObject,False,True,public,persyaratan_beasiswa,False,ais\action\master\beasiswa\PersyaratanBeasiswaAction.java,onEvent,REVIEW_REQUIRED,mempunyai aksi khusus existing,ais\database\model\beasiswa\PersyaratanBeasiswa.java
ais.database.model.bni.BniRequest,BniRequest,Bni Request,ais.database.model.bni,bni,ais.database.model.GeneralValueObject,False,True,public,bni_request,False,ais\action\master\bni\BniRequestAction.java,onEvent,REVIEW_REQUIRED,modul integrasi eksternal; nama mengindikasikan data transaksi/log/internal: Request; mempunyai aksi khusus existing,ais\database\model\bni\BniRequest.java
ais.database.model.bni.BniRequestDetail,BniRequestDetail,Bni Request Detail,ais.database.model.bni,bni,ais.database.model.GeneralValueObject,False,True,public,bni_request_detail,False,,,REVIEW_REQUIRED,modul integrasi eksternal; nama mengindikasikan data transaksi/log/internal: Request,ais\database\model\bni\BniRequestDetail.java
ais.database.model.bni.BniRequestDetailBiaya,BniRequestDetailBiaya,Bni Request Detail Biaya,ais.database.model.bni,bni,ais.database.model.GeneralValueObject,False,True,public,bni_request_detail_biaya,False,,,REVIEW_REQUIRED,modul integrasi eksternal; nama mengindikasikan data transaksi/log/internal: Request,ais\database\model\bni\BniRequestDetailBiaya.java
ais.database.model.bni.BniResponse,BniResponse,Bni Response,ais.database.model.bni,bni,ais.database.model.GeneralValueObject,False,True,public,bni_response,False,,,REVIEW_REQUIRED,modul integrasi eksternal; nama mengindikasikan data transaksi/log/internal: Response,ais\database\model\bni\BniResponse.java
ais.database.model.bri.BriRequest,BriRequest,Bri Request,ais.database.model.bri,bri,ais.database.model.GeneralValueObject,False,True,public,bri_request,False,ais\action\master\bri\BriRequestAction.java,onEvent,REVIEW_REQUIRED,modul integrasi eksternal; nama mengindikasikan data transaksi/log/internal: Request; mempunyai aksi khusus existing,ais\database\model\bri\BriRequest.java
ais.database.model.bri.BriRequestDetail,BriRequestDetail,Bri Request Detail,ais.database.model.bri,bri,ais.database.model.GeneralValueObject,False,True,public,bri_request_detail,False,,,REVIEW_REQUIRED,modul integrasi eksternal; nama mengindikasikan data transaksi/log/internal: Request,ais\database\model\bri\BriRequestDetail.java
ais.database.model.bri.BriRequestDetailBiaya,BriRequestDetailBiaya,Bri Request Detail Biaya,ais.database.model.bri,bri,ais.database.model.GeneralValueObject,False,True,public,bri_request_detail_biaya,False,,,REVIEW_REQUIRED,modul integrasi eksternal; nama mengindikasikan data transaksi/log/internal: Request,ais\database\model\bri\BriRequestDetailBiaya.java
ais.database.model.bri.BriResponse,BriResponse,Bri Response,ais.database.model.bri,bri,ais.database.model.GeneralValueObject,False,True,public,bri_response,False,,,REVIEW_REQUIRED,modul integrasi eksternal; nama mengindikasikan data transaksi/log/internal: Response,ais\database\model\bri\BriResponse.java
ais.database.model.bsi.BsiRequest,BsiRequest,Bsi Request,ais.database.model.bsi,bsi,ais.database.model.GeneralValueObject,False,True,public,bsi_request,False,ais\action\master\bsi\BsiRequestAction.java,onEvent,REVIEW_REQUIRED,modul integrasi eksternal; nama mengindikasikan data transaksi/log/internal: Request; mempunyai aksi khusus existing,ais\database\model\bsi\BsiRequest.java
ais.database.model.bsi.BsiRequestDetail,BsiRequestDetail,Bsi Request Detail,ais.database.model.bsi,bsi,ais.database.model.GeneralValueObject,False,True,public,bsi_request_detail,False,,,REVIEW_REQUIRED,modul integrasi eksternal; nama mengindikasikan data transaksi/log/internal: Request,ais\database\model\bsi\BsiRequestDetail.java
ais.database.model.bsi.BsiRequestDetailBiaya,BsiRequestDetailBiaya,Bsi Request Detail Biaya,ais.database.model.bsi,bsi,ais.database.model.GeneralValueObject,False,True,public,bsi_request_detail_biaya,False,,,REVIEW_REQUIRED,modul integrasi eksternal; nama mengindikasikan data transaksi/log/internal: Request,ais\database\model\bsi\BsiRequestDetailBiaya.java
ais.database.model.bsi.BsiResponse,BsiResponse,Bsi Response,ais.database.model.bsi,bsi,ais.database.model.GeneralValueObject,False,True,public,bsi_response,False,,,REVIEW_REQUIRED,modul integrasi eksternal; nama mengindikasikan data transaksi/log/internal: Response,ais\database\model\bsi\BsiResponse.java
ais.database.model.cimb.CimbRequest,CimbRequest,Cimb Request,ais.database.model.cimb,cimb,ais.database.model.GeneralValueObject,False,True,public,cimb_request,False,ais\action\master\cimb\CimbRequestAction.java,onEvent,REVIEW_REQUIRED,modul integrasi eksternal; nama mengindikasikan data transaksi/log/internal: Request; mempunyai aksi khusus existing,ais\database\model\cimb\CimbRequest.java
ais.database.model.cimb.CimbRequestDetail,CimbRequestDetail,Cimb Request Detail,ais.database.model.cimb,cimb,ais.database.model.GeneralValueObject,False,True,public,cimb_request_detail,False,,,REVIEW_REQUIRED,modul integrasi eksternal; nama mengindikasikan data transaksi/log/internal: Request,ais\database\model\cimb\CimbRequestDetail.java
ais.database.model.cimb.CimbRequestDetailBiaya,CimbRequestDetailBiaya,Cimb Request Detail Biaya,ais.database.model.cimb,cimb,ais.database.model.GeneralValueObject,False,True,public,cimb_request_detail_biaya,False,,,REVIEW_REQUIRED,modul integrasi eksternal; nama mengindikasikan data transaksi/log/internal: Request,ais\database\model\cimb\CimbRequestDetailBiaya.java
ais.database.model.cimb.CimbResponse,CimbResponse,Cimb Response,ais.database.model.cimb,cimb,ais.database.model.GeneralValueObject,False,True,public,cimb_response,False,,,REVIEW_REQUIRED,modul integrasi eksternal; nama mengindikasikan data transaksi/log/internal: Response,ais\database\model\cimb\CimbResponse.java
ais.database.model.config.SchemaConfig,SchemaConfig,Schema Config,ais.database.model.config,config,ais.database.model.GeneralValueObject,False,True,config,schema_config,False,,,ELIGIBLE_METADATA_FIRST,Kandidat CRUD metadata; tetap default disabled sampai verifikasi Hibernate/menu/scope,ais\database\model\config\SchemaConfig.java
ais.database.model.doku.DokuRequest,DokuRequest,Doku Request,ais.database.model.doku,doku,ais.database.model.GeneralValueObject,False,True,public,doku_request,False,,,REVIEW_REQUIRED,nama mengindikasikan data transaksi/log/internal: Request,ais\database\model\doku\DokuRequest.java
ais.database.model.doku.DokuRequestDetail,DokuRequestDetail,Doku Request Detail,ais.database.model.doku,doku,ais.database.model.GeneralValueObject,False,True,public,doku_request_detail,False,,,REVIEW_REQUIRED,nama mengindikasikan data transaksi/log/internal: Request,ais\database\model\doku\DokuRequestDetail.java
ais.database.model.doku.DokuRequestDetailBiaya,DokuRequestDetailBiaya,Doku Request Detail Biaya,ais.database.model.doku,doku,ais.database.model.GeneralValueObject,False,True,public,doku_request_detail_biaya,False,,,REVIEW_REQUIRED,nama mengindikasikan data transaksi/log/internal: Request,ais\database\model\doku\DokuRequestDetailBiaya.java
ais.database.model.doku.DokuResponse,DokuResponse,Doku Response,ais.database.model.doku,doku,ais.database.model.GeneralValueObject,False,True,public,doku_response,False,,,REVIEW_REQUIRED,nama mengindikasikan data transaksi/log/internal: Response,ais\database\model\doku\DokuResponse.java
ais.database.model.employ.DaftarNilaiPelaksanaanPekerjaan,DaftarNilaiPelaksanaanPekerjaan,Daftar Nilai Pelaksanaan Pekerjaan,ais.database.model.employ,employ,ais.database.model.GeneralValueObject,False,True,employ,daftar_nilai_pelaksanaan_pekerjaan,False,ais\action\master\employ\DaftarNilaiPelaksanaanPekerjaanAction.java,onEvent,REVIEW_REQUIRED,mempunyai aksi khusus existing,ais\database\model\employ\DaftarNilaiPelaksanaanPekerjaan.java
ais.database.model.employ.Diklat,Diklat,Diklat,ais.database.model.employ,employ,ais.database.model.GeneralValueObject,False,True,employ,diklat,False,ais\action\master\employ\DiklatAction.java,onEvent,REVIEW_REQUIRED,mempunyai aksi khusus existing,ais\database\model\employ\Diklat.java
ais.database.model.employ.GajiPokok,GajiPokok,Gaji Pokok,ais.database.model.employ,employ,ais.database.model.GeneralValueObject,False,True,employ,gaji_pokok,False,ais\action\master\employ\GajiPokokAction.java,onKodeTunjangan|onInsentif|onMakan|onTransport|onEvent|onDownload|onUploadGapok,REVIEW_REQUIRED,mempunyai aksi khusus existing,ais\database\model\employ\GajiPokok.java
ais.database.model.employ.Golongan,Golongan,Golongan,ais.database.model.employ,employ,ais.database.model.GeneralValueObject,False,True,employ,golongan,False,ais\action\master\employ\GolonganAction.java,onUnit|onSkor|onKonstanta|onManajemenParameter|onEvent,REVIEW_REQUIRED,mempunyai aksi khusus existing,ais\database\model\employ\Golongan.java
ais.database.model.employ.GradeTunjanganKinerja,GradeTunjanganKinerja,Grade Tunjangan Kinerja,ais.database.model.employ,employ,ais.database.model.GeneralValueObject,False,True,employ,grade_tunjangan_kinerja,False,,,ELIGIBLE_METADATA_FIRST,Kandidat CRUD metadata; tetap default disabled sampai verifikasi Hibernate/menu/scope,ais\database\model\employ\GradeTunjanganKinerja.java
ais.database.model.employ.HukumanPegawai,HukumanPegawai,Hukuman Pegawai,ais.database.model.employ,employ,ais.database.model.GeneralValueObject,False,True,employ,hukuman_pegawai,False,ais\action\master\employ\HukumanPegawaiAction.java,onEvent,REVIEW_REQUIRED,mempunyai aksi khusus existing,ais\database\model\employ\HukumanPegawai.java
ais.database.model.employ.Insentif,Insentif,Insentif,ais.database.model.employ,employ,ais.database.model.GeneralValueObject,False,True,employ,insentif,False,ais\action\master\employ\InsentifAction.java,onEvent,REVIEW_REQUIRED,mempunyai aksi khusus existing,ais\database\model\employ\Insentif.java
ais.database.model.employ.JabatanFungsional,JabatanFungsional,Jabatan Fungsional,ais.database.model.employ,employ,ais.database.model.GeneralValueObject,False,True,employ,jabatan_fungsional,False,ais\action\master\employ\JabatanFungsionalAction.java,onEvent,REVIEW_REQUIRED,mempunyai aksi khusus existing,ais\database\model\employ\JabatanFungsional.java
ais.database.model.employ.JabatanFungsionalTambahan,JabatanFungsionalTambahan,Jabatan Fungsional Tambahan,ais.database.model.employ,employ,ais.database.model.GeneralValueObject,False,True,employ,jabatan_fungsional_tambahan,False,ais\action\master\employ\JabatanFungsionalTambahanAction.java,onEvent,REVIEW_REQUIRED,mempunyai aksi khusus existing,ais\database\model\employ\JabatanFungsionalTambahan.java
ais.database.model.employ.JabatanStruktural,JabatanStruktural,Jabatan Struktural,ais.database.model.employ,employ,ais.database.model.GeneralValueObject,False,True,employ,jabatan_struktural,False,ais\action\master\employ\JabatanStrukturalAction.java,onEvent,REVIEW_REQUIRED,mempunyai aksi khusus existing,ais\database\model\employ\JabatanStruktural.java
ais.database.model.employ.JamKerjaPegawai,JamKerjaPegawai,Jam Kerja Pegawai,ais.database.model.employ,employ,ais.database.model.GeneralValueObject,False,True,employ,jam_kerja_pegawai,False,,,ELIGIBLE_METADATA_FIRST,Kandidat CRUD metadata; tetap default disabled sampai verifikasi Hibernate/menu/scope,ais\database\model\employ\JamKerjaPegawai.java
ais.database.model.employ.JenisCutiDanIzin,JenisCutiDanIzin,Jenis Cuti Dan Izin,ais.database.model.employ,employ,ais.database.model.GeneralValueObject,False,True,employ,jenis_cuti_dan_izin,False,ais\action\master\employ\JenisCutiDanIzinAction.java,onEvent,REVIEW_REQUIRED,mempunyai aksi khusus existing,ais\database\model\employ\JenisCutiDanIzin.java
ais.database.model.employ.JenisDiklat,JenisDiklat,Jenis Diklat,ais.database.model.employ,employ,ais.database.model.GeneralValueObject,False,True,employ,jenis_diklat,False,ais\action\master\employ\JenisDiklatAction.java,onEvent,REVIEW_REQUIRED,mempunyai aksi khusus existing,ais\database\model\employ\JenisDiklat.java
ais.database.model.employ.JenisJabatan,JenisJabatan,Jenis Jabatan,ais.database.model.employ,employ,ais.database.model.GeneralValueObject,False,True,employ,jenis_jabatan,False,ais\action\master\employ\JenisJabatanAction.java,onEvent,REVIEW_REQUIRED,mempunyai aksi khusus existing,ais\database\model\employ\JenisJabatan.java
ais.database.model.employ.JenisKegiatanEmploy,JenisKegiatanEmploy,Jenis Kegiatan Employ,ais.database.model.employ,employ,ais.database.model.GeneralValueObject,False,True,employ,jenis_kegiatan_employ,False,ais\action\master\employ\JenisKegiatanEmployAction.java,onEvent,REVIEW_REQUIRED,mempunyai aksi khusus existing,ais\database\model\employ\JenisKegiatanEmploy.java
ais.database.model.employ.JenisKenaikanPangkat,JenisKenaikanPangkat,Jenis Kenaikan Pangkat,ais.database.model.employ,employ,ais.database.model.GeneralValueObject,False,True,employ,jenis_kenaikan_pangkat,False,ais\action\master\employ\JenisKenaikanPangkatAction.java,onEvent,REVIEW_REQUIRED,mempunyai aksi khusus existing,ais\database\model\employ\JenisKenaikanPangkat.java
ais.database.model.employ.JenisPelatihan,JenisPelatihan,Jenis Pelatihan,ais.database.model.employ,employ,ais.database.model.GeneralValueObject,False,True,employ,jenis_pelatihan,False,ais\action\master\employ\JenisPelatihanAction.java,onEvent,REVIEW_REQUIRED,mempunyai aksi khusus existing,ais\database\model\employ\JenisPelatihan.java
ais.database.model.employ.JenisPensiun,JenisPensiun,Jenis Pensiun,ais.database.model.employ,employ,ais.database.model.GeneralValueObject,False,True,employ,jenis_pensiun,False,ais\action\master\employ\JenisPensiunAction.java,onEvent,REVIEW_REQUIRED,mempunyai aksi khusus existing,ais\database\model\employ\JenisPensiun.java
ais.database.model.employ.JenisPeraturan,JenisPeraturan,Jenis Peraturan,ais.database.model.employ,employ,ais.database.model.GeneralValueObject,False,True,employ,jenis_peraturan,False,,,ELIGIBLE_METADATA_FIRST,Kandidat CRUD metadata; tetap default disabled sampai verifikasi Hibernate/menu/scope,ais\database\model\employ\JenisPeraturan.java
ais.database.model.employ.JenisPimpinan,JenisPimpinan,Jenis Pimpinan,ais.database.model.employ,employ,ais.database.model.GeneralValueObject,False,True,employ,jenis_pimpinan,False,ais\action\master\employ\JenisPimpinanAction.java,onEvent,REVIEW_REQUIRED,mempunyai aksi khusus existing,ais\database\model\employ\JenisPimpinan.java
ais.database.model.employ.JenisTandaJasa,JenisTandaJasa,Jenis Tanda Jasa,ais.database.model.employ,employ,ais.database.model.GeneralValueObject,False,True,employ,jenis_tanda_jasa,False,ais\action\master\employ\JenisTandaJasaAction.java,onEvent,REVIEW_REQUIRED,mempunyai aksi khusus existing,ais\database\model\employ\JenisTandaJasa.java
ais.database.model.employ.KelompokParameterTambahanCutiDanIzin,KelompokParameterTambahanCutiDanIzin,Kelompok Parameter Tambahan Cuti Dan Izin,ais.database.model.employ,employ,ais.database.model.GeneralValueObject,False,True,payroll,kelompok_parameter_tambahan_pengajuan_pegawai,False,ais\action\master\employ\KelompokParameterTambahanCutiDanIzinAction.java,onEvent,REVIEW_REQUIRED,mempunyai aksi khusus existing,ais\database\model\employ\KelompokParameterTambahanCutiDanIzin.java
ais.database.model.employ.Keluarga,Keluarga,Keluarga,ais.database.model.employ,employ,ais.database.model.GeneralValueObject,False,True,employ,keluarga,False,ais\action\master\employ\KeluargaAction.java,,ELIGIBLE_PARITY_FIRST,Sudah mempunyai Action existing; migrasi dengan parity test,ais\database\model\employ\Keluarga.java
ais.database.model.employ.KenaikanGajiBerkala,KenaikanGajiBerkala,Kenaikan Gaji Berkala,ais.database.model.employ,employ,ais.database.model.GeneralValueObject,False,True,employ,kenaikan_gaji_berkala,False,ais\action\master\employ\KenaikanGajiBerkalaAction.java,onEvent,REVIEW_REQUIRED,mempunyai aksi khusus existing,ais\database\model\employ\KenaikanGajiBerkala.java
ais.database.model.employ.KenaikanPangkat,KenaikanPangkat,Kenaikan Pangkat,ais.database.model.employ,employ,ais.database.model.sop.DataSop,False,True,employ,kenaikan_pangkat,False,ais\action\master\employ\KenaikanPangkatAction.java,onEvent,REVIEW_REQUIRED,mempunyai aksi khusus existing,ais\database\model\employ\KenaikanPangkat.java
ais.database.model.employ.KomunikasiPegawai,KomunikasiPegawai,Komunikasi Pegawai,ais.database.model.employ,employ,ais.database.model.GeneralValueObject,False,True,employ,komunikasi_pegawai,False,,,ELIGIBLE_METADATA_FIRST,Kandidat CRUD metadata; tetap default disabled sampai verifikasi Hibernate/menu/scope,ais\database\model\employ\KomunikasiPegawai.java
ais.database.model.employ.KonfigurasiSK,KonfigurasiSK,Konfigurasi S K,ais.database.model.employ,employ,ais.database.model.GeneralValueObject,False,True,employ,konfigurasi_sk,False,ais\action\master\employ\KonfigurasiSKAction.java,onEvent,REVIEW_REQUIRED,mempunyai aksi khusus existing,ais\database\model\employ\KonfigurasiSK.java
ais.database.model.employ.Makan,Makan,Makan,ais.database.model.employ,employ,ais.database.model.GeneralValueObject,False,True,employ,makan,False,ais\action\master\employ\MakanAction.java,onEvent,REVIEW_REQUIRED,mempunyai aksi khusus existing,ais\database\model\employ\Makan.java
ais.database.model.employ.MasaKerja,MasaKerja,Masa Kerja,ais.database.model.employ,employ,ais.database.model.GeneralValueObject,False,True,employ,masa_kerja,False,ais\action\master\employ\MasaKerjaAction.java,onEvent,REVIEW_REQUIRED,mempunyai aksi khusus existing,ais\database\model\employ\MasaKerja.java
ais.database.model.employ.MutasiPindah,MutasiPindah,Mutasi Pindah,ais.database.model.employ,employ,ais.database.model.GeneralValueObject,False,True,employ,mutasi_pindah,False,,,ELIGIBLE_METADATA_FIRST,Kandidat CRUD metadata; tetap default disabled sampai verifikasi Hibernate/menu/scope,ais\database\model\employ\MutasiPindah.java
ais.database.model.employ.ParameterTambahanCutiDanIzin,ParameterTambahanCutiDanIzin,Parameter Tambahan Cuti Dan Izin,ais.database.model.employ,employ,ais.database.model.GeneralValueObject,False,True,employ,parameter_tambahan_pengajuan_pegawai,False,ais\action\master\employ\ParameterTambahanCutiDanIzinAction.java,onResetParameter|onManajemenKelompok|onManajemenParameter|onEvent,REVIEW_REQUIRED,mempunyai aksi khusus existing,ais\database\model\employ\ParameterTambahanCutiDanIzin.java
ais.database.model.employ.PelanggaranDanHukumanPegawai,PelanggaranDanHukumanPegawai,Pelanggaran Dan Hukuman Pegawai,ais.database.model.employ,employ,ais.database.model.GeneralValueObject,False,True,employ,pelanggaran_dan_hukuman_pegawai,False,ais\action\master\employ\PelanggaranDanHukumanPegawaiAction.java,onEvent|onDasbor,REVIEW_REQUIRED,mempunyai aksi khusus existing,ais\database\model\employ\PelanggaranDanHukumanPegawai.java
ais.database.model.employ.PelanggaranPegawai,PelanggaranPegawai,Pelanggaran Pegawai,ais.database.model.employ,employ,ais.database.model.GeneralValueObject,False,True,employ,pelanggaran_pegawai,False,ais\action\master\employ\PelanggaranPegawaiAction.java,onEvent|onDasbor,REVIEW_REQUIRED,mempunyai aksi khusus existing,ais\database\model\employ\PelanggaranPegawai.java
ais.database.model.employ.PendataanPelanggaranPegawai,PendataanPelanggaranPegawai,Pendataan Pelanggaran Pegawai,ais.database.model.employ,employ,ais.database.model.sop.DataSop,False,True,employ,pendataan_pelanggaran_pegawai,False,ais\action\master\employ\PendataanPelanggaranPegawaiAction.java,onEvent|onDasbor,REVIEW_REQUIRED,mempunyai aksi khusus existing,ais\database\model\employ\PendataanPelanggaranPegawai.java
ais.database.model.employ.Pendidikan,Pendidikan,Pendidikan,ais.database.model.employ,employ,ais.database.model.GeneralValueObject,False,True,employ,pendidikan,False,ais\action\master\employ\PendidikanAction.java,onEvent,REVIEW_REQUIRED,mempunyai aksi khusus existing,ais\database\model\employ\Pendidikan.java
ais.database.model.employ.Pensiun,Pensiun,Pensiun,ais.database.model.employ,employ,ais.database.model.GeneralValueObject,False,True,employ,pensiun,False,ais\action\master\employ\PensiunAction.java,,ELIGIBLE_PARITY_FIRST,Sudah mempunyai Action existing; migrasi dengan parity test,ais\database\model\employ\Pensiun.java
ais.database.model.employ.Peraturan,Peraturan,Peraturan,ais.database.model.employ,employ,ais.database.model.GeneralValueObject,False,True,employ,peraturan,False,ais\action\master\employ\PeraturanAction.java,onEvent,REVIEW_REQUIRED,mempunyai aksi khusus existing,ais\database\model\employ\Peraturan.java
ais.database.model.employ.RiwayatKartuIdentitasPegawai,RiwayatKartuIdentitasPegawai,Riwayat Kartu Identitas Pegawai,ais.database.model.employ,employ,ais.database.model.GeneralValueObject,False,True,employ,riwayat_kartu_identitas_pegawai,False,ais\action\master\employ\RiwayatKartuIdentitasPegawaiAction.java,,ELIGIBLE_PARITY_FIRST,Sudah mempunyai Action existing; migrasi dengan parity test,ais\database\model\employ\RiwayatKartuIdentitasPegawai.java
ais.database.model.employ.RiwayatKeluarNegeriPegawai,RiwayatKeluarNegeriPegawai,Riwayat Keluar Negeri Pegawai,ais.database.model.employ,employ,ais.database.model.GeneralValueObject,False,True,employ,riwayat_keluar_negeri_pegawai,False,ais\action\master\employ\RiwayatKeluarNegeriPegawaiAction.java,,ELIGIBLE_PARITY_FIRST,Sudah mempunyai Action existing; migrasi dengan parity test,ais\database\model\employ\RiwayatKeluarNegeriPegawai.java
ais.database.model.employ.RiwayatKerjaPegawai,RiwayatKerjaPegawai,Riwayat Kerja Pegawai,ais.database.model.employ,employ,ais.database.model.GeneralValueObject,False,True,employ,riwayat_kerja_pegawai,False,ais\action\master\employ\RiwayatKerjaPegawaiAction.java,,ELIGIBLE_PARITY_FIRST,Sudah mempunyai Action existing; migrasi dengan parity test,ais\database\model\employ\RiwayatKerjaPegawai.java
ais.database.model.employ.RiwayatKeteranganLainPegawai,RiwayatKeteranganLainPegawai,Riwayat Keterangan Lain Pegawai,ais.database.model.employ,employ,ais.database.model.GeneralValueObject,False,True,employ,riwayat_keterangan_lain_pegawai,False,ais\action\master\employ\RiwayatKeteranganLainPegawaiAction.java,,ELIGIBLE_PARITY_FIRST,Sudah mempunyai Action existing; migrasi dengan parity test,ais\database\model\employ\RiwayatKeteranganLainPegawai.java
ais.database.model.employ.RiwayatOrganisasiKampusPegawai,RiwayatOrganisasiKampusPegawai,Riwayat Organisasi Kampus Pegawai,ais.database.model.employ,employ,ais.database.model.GeneralValueObject,False,True,employ,riwayat_organisasi_kampus_pegawai,False,ais\action\master\employ\RiwayatOrganisasiKampusPegawaiAction.java,,ELIGIBLE_PARITY_FIRST,Sudah mempunyai Action existing; migrasi dengan parity test,ais\database\model\employ\RiwayatOrganisasiKampusPegawai.java
ais.database.model.employ.RiwayatOrganisasiLainPegawai,RiwayatOrganisasiLainPegawai,Riwayat Organisasi Lain Pegawai,ais.database.model.employ,employ,ais.database.model.GeneralValueObject,False,True,employ,riwayat_organisasi_lain_pegawai,False,ais\action\master\employ\RiwayatOrganisasiLainPegawaiAction.java,,ELIGIBLE_PARITY_FIRST,Sudah mempunyai Action existing; migrasi dengan parity test,ais\database\model\employ\RiwayatOrganisasiLainPegawai.java
ais.database.model.employ.RiwayatOrganisasiSekolahPegawai,RiwayatOrganisasiSekolahPegawai,Riwayat Organisasi Sekolah Pegawai,ais.database.model.employ,employ,ais.database.model.GeneralValueObject,False,True,employ,riwayat_organisasi_sekolah_pegawai,False,ais\action\master\employ\RiwayatOrganisasiSekolahPegawaiAction.java,,ELIGIBLE_PARITY_FIRST,Sudah mempunyai Action existing; migrasi dengan parity test,ais\database\model\employ\RiwayatOrganisasiSekolahPegawai.java
ais.database.model.employ.RiwayatPelatihanPegawai,RiwayatPelatihanPegawai,Riwayat Pelatihan Pegawai,ais.database.model.employ,employ,ais.database.model.GeneralValueObject,False,True,employ,riwayat_pelatihan_pegawai,False,ais\action\master\employ\RiwayatPelatihanPegawaiAction.java,,ELIGIBLE_PARITY_FIRST,Sudah mempunyai Action existing; migrasi dengan parity test,ais\database\model\employ\RiwayatPelatihanPegawai.java
ais.database.model.employ.RiwayatPendidikanPegawai,RiwayatPendidikanPegawai,Riwayat Pendidikan Pegawai,ais.database.model.employ,employ,ais.database.model.GeneralValueObject,False,True,employ,riwayat_pendidikan_pegawai,False,ais\action\master\employ\RiwayatPendidikanPegawaiAction.java,,ELIGIBLE_PARITY_FIRST,Sudah mempunyai Action existing; migrasi dengan parity test,ais\database\model\employ\RiwayatPendidikanPegawai.java
ais.database.model.employ.RiwayatStatusKepegawaian,RiwayatStatusKepegawaian,Riwayat Status Kepegawaian,ais.database.model.employ,employ,ais.database.model.GeneralValueObject,False,True,employ,riwayat_status_kepegawaian,False,ais\action\master\employ\RiwayatStatusKepegawaianAction.java,onEvent,REVIEW_REQUIRED,mempunyai aksi khusus existing,ais\database\model\employ\RiwayatStatusKepegawaian.java
ais.database.model.employ.RiwayatTandaJasaPegawai,RiwayatTandaJasaPegawai,Riwayat Tanda Jasa Pegawai,ais.database.model.employ,employ,ais.database.model.GeneralValueObject,False,True,employ,riwayat_tanda_jasa_pegawai,False,ais\action\master\employ\RiwayatTandaJasaPegawaiAction.java,,ELIGIBLE_PARITY_FIRST,Sudah mempunyai Action existing; migrasi dengan parity test,ais\database\model\employ\RiwayatTandaJasaPegawai.java
ais.database.model.employ.SatuanKerjaEmploy,SatuanKerjaEmploy,Satuan Kerja Employ,ais.database.model.employ,employ,ais.database.model.GeneralValueObject,False,True,employ,satuan_kerja_employ,False,,,ELIGIBLE_METADATA_FIRST,Kandidat CRUD metadata; tetap default disabled sampai verifikasi Hibernate/menu/scope,ais\database\model\employ\SatuanKerjaEmploy.java
ais.database.model.employ.Seminar,Seminar,Seminar,ais.database.model.employ,employ,ais.database.model.GeneralValueObject,False,True,public,seminar,False,,,ELIGIBLE_METADATA_FIRST,Kandidat CRUD metadata; tetap default disabled sampai verifikasi Hibernate/menu/scope,ais\database\model\employ\Seminar.java
ais.database.model.employ.SkorGolongan,SkorGolongan,Skor Golongan,ais.database.model.employ,employ,ais.database.model.GeneralValueObject,False,True,employ,skor_golongan,False,ais\action\master\employ\SkorGolonganAction.java,onEvent,REVIEW_REQUIRED,mempunyai aksi khusus existing,ais\database\model\employ\SkorGolongan.java
ais.database.model.employ.TipeMasaKerja,TipeMasaKerja,Tipe Masa Kerja,ais.database.model.employ,employ,ais.database.model.GeneralValueObject,False,True,employ,tipe_masa_kerja,False,ais\action\master\employ\TipeMasaKerjaAction.java,onEvent,REVIEW_REQUIRED,mempunyai aksi khusus existing,ais\database\model\employ\TipeMasaKerja.java
ais.database.model.employ.TipePegawai,TipePegawai,Tipe Pegawai,ais.database.model.employ,employ,ais.database.model.GeneralValueObject,False,True,employ,tipe_pegawai,False,ais\action\master\employ\TipePegawaiAction.java,onEvent,REVIEW_REQUIRED,mempunyai aksi khusus existing,ais\database\model\employ\TipePegawai.java
ais.database.model.employ.Transport,Transport,Transport,ais.database.model.employ,employ,ais.database.model.GeneralValueObject,False,True,employ,transport,False,ais\action\master\employ\TransportAction.java,onEvent,REVIEW_REQUIRED,mempunyai aksi khusus existing,ais\database\model\employ\Transport.java
ais.database.model.employ.UnitGolongan,UnitGolongan,Unit Golongan,ais.database.model.employ,employ,ais.database.model.GeneralValueObject,False,True,employ,unit_golongan,False,ais\action\master\employ\UnitGolonganAction.java,onEvent,REVIEW_REQUIRED,mempunyai aksi khusus existing,ais\database\model\employ\UnitGolongan.java
ais.database.model.employ.UnitKerja,UnitKerja,Unit Kerja,ais.database.model.employ,employ,ais.database.model.GeneralValueObject,False,True,employ,unit_kerja,False,ais\action\master\employ\UnitKerjaAction.java,onEvent,REVIEW_REQUIRED,mempunyai aksi khusus existing,ais\database\model\employ\UnitKerja.java
ais.database.model.epsbed.EpsbedFrekuensiKurikulum,EpsbedFrekuensiKurikulum,Epsbed Frekuensi Kurikulum,ais.database.model.epsbed,epsbed,ais.database.model.GeneralValueObject,False,True,epsbed,epsbed_frekuensi_kurikulum,False,,,REVIEW_REQUIRED,modul integrasi eksternal,ais\database\model\epsbed\EpsbedFrekuensiKurikulum.java
ais.database.model.epsbed.EpsbedJabatanAkademik,EpsbedJabatanAkademik,Epsbed Jabatan Akademik,ais.database.model.epsbed,epsbed,ais.database.model.GeneralValueObject,False,True,epsbed,epsbed_jabatan_akademik,False,,,REVIEW_REQUIRED,modul integrasi eksternal,ais\database\model\epsbed\EpsbedJabatanAkademik.java
ais.database.model.epsbed.EpsbedJenisKaryaIlmiah,EpsbedJenisKaryaIlmiah,Epsbed Jenis Karya Ilmiah,ais.database.model.epsbed,epsbed,ais.database.model.GeneralValueObject,False,True,epsbed,epsbed_jenis_karya_ilmiah,False,,,REVIEW_REQUIRED,modul integrasi eksternal,ais\database\model\epsbed\EpsbedJenisKaryaIlmiah.java
ais.database.model.epsbed.EpsbedMediaPublikasi,EpsbedMediaPublikasi,Epsbed Media Publikasi,ais.database.model.epsbed,epsbed,ais.database.model.GeneralValueObject,False,True,epsbed,epsbed_media_publikasi,False,,,REVIEW_REQUIRED,modul integrasi eksternal,ais\database\model\epsbed\EpsbedMediaPublikasi.java
ais.database.model.epsbed.EpsbedPelaksanaanKurikulum,EpsbedPelaksanaanKurikulum,Epsbed Pelaksanaan Kurikulum,ais.database.model.epsbed,epsbed,ais.database.model.GeneralValueObject,False,True,epsbed,epsbed_pelaksanaan_kurikulum,False,,,REVIEW_REQUIRED,modul integrasi eksternal,ais\database\model\epsbed\EpsbedPelaksanaanKurikulum.java
ais.database.model.epsbed.EpsbedPembiayaanPenelitian,EpsbedPembiayaanPenelitian,Epsbed Pembiayaan Penelitian,ais.database.model.epsbed,epsbed,ais.database.model.GeneralValueObject,False,True,epsbed,epsbed_pembiayaan_penelitian,False,,,REVIEW_REQUIRED,modul integrasi eksternal,ais\database\model\epsbed\EpsbedPembiayaanPenelitian.java
ais.database.model.epsbed.EpsbedPeranPenulisan,EpsbedPeranPenulisan,Epsbed Peran Penulisan,ais.database.model.epsbed,epsbed,ais.database.model.GeneralValueObject,False,True,epsbed,epsbed_peran_penulisan,False,,,REVIEW_REQUIRED,modul integrasi eksternal,ais\database\model\epsbed\EpsbedPeranPenulisan.java
ais.database.model.epsbed.EpsbedPublikasiDosen,EpsbedPublikasiDosen,Epsbed Publikasi Dosen,ais.database.model.epsbed,epsbed,ais.database.model.GeneralValueObject,False,True,epsbed,epsbed_publikasi_dosen,False,,,REVIEW_REQUIRED,modul integrasi eksternal,ais\database\model\epsbed\EpsbedPublikasiDosen.java
ais.database.model.epsbed.EpsbedPublikasiIlmiahDosen,EpsbedPublikasiIlmiahDosen,Epsbed Publikasi Ilmiah Dosen,ais.database.model.epsbed,epsbed,ais.database.model.GeneralValueObject,False,True,epsbed,epsbed_publikasi_ilmiah_dosen,False,,,REVIEW_REQUIRED,modul integrasi eksternal,ais\database\model\epsbed\EpsbedPublikasiIlmiahDosen.java
ais.database.model.epsbed.EpsbedStatus,EpsbedStatus,Epsbed Status,ais.database.model.epsbed,epsbed,ais.database.model.GeneralValueObject,False,True,epsbed,epsbed_status,False,,,REVIEW_REQUIRED,modul integrasi eksternal,ais\database\model\epsbed\EpsbedStatus.java
ais.database.model.epsbed.EpsbedStatusAkreditasi,EpsbedStatusAkreditasi,Epsbed Status Akreditasi,ais.database.model.epsbed,epsbed,ais.database.model.GeneralValueObject,False,True,epsbed,epsbed_status_akreditasi,False,,,REVIEW_REQUIRED,modul integrasi eksternal,ais\database\model\epsbed\EpsbedStatusAkreditasi.java
ais.database.model.epsbed.EpsbedStatusAktivitasDosen,EpsbedStatusAktivitasDosen,Epsbed Status Aktivitas Dosen,ais.database.model.epsbed,epsbed,ais.database.model.GeneralValueObject,False,True,epsbed,epsbed_status_aktivitas,False,,,REVIEW_REQUIRED,modul integrasi eksternal,ais\database\model\epsbed\EpsbedStatusAktivitasDosen.java
ais.database.model.epsbed.EpsbedStatusPs,EpsbedStatusPs,Epsbed Status Ps,ais.database.model.epsbed,epsbed,ais.database.model.GeneralValueObject,False,True,epsbed,epsbed_status_ps,False,,,REVIEW_REQUIRED,modul integrasi eksternal,ais\database\model\epsbed\EpsbedStatusPs.java
ais.database.model.epsbed.FasilitasAkademikJurusan,FasilitasAkademikJurusan,Fasilitas Akademik Jurusan,ais.database.model.epsbed,epsbed,ais.database.model.GeneralValueObject,False,True,epsbed,fasilitas_akademik_jurusan,False,,,REVIEW_REQUIRED,modul integrasi eksternal,ais\database\model\epsbed\FasilitasAkademikJurusan.java
ais.database.model.epsbed.KapasitasMahasiswaBaru,KapasitasMahasiswaBaru,Kapasitas Mahasiswa Baru,ais.database.model.epsbed,epsbed,ais.database.model.GeneralValueObject,False,True,epsbed,kapasitas_mahasiswa_baru,False,,,REVIEW_REQUIRED,modul integrasi eksternal,ais\database\model\epsbed\KapasitasMahasiswaBaru.java
ais.database.model.faspay.FaspayRequest,FaspayRequest,Faspay Request,ais.database.model.faspay,faspay,ais.database.model.GeneralValueObject,False,True,public,faspay_request,False,ais\action\master\faspay\FaspayRequestAction.java,onEvent,REVIEW_REQUIRED,modul integrasi eksternal; nama mengindikasikan data transaksi/log/internal: Request; mempunyai aksi khusus existing,ais\database\model\faspay\FaspayRequest.java
ais.database.model.faspay.FaspayRequestDetail,FaspayRequestDetail,Faspay Request Detail,ais.database.model.faspay,faspay,ais.database.model.GeneralValueObject,False,True,public,faspay_request_detail,False,,,REVIEW_REQUIRED,modul integrasi eksternal; nama mengindikasikan data transaksi/log/internal: Request,ais\database\model\faspay\FaspayRequestDetail.java
ais.database.model.faspay.FaspayRequestDetailBiaya,FaspayRequestDetailBiaya,Faspay Request Detail Biaya,ais.database.model.faspay,faspay,ais.database.model.GeneralValueObject,False,True,public,faspay_request_detail_biaya,False,,,REVIEW_REQUIRED,modul integrasi eksternal; nama mengindikasikan data transaksi/log/internal: Request,ais\database\model\faspay\FaspayRequestDetailBiaya.java
ais.database.model.faspay.FaspayResponse,FaspayResponse,Faspay Response,ais.database.model.faspay,faspay,ais.database.model.GeneralValueObject,False,True,public,faspay_response,False,,,REVIEW_REQUIRED,modul integrasi eksternal; nama mengindikasikan data transaksi/log/internal: Response,ais\database\model\faspay\FaspayResponse.java
ais.database.model.file.FileBukuBahanAjar,FileBukuBahanAjar,File Buku Bahan Ajar,ais.database.model.file,file,ais.database.model.file.FileFoto,False,True,public,file_buku_bahan_ajar,True,,,REVIEW_REQUIRED,membutuhkan adapter foto,ais\database\model\file\FileBukuBahanAjar.java
ais.database.model.file.FileFoto,FileFoto,File Foto,ais.database.model.file,file,ais.database.model.GeneralValueObject,True,False,,,True,,,EXCLUDED_ABSTRACT,Class abstract,ais\database\model\file\FileFoto.java
ais.database.model.file.FileFotoLain,FileFotoLain,File Foto Lain,ais.database.model.file,file,ais.database.model.file.FileFoto,True,False,,,True,,,EXCLUDED_ABSTRACT,Class abstract,ais\database\model\file\FileFotoLain.java
ais.database.model.file.FotoAdmin,FotoAdmin,Foto Admin,ais.database.model.file,file,ais.database.model.file.FileFotoLain,False,True,public,foto_admin,True,,,REVIEW_REQUIRED,membutuhkan adapter foto,ais\database\model\file\FotoAdmin.java
ais.database.model.file.FotoBiodataCalonMahasiswa,FotoBiodataCalonMahasiswa,Foto Biodata Calon Mahasiswa,ais.database.model.file,file,ais.database.model.file.FileFotoLain,False,True,public,foto_biodata_calon_mahasiswa,True,,,REVIEW_REQUIRED,membutuhkan adapter foto,ais\database\model\file\FotoBiodataCalonMahasiswa.java
ais.database.model.file.FotoBiodataMahasiswa,FotoBiodataMahasiswa,Foto Biodata Mahasiswa,ais.database.model.file,file,ais.database.model.file.FileFoto,False,True,public,foto_biodata_mahasiswa,True,,,REVIEW_REQUIRED,membutuhkan adapter foto,ais\database\model\file\FotoBiodataMahasiswa.java
ais.database.model.file.FotoBuktiChecklistLaporan,FotoBuktiChecklistLaporan,Foto Bukti Checklist Laporan,ais.database.model.file,file,ais.database.model.file.FileFoto,False,True,public,foto_bukti_checklist_laporan,True,ais\action\master\rab\FotoBuktiChecklistLaporanAction.java,onEvent|onUploadFile,REVIEW_REQUIRED,membutuhkan adapter foto; mempunyai aksi khusus existing,ais\database\model\file\FotoBuktiChecklistLaporan.java
ais.database.model.file.FotoBuku,FotoBuku,Foto Buku,ais.database.model.file,file,ais.database.model.file.FileFoto,False,True,public,foto_buku,True,,,REVIEW_REQUIRED,membutuhkan adapter foto,ais\database\model\file\FotoBuku.java
ais.database.model.file.FotoCalonPegawai,FotoCalonPegawai,Foto Calon Pegawai,ais.database.model.file,file,ais.database.model.file.FileFotoLain,False,True,public,foto_calon_pegawai,True,,,REVIEW_REQUIRED,membutuhkan adapter foto,ais\database\model\file\FotoCalonPegawai.java
ais.database.model.file.FotoCalonSiswa,FotoCalonSiswa,Foto Calon Siswa,ais.database.model.file,file,ais.database.model.file.FileFotoLain,False,True,public,foto_calon_siswa,True,,,REVIEW_REQUIRED,membutuhkan adapter foto,ais\database\model\file\FotoCalonSiswa.java
ais.database.model.file.FotoDosen,FotoDosen,Foto Dosen,ais.database.model.file,file,ais.database.model.file.FileFotoLain,False,True,public,foto_dosen,True,,,REVIEW_REQUIRED,membutuhkan adapter foto,ais\database\model\file\FotoDosen.java
ais.database.model.file.FotoGambarItem,FotoGambarItem,Foto Gambar Item,ais.database.model.file,file,ais.database.model.file.FileFoto,False,True,public,foto_gambar_item,True,,,REVIEW_REQUIRED,membutuhkan adapter foto,ais\database\model\file\FotoGambarItem.java
ais.database.model.file.FotoGambarKopSurat,FotoGambarKopSurat,Foto Gambar Kop Surat,ais.database.model.file,file,ais.database.model.file.FileFoto,False,True,public,foto_gambar_kop_surat,True,,,REVIEW_REQUIRED,membutuhkan adapter foto,ais\database\model\file\FotoGambarKopSurat.java
ais.database.model.file.FotoGambarProduk,FotoGambarProduk,Foto Gambar Produk,ais.database.model.file,file,ais.database.model.file.FileFotoLain,False,True,public,foto_gambar_produk,True,,,REVIEW_REQUIRED,membutuhkan adapter foto,ais\database\model\file\FotoGambarProduk.java
ais.database.model.file.FotoGambarSuratKeluar,FotoGambarSuratKeluar,Foto Gambar Surat Keluar,ais.database.model.file,file,ais.database.model.file.FileFoto,False,True,public,foto_gambar_surat_keluar,True,,,REVIEW_REQUIRED,membutuhkan adapter foto,ais\database\model\file\FotoGambarSuratKeluar.java
ais.database.model.file.FotoGambarSuratMasuk,FotoGambarSuratMasuk,Foto Gambar Surat Masuk,ais.database.model.file,file,ais.database.model.file.FileFoto,False,True,public,foto_gambar_surat_masuk,True,,,REVIEW_REQUIRED,membutuhkan adapter foto,ais\database\model\file\FotoGambarSuratMasuk.java
ais.database.model.file.FotoGambarTandaTanganPejabat,FotoGambarTandaTanganPejabat,Foto Gambar Tanda Tangan Pejabat,ais.database.model.file,file,ais.database.model.file.FileFoto,False,True,public,foto_gambar_tanda_tangan_pejabat,True,,,REVIEW_REQUIRED,membutuhkan adapter foto,ais\database\model\file\FotoGambarTandaTanganPejabat.java
ais.database.model.file.FotoGambarTandaTanganSuratKeluar,FotoGambarTandaTanganSuratKeluar,Foto Gambar Tanda Tangan Surat Keluar,ais.database.model.file,file,ais.database.model.file.FileFoto,False,True,public,foto_gambar_tanda_tangan_surat_keluar,True,,,REVIEW_REQUIRED,membutuhkan adapter foto,ais\database\model\file\FotoGambarTandaTanganSuratKeluar.java
ais.database.model.file.FotoGuru,FotoGuru,Foto Guru,ais.database.model.file,file,ais.database.model.file.FileFotoLain,False,True,public,foto_guru,True,,,REVIEW_REQUIRED,membutuhkan adapter foto,ais\database\model\file\FotoGuru.java
ais.database.model.file.FotoImagePerHalamanItem,FotoImagePerHalamanItem,Foto Image Per Halaman Item,ais.database.model.file,file,ais.database.model.file.FileFoto,False,True,public,foto_image_per_halaman_item,True,,,REVIEW_REQUIRED,membutuhkan adapter foto,ais\database\model\file\FotoImagePerHalamanItem.java
ais.database.model.file.FotoInformasiPerpustakaan,FotoInformasiPerpustakaan,Foto Informasi Perpustakaan,ais.database.model.file,file,ais.database.model.file.FileFoto,False,True,public,foto_informasi_perpustakaan,True,,,REVIEW_REQUIRED,membutuhkan adapter foto,ais\database\model\file\FotoInformasiPerpustakaan.java
ais.database.model.file.FotoInformasiRab,FotoInformasiRab,Foto Informasi Rab,ais.database.model.file,file,ais.database.model.file.FileFoto,False,True,public,foto_informasi_rab,True,,,REVIEW_REQUIRED,membutuhkan adapter foto,ais\database\model\file\FotoInformasiRab.java
ais.database.model.file.FotoItem,FotoItem,Foto Item,ais.database.model.file,file,ais.database.model.file.FileFoto,False,True,public,foto_item,True,,,REVIEW_REQUIRED,membutuhkan adapter foto,ais\database\model\file\FotoItem.java
ais.database.model.file.FotoLampiranPegawai,FotoLampiranPegawai,Foto Lampiran Pegawai,ais.database.model.file,file,ais.database.model.file.FileFoto,False,True,public,foto_lampiran_pegawai,True,,,REVIEW_REQUIRED,membutuhkan adapter foto,ais\database\model\file\FotoLampiranPegawai.java
ais.database.model.file.FotoMahasiswa,FotoMahasiswa,Foto Mahasiswa,ais.database.model.file,file,ais.database.model.file.FileFotoLain,False,True,public,foto_mahasiswa,True,,,REVIEW_REQUIRED,membutuhkan adapter foto,ais\database\model\file\FotoMahasiswa.java
ais.database.model.file.FotoMahasiswaLulus,FotoMahasiswaLulus,Foto Mahasiswa Lulus,ais.database.model.file,file,ais.database.model.file.FileFotoLain,False,True,public,foto_mahasiswa_lulus,True,,,REVIEW_REQUIRED,membutuhkan adapter foto,ais\database\model\file\FotoMahasiswaLulus.java
ais.database.model.file.FotoPegawai,FotoPegawai,Foto Pegawai,ais.database.model.file,file,ais.database.model.file.FileFotoLain,False,True,public,foto_pegawai,True,,,REVIEW_REQUIRED,membutuhkan adapter foto,ais\database\model\file\FotoPegawai.java
ais.database.model.file.FotoSiswa,FotoSiswa,Foto Siswa,ais.database.model.file,file,ais.database.model.file.FileFotoLain,False,True,public,foto_siswa,True,,,REVIEW_REQUIRED,membutuhkan adapter foto,ais\database\model\file\FotoSiswa.java
ais.database.model.file.GaleriFotoImage,GaleriFotoImage,Galeri Foto Image,ais.database.model.file,file,ais.database.model.file.FileFoto,False,True,public,galeri_foto_image,True,,,REVIEW_REQUIRED,membutuhkan adapter foto,ais\database\model\file\GaleriFotoImage.java
ais.database.model.file.GambarFakultas,GambarFakultas,Gambar Fakultas,ais.database.model.file,file,ais.database.model.file.FileFoto,False,True,public,gambar_fakultas,True,,,REVIEW_REQUIRED,membutuhkan adapter foto,ais\database\model\file\GambarFakultas.java
ais.database.model.file.LampiranBeasiswaMahasiswa,LampiranBeasiswaMahasiswa,Lampiran Beasiswa Mahasiswa,ais.database.model.file,file,ais.database.model.file.FileFotoLain,False,True,public,lampiran_beasiswa_mahasiswa,True,,,REVIEW_REQUIRED,membutuhkan adapter foto,ais\database\model\file\LampiranBeasiswaMahasiswa.java
ais.database.model.file.LampiranKknMahasiswa,LampiranKknMahasiswa,Lampiran Kkn Mahasiswa,ais.database.model.file,file,ais.database.model.file.FileFotoLain,False,True,public,lampiran_kkn_mahasiswa,True,,,REVIEW_REQUIRED,membutuhkan adapter foto,ais\database\model\file\LampiranKknMahasiswa.java
ais.database.model.file.LampiranLain,LampiranLain,Lampiran Lain,ais.database.model.file,file,ais.database.model.file.FileFotoLain,False,True,public,lampiran_lain,True,,,REVIEW_REQUIRED,membutuhkan adapter foto,ais\database\model\file\LampiranLain.java
ais.database.model.file.LampiranLainBiodataCalonMahasiswa,LampiranLainBiodataCalonMahasiswa,Lampiran Lain Biodata Calon Mahasiswa,ais.database.model.file,file,ais.database.model.file.FileFotoLain,False,True,public,lampiran_lain_biodata_calon_mahasiswa,True,,,REVIEW_REQUIRED,membutuhkan adapter foto,ais\database\model\file\LampiranLainBiodataCalonMahasiswa.java
ais.database.model.file.LampiranLainMahasiswa,LampiranLainMahasiswa,Lampiran Lain Mahasiswa,ais.database.model.file,file,ais.database.model.file.FileFotoLain,False,True,public,lampiran_lain_mahasiswa,True,,,REVIEW_REQUIRED,membutuhkan adapter foto,ais\database\model\file\LampiranLainMahasiswa.java
ais.database.model.file.LampiranPenelitianDanPengabdian,LampiranPenelitianDanPengabdian,Lampiran Penelitian Dan Pengabdian,ais.database.model.file,file,ais.database.model.file.FileFoto,False,True,public,lampiran_penelitian_dan_pengabdian,True,,,REVIEW_REQUIRED,membutuhkan adapter foto,ais\database\model\file\LampiranPenelitianDanPengabdian.java
ais.database.model.file.LampiranPengumumanAkademis,LampiranPengumumanAkademis,Lampiran Pengumuman Akademis,ais.database.model.file,file,ais.database.model.file.FileFoto,False,True,public,lampiran_pengumuman_akademis,True,,,REVIEW_REQUIRED,membutuhkan adapter foto,ais\database\model\file\LampiranPengumumanAkademis.java
ais.database.model.file.LampiranPengumumanPenelitian,LampiranPengumumanPenelitian,Lampiran Pengumuman Penelitian,ais.database.model.file,file,ais.database.model.file.FileFoto,False,True,public,lampiran_pengumuman_penelitian,True,,,REVIEW_REQUIRED,membutuhkan adapter foto,ais\database\model\file\LampiranPengumumanPenelitian.java
ais.database.model.file.LampiranPengumumanPerkuliahan,LampiranPengumumanPerkuliahan,Lampiran Pengumuman Perkuliahan,ais.database.model.file,file,ais.database.model.file.FileFoto,False,True,public,lampiran_pengumuman_perkuliahan,True,,,REVIEW_REQUIRED,membutuhkan adapter foto,ais\database\model\file\LampiranPengumumanPerkuliahan.java
ais.database.model.file.LampiranPklMahasiswa,LampiranPklMahasiswa,Lampiran Pkl Mahasiswa,ais.database.model.file,file,ais.database.model.file.FileFotoLain,False,True,public,lampiran_pkl_mahasiswa,True,,,REVIEW_REQUIRED,membutuhkan adapter foto,ais\database\model\file\LampiranPklMahasiswa.java
ais.database.model.file.LogCsvFileUpload,LogCsvFileUpload,Log Csv File Upload,ais.database.model.file,file,ais.database.model.GeneralValueObject,False,True,public,log_csvfile_upload,False,,,REVIEW_REQUIRED,nama mengindikasikan data transaksi/log/internal: Log,ais\database\model\file\LogCsvFileUpload.java
ais.database.model.file.PertemuanFileContent,PertemuanFileContent,Pertemuan File Content,ais.database.model.file,file,ais.database.model.file.FileFotoLain,False,True,public,pertemuan_file_content,True,,,REVIEW_REQUIRED,nama mengindikasikan data transaksi/log/internal: FileContent; membutuhkan adapter foto,ais\database\model\file\PertemuanFileContent.java
ais.database.model.file.ReportHistory,ReportHistory,Report History,ais.database.model.file,file,ais.database.model.GeneralValueObject,False,True,public,report_history,False,,,REVIEW_REQUIRED,nama mengindikasikan data transaksi/log/internal: History,ais\database\model\file\ReportHistory.java
ais.database.model.file.SuratJrxmlFile,SuratJrxmlFile,Surat Jrxml File,ais.database.model.file,file,ais.database.model.file.FileFoto,False,True,public,surat_jrxml_file,True,,,REVIEW_REQUIRED,membutuhkan adapter foto,ais\database\model\file\SuratJrxmlFile.java
ais.database.model.file.TugasFileContent,TugasFileContent,Tugas File Content,ais.database.model.file,file,ais.database.model.file.FileFotoLain,False,True,public,tugas_file_content,True,,,REVIEW_REQUIRED,nama mengindikasikan data transaksi/log/internal: FileContent; membutuhkan adapter foto,ais\database\model\file\TugasFileContent.java
ais.database.model.file.UploadBiodataCalonMahasiswaFileContent,UploadBiodataCalonMahasiswaFileContent,Upload Biodata Calon Mahasiswa File Content,ais.database.model.file,file,ais.database.model.file.FileFoto,False,True,public,upload_biodata_calon_mahasiswa_file_content,True,,,REVIEW_REQUIRED,nama mengindikasikan data transaksi/log/internal: FileContent; membutuhkan adapter foto,ais\database\model\file\UploadBiodataCalonMahasiswaFileContent.java
ais.database.model.file.UploadVirtualAccountFileContent,UploadVirtualAccountFileContent,Upload Virtual Account File Content,ais.database.model.file,file,ais.database.model.file.FileFoto,False,True,public,upload_virtual_account_file_content,True,,,REVIEW_REQUIRED,nama mengindikasikan data transaksi/log/internal: FileContent; membutuhkan adapter foto,ais\database\model\file\UploadVirtualAccountFileContent.java
ais.database.model.finpay.FinpayRequest,FinpayRequest,Finpay Request,ais.database.model.finpay,finpay,ais.database.model.GeneralValueObject,False,True,public,finpay_request,False,ais\action\master\finpay\FinpayRequestAction.java,onEvent,REVIEW_REQUIRED,modul integrasi eksternal; nama mengindikasikan data transaksi/log/internal: Request; mempunyai aksi khusus existing,ais\database\model\finpay\FinpayRequest.java
ais.database.model.finpay.FinpayRequestDetail,FinpayRequestDetail,Finpay Request Detail,ais.database.model.finpay,finpay,ais.database.model.GeneralValueObject,False,True,public,finpay_request_detail,False,,,REVIEW_REQUIRED,modul integrasi eksternal; nama mengindikasikan data transaksi/log/internal: Request,ais\database\model\finpay\FinpayRequestDetail.java
ais.database.model.finpay.FinpayRequestDetailBiaya,FinpayRequestDetailBiaya,Finpay Request Detail Biaya,ais.database.model.finpay,finpay,ais.database.model.GeneralValueObject,False,True,public,finpay_request_detail_biaya,False,,,REVIEW_REQUIRED,modul integrasi eksternal; nama mengindikasikan data transaksi/log/internal: Request,ais\database\model\finpay\FinpayRequestDetailBiaya.java
ais.database.model.finpay.FinpayResponse,FinpayResponse,Finpay Response,ais.database.model.finpay,finpay,ais.database.model.GeneralValueObject,False,True,public,finpay_response,False,,,REVIEW_REQUIRED,modul integrasi eksternal; nama mengindikasikan data transaksi/log/internal: Response,ais\database\model\finpay\FinpayResponse.java
ais.database.model.inventory.AmbangStokGudang,AmbangStokGudang,Ambang Stok Gudang,ais.database.model.inventory,inventory,ais.database.model.GeneralValueObject,False,True,koperasi,ambang_stok_gudang,False,,,ELIGIBLE_METADATA_FIRST,Kandidat CRUD metadata; tetap default disabled sampai verifikasi Hibernate/menu/scope,ais\database\model\inventory\AmbangStokGudang.java
ais.database.model.inventory.DraftPembelian,DraftPembelian,Draft Pembelian,ais.database.model.inventory,inventory,ais.database.model.GeneralValueObject,False,True,koperasi,draft_pembelian,False,,,ELIGIBLE_METADATA_FIRST,Kandidat CRUD metadata; tetap default disabled sampai verifikasi Hibernate/menu/scope,ais\database\model\inventory\DraftPembelian.java
ais.database.model.inventory.JenisProduk,JenisProduk,Jenis Produk,ais.database.model.inventory,inventory,ais.database.model.GeneralValueObject,False,True,koperasi,jenis_produk,False,ais\action\master\inventory\JenisProdukAction.java,onEvent,REVIEW_REQUIRED,mempunyai aksi khusus existing,ais\database\model\inventory\JenisProduk.java
ais.database.model.inventory.MutasiRekeningKoran,MutasiRekeningKoran,Mutasi Rekening Koran,ais.database.model.inventory,inventory,ais.database.model.GeneralValueObject,False,True,koperasi,mutasi_rekening_koran,False,,,ELIGIBLE_METADATA_FIRST,Kandidat CRUD metadata; tetap default disabled sampai verifikasi Hibernate/menu/scope,ais\database\model\inventory\MutasiRekeningKoran.java
ais.database.model.inventory.Pedagang,Pedagang,Pedagang,ais.database.model.inventory,inventory,ais.database.model.GeneralValueObject,False,True,koperasi,pedagang,False,ais\action\master\inventory\PedagangKantinAction.java|ais\action\master\inventory\helper\PedagangAction.java,onEvent,REVIEW_REQUIRED,mempunyai aksi khusus existing,ais\database\model\inventory\Pedagang.java
ais.database.model.inventory.PemakaianBahanBaku,PemakaianBahanBaku,Pemakaian Bahan Baku,ais.database.model.inventory,inventory,ais.database.model.GeneralValueObject,False,True,koperasi,pemakaian_bahan_baku,False,,,ELIGIBLE_METADATA_FIRST,Kandidat CRUD metadata; tetap default disabled sampai verifikasi Hibernate/menu/scope,ais\database\model\inventory\PemakaianBahanBaku.java
ais.database.model.inventory.PemasokProduk,PemasokProduk,Pemasok Produk,ais.database.model.inventory,inventory,ais.database.model.GeneralValueObject,False,True,koperasi,pemasok_produk,False,,,ELIGIBLE_METADATA_FIRST,Kandidat CRUD metadata; tetap default disabled sampai verifikasi Hibernate/menu/scope,ais\database\model\inventory\PemasokProduk.java
ais.database.model.inventory.Pembelian,Pembelian,Pembelian,ais.database.model.inventory,inventory,ais.database.model.GeneralValueObject,False,True,koperasi,pembelian,False,ais\action\master\inventory\PembelianAction.java,onCatatanUpload|onEvent,REVIEW_REQUIRED,mempunyai aksi khusus existing,ais\database\model\inventory\Pembelian.java
ais.database.model.inventory.PengadaanProduk,PengadaanProduk,Pengadaan Produk,ais.database.model.inventory,inventory,ais.database.model.GeneralValueObject,False,True,koperasi,pengadaan_produk,False,ais\action\master\inventory\PengadaanKantinAction.java,onEvent,REVIEW_REQUIRED,mempunyai aksi khusus existing,ais\database\model\inventory\PengadaanProduk.java
ais.database.model.inventory.PengajuanPembelianGudang,PengajuanPembelianGudang,Pengajuan Pembelian Gudang,ais.database.model.inventory,inventory,ais.database.model.GeneralValueObject,False,True,koperasi,pengajuan_pembelian_gudang,False,ais\action\master\inventory\PengajuanPembelianGudangAction.java,onEvent,REVIEW_REQUIRED,mempunyai aksi khusus existing,ais\database\model\inventory\PengajuanPembelianGudang.java
ais.database.model.inventory.PengajuanPerubahanHargaProduk,PengajuanPerubahanHargaProduk,Pengajuan Perubahan Harga Produk,ais.database.model.inventory,inventory,ais.database.model.GeneralValueObject,False,True,koperasi,pengajuan_perubahan_harga_produk,False,ais\action\master\inventory\PengajuanPerubahanHargaProdukAction.java,onEvent,REVIEW_REQUIRED,mempunyai aksi khusus existing,ais\database\model\inventory\PengajuanPerubahanHargaProduk.java
ais.database.model.inventory.Produk,Produk,Produk,ais.database.model.inventory,inventory,ais.database.model.GeneralValueObject,False,True,koperasi,produk,False,ais\action\master\inventory\ProdukAction.java,onEvent,REVIEW_REQUIRED,mempunyai aksi khusus existing,ais\database\model\inventory\Produk.java
ais.database.model.inventory.ProdukKomentar,ProdukKomentar,Produk Komentar,ais.database.model.inventory,inventory,ais.database.model.GeneralValueObject,False,True,koperasi,produk_komentar,False,,,ELIGIBLE_METADATA_FIRST,Kandidat CRUD metadata; tetap default disabled sampai verifikasi Hibernate/menu/scope,ais\database\model\inventory\ProdukKomentar.java
ais.database.model.inventory.ProduksiKantin,ProduksiKantin,Produksi Kantin,ais.database.model.inventory,inventory,ais.database.model.GeneralValueObject,False,True,koperasi,produksi_kantin,False,,,ELIGIBLE_METADATA_FIRST,Kandidat CRUD metadata; tetap default disabled sampai verifikasi Hibernate/menu/scope,ais\database\model\inventory\ProduksiKantin.java
ais.database.model.inventory.ReturBarang,ReturBarang,Retur Barang,ais.database.model.inventory,inventory,ais.database.model.GeneralValueObject,False,True,koperasi,retur_barang,False,,,ELIGIBLE_METADATA_FIRST,Kandidat CRUD metadata; tetap default disabled sampai verifikasi Hibernate/menu/scope,ais\database\model\inventory\ReturBarang.java
ais.database.model.inventory.ReturPenjualan,ReturPenjualan,Retur Penjualan,ais.database.model.inventory,inventory,ais.database.model.GeneralValueObject,False,True,koperasi,retur_penjualan,False,,,ELIGIBLE_METADATA_FIRST,Kandidat CRUD metadata; tetap default disabled sampai verifikasi Hibernate/menu/scope,ais\database\model\inventory\ReturPenjualan.java
ais.database.model.inventory.SatuanProduk,SatuanProduk,Satuan Produk,ais.database.model.inventory,inventory,ais.database.model.GeneralValueObject,False,True,koperasi,satuan_produk,False,,,ELIGIBLE_METADATA_FIRST,Kandidat CRUD metadata; tetap default disabled sampai verifikasi Hibernate/menu/scope,ais\database\model\inventory\SatuanProduk.java
ais.database.model.inventory.SesiKasKasir,SesiKasKasir,Sesi Kas Kasir,ais.database.model.inventory,inventory,ais.database.model.GeneralValueObject,False,True,koperasi,sesi_kas_kasir,False,,,ELIGIBLE_METADATA_FIRST,Kandidat CRUD metadata; tetap default disabled sampai verifikasi Hibernate/menu/scope,ais\database\model\inventory\SesiKasKasir.java
ais.database.model.inventory.SesiStokOpname,SesiStokOpname,Sesi Stok Opname,ais.database.model.inventory,inventory,ais.database.model.GeneralValueObject,False,True,koperasi,sesi_stok_opname,False,,,ELIGIBLE_METADATA_FIRST,Kandidat CRUD metadata; tetap default disabled sampai verifikasi Hibernate/menu/scope,ais\database\model\inventory\SesiStokOpname.java
ais.database.model.inventory.SetoranTenant,SetoranTenant,Setoran Tenant,ais.database.model.inventory,inventory,ais.database.model.GeneralValueObject,False,True,koperasi,setoran_tenant,False,,,ELIGIBLE_METADATA_FIRST,Kandidat CRUD metadata; tetap default disabled sampai verifikasi Hibernate/menu/scope,ais\database\model\inventory\SetoranTenant.java
ais.database.model.inventory.StokOpname,StokOpname,Stok Opname,ais.database.model.inventory,inventory,ais.database.model.GeneralValueObject,False,True,koperasi,stok_opname,False,,,ELIGIBLE_METADATA_FIRST,Kandidat CRUD metadata; tetap default disabled sampai verifikasi Hibernate/menu/scope,ais\database\model\inventory\StokOpname.java
ais.database.model.inventory.SurveyKepuasanPos,SurveyKepuasanPos,Survey Kepuasan Pos,ais.database.model.inventory,inventory,ais.database.model.GeneralValueObject,False,True,koperasi,survey_kepuasan_pos,False,,,ELIGIBLE_METADATA_FIRST,Kandidat CRUD metadata; tetap default disabled sampai verifikasi Hibernate/menu/scope,ais\database\model\inventory\SurveyKepuasanPos.java
ais.database.model.inventory.Toko,Toko,Toko,ais.database.model.inventory,inventory,ais.database.model.GeneralValueObject,False,True,koperasi,toko,False,ais\action\master\inventory\TokoAction.java,onEvent,REVIEW_REQUIRED,mempunyai aksi khusus existing,ais\database\model\inventory\Toko.java
ais.database.model.ipaymu.IpaymuRequest,IpaymuRequest,Ipaymu Request,ais.database.model.ipaymu,ipaymu,ais.database.model.GeneralValueObject,False,True,public,ipaymu_request,False,ais\action\master\ipaymu\IpaymuRequestAction.java,onEvent,REVIEW_REQUIRED,modul integrasi eksternal; nama mengindikasikan data transaksi/log/internal: Request; mempunyai aksi khusus existing,ais\database\model\ipaymu\IpaymuRequest.java
ais.database.model.ipaymu.IpaymuRequestDetail,IpaymuRequestDetail,Ipaymu Request Detail,ais.database.model.ipaymu,ipaymu,ais.database.model.GeneralValueObject,False,True,public,ipaymu_request_detail,False,,,REVIEW_REQUIRED,modul integrasi eksternal; nama mengindikasikan data transaksi/log/internal: Request,ais\database\model\ipaymu\IpaymuRequestDetail.java
ais.database.model.ipaymu.IpaymuRequestDetailBiaya,IpaymuRequestDetailBiaya,Ipaymu Request Detail Biaya,ais.database.model.ipaymu,ipaymu,ais.database.model.GeneralValueObject,False,True,public,ipaymu_request_detail_biaya,False,,,REVIEW_REQUIRED,modul integrasi eksternal; nama mengindikasikan data transaksi/log/internal: Request,ais\database\model\ipaymu\IpaymuRequestDetailBiaya.java
ais.database.model.ipaymu.IpaymuResponse,IpaymuResponse,Ipaymu Response,ais.database.model.ipaymu,ipaymu,ais.database.model.GeneralValueObject,False,True,public,ipaymu_response,False,,,REVIEW_REQUIRED,modul integrasi eksternal; nama mengindikasikan data transaksi/log/internal: Response,ais\database\model\ipaymu\IpaymuResponse.java
ais.database.model.jatelindo.JatelindoRequest,JatelindoRequest,Jatelindo Request,ais.database.model.jatelindo,jatelindo,ais.database.model.GeneralValueObject,False,True,public,jatelindo_request,False,ais\action\master\jatelindo\JatelindoRequestAction.java,onEvent,REVIEW_REQUIRED,modul integrasi eksternal; nama mengindikasikan data transaksi/log/internal: Request; mempunyai aksi khusus existing,ais\database\model\jatelindo\JatelindoRequest.java
ais.database.model.jatelindo.JatelindoRequestDetail,JatelindoRequestDetail,Jatelindo Request Detail,ais.database.model.jatelindo,jatelindo,ais.database.model.GeneralValueObject,False,True,public,jatelindo_request_detail,False,,,REVIEW_REQUIRED,modul integrasi eksternal; nama mengindikasikan data transaksi/log/internal: Request,ais\database\model\jatelindo\JatelindoRequestDetail.java
ais.database.model.jatelindo.JatelindoRequestDetailBiaya,JatelindoRequestDetailBiaya,Jatelindo Request Detail Biaya,ais.database.model.jatelindo,jatelindo,ais.database.model.GeneralValueObject,False,True,public,jatelindo_request_detail_biaya,False,,,REVIEW_REQUIRED,modul integrasi eksternal; nama mengindikasikan data transaksi/log/internal: Request,ais\database\model\jatelindo\JatelindoRequestDetailBiaya.java
ais.database.model.jatelindo.JatelindoResponse,JatelindoResponse,Jatelindo Response,ais.database.model.jatelindo,jatelindo,ais.database.model.GeneralValueObject,False,True,public,jatelindo_response,False,,,REVIEW_REQUIRED,modul integrasi eksternal; nama mengindikasikan data transaksi/log/internal: Response,ais\database\model\jatelindo\JatelindoResponse.java
ais.database.model.kedokteran.JenisPertemuan,JenisPertemuan,Jenis Pertemuan,ais.database.model.kedokteran,kedokteran,ais.database.model.GeneralValueObject,False,True,kedokteran,jenis_pertemuan,False,,,ELIGIBLE_METADATA_FIRST,Kandidat CRUD metadata; tetap default disabled sampai verifikasi Hibernate/menu/scope,ais\database\model\kedokteran\JenisPertemuan.java
ais.database.model.kedokteran.PHDHasMahasiswa,PHDHasMahasiswa,P H D Has Mahasiswa,ais.database.model.kedokteran,kedokteran,ais.database.model.GeneralValueObject,False,True,kedokteran,pertemuan_has_dosen_has_mahasiswa,False,,,ELIGIBLE_METADATA_FIRST,Kandidat CRUD metadata; tetap default disabled sampai verifikasi Hibernate/menu/scope,ais\database\model\kedokteran\PHDHasMahasiswa.java
ais.database.model.kedokteran.PertemuanHasDosen,PertemuanHasDosen,Pertemuan Has Dosen,ais.database.model.kedokteran,kedokteran,ais.database.model.GeneralValueObject,False,True,kedokteran,pertemuan_has_dosen,False,,,ELIGIBLE_METADATA_FIRST,Kandidat CRUD metadata; tetap default disabled sampai verifikasi Hibernate/menu/scope,ais\database\model\kedokteran\PertemuanHasDosen.java
ais.database.model.kedokteran.PertemuanKedokteran,PertemuanKedokteran,Pertemuan Kedokteran,ais.database.model.kedokteran,kedokteran,ais.database.model.GeneralValueObject,False,True,kedokteran,pertemuan_kedokteran,False,,,ELIGIBLE_METADATA_FIRST,Kandidat CRUD metadata; tetap default disabled sampai verifikasi Hibernate/menu/scope,ais\database\model\kedokteran\PertemuanKedokteran.java
ais.database.model.kkn.KelompokKkn,KelompokKkn,Kelompok Kkn,ais.database.model.kkn,kkn,ais.database.model.VOPembelajaran,False,True,public,kelompok_kkn,False,ais\action\master\kkn\KelompokKknAction.java,onEvent,REVIEW_REQUIRED,mempunyai aksi khusus existing,ais\database\model\kkn\KelompokKkn.java
ais.database.model.kkn.KknPunyaKomponenPenilaianKkn,KknPunyaKomponenPenilaianKkn,Kkn Punya Komponen Penilaian Kkn,ais.database.model.kkn,kkn,ais.database.model.GeneralValueObject,False,True,public,kkn_punya_komponen_penilaian_kkn,False,,,ELIGIBLE_METADATA_FIRST,Kandidat CRUD metadata; tetap default disabled sampai verifikasi Hibernate/menu/scope,ais\database\model\kkn\KknPunyaKomponenPenilaianKkn.java
ais.database.model.kkn.KknPunyaPersyaratan,KknPunyaPersyaratan,Kkn Punya Persyaratan,ais.database.model.kkn,kkn,ais.database.model.GeneralValueObject,False,True,public,kkn_punya_persyaratan,False,,,ELIGIBLE_METADATA_FIRST,Kandidat CRUD metadata; tetap default disabled sampai verifikasi Hibernate/menu/scope,ais\database\model\kkn\KknPunyaPersyaratan.java
ais.database.model.kkn.KomponenPenilaianKkn,KomponenPenilaianKkn,Komponen Penilaian Kkn,ais.database.model.kkn,kkn,ais.database.model.GeneralValueObject,False,True,public,komponen_penilaian_kkn,False,ais\action\master\kkn\KomponenPenilaianKknAction.java,onEvent,REVIEW_REQUIRED,mempunyai aksi khusus existing,ais\database\model\kkn\KomponenPenilaianKkn.java
ais.database.model.kkn.MahasiswaDaftarKkn,MahasiswaDaftarKkn,Mahasiswa Daftar Kkn,ais.database.model.kkn,kkn,ais.database.model.GeneralValueObject,False,True,public,mahasiswa_daftar_kkn,False,,,ELIGIBLE_METADATA_FIRST,Kandidat CRUD metadata; tetap default disabled sampai verifikasi Hibernate/menu/scope,ais\database\model\kkn\MahasiswaDaftarKkn.java
ais.database.model.kkn.MahasiswaKknPersyaratan,MahasiswaKknPersyaratan,Mahasiswa Kkn Persyaratan,ais.database.model.kkn,kkn,ais.database.model.GeneralValueObject,False,True,public,mahasiswa_kkn_persyaratan,False,,,ELIGIBLE_METADATA_FIRST,Kandidat CRUD metadata; tetap default disabled sampai verifikasi Hibernate/menu/scope,ais\database\model\kkn\MahasiswaKknPersyaratan.java
ais.database.model.kkn.PersyaratanKkn,PersyaratanKkn,Persyaratan Kkn,ais.database.model.kkn,kkn,ais.database.model.GeneralValueObject,False,True,public,persyaratan_kkn,False,ais\action\master\kkn\PersyaratanKknAction.java,onEvent,REVIEW_REQUIRED,mempunyai aksi khusus existing,ais\database\model\kkn\PersyaratanKkn.java
ais.database.model.koperasi.AnggaranKasKoperasi,AnggaranKasKoperasi,Anggaran Kas Koperasi,ais.database.model.koperasi,koperasi,ais.database.model.GeneralValueObject,False,True,koperasi,anggaran_kas,False,ais\action\master\koperasi\AnggaranKasKoperasiAction.java,onEvent,REVIEW_REQUIRED,mempunyai aksi khusus existing,ais\database\model\koperasi\AnggaranKasKoperasi.java
ais.database.model.koperasi.AnggotaKoperasi,AnggotaKoperasi,Anggota Koperasi,ais.database.model.koperasi,koperasi,ais.database.model.VOSiswa,False,True,koperasi,anggota_koperasi,False,ais\action\master\koperasi\AnggotaKoperasiAction.java,onEvent,REVIEW_REQUIRED,mempunyai aksi khusus existing,ais\database\model\koperasi\AnggotaKoperasi.java
ais.database.model.koperasi.AturanDiskon,AturanDiskon,Aturan Diskon,ais.database.model.koperasi,koperasi,ais.database.model.VoKunci,False,True,koperasi,aturan_diskon,False,ais\action\master\koperasi\AturanDiskonAction.java,onEvent,REVIEW_REQUIRED,mempunyai aksi khusus existing,ais\database\model\koperasi\AturanDiskon.java
ais.database.model.koperasi.CalonAnggotaKoperasi,CalonAnggotaKoperasi,Calon Anggota Koperasi,ais.database.model.koperasi,koperasi,ais.database.model.GeneralValueObject,False,True,koperasi,calon_anggota_koperasi,False,,,ELIGIBLE_METADATA_FIRST,Kandidat CRUD metadata; tetap default disabled sampai verifikasi Hibernate/menu/scope,ais\database\model\koperasi\CalonAnggotaKoperasi.java
ais.database.model.koperasi.CaraPembayaranKoperasi,CaraPembayaranKoperasi,Cara Pembayaran Koperasi,ais.database.model.koperasi,koperasi,ais.database.model.GeneralValueObject,False,True,koperasi,cara_pembayaran_koperasi,False,ais\action\master\koperasi\CaraPembayaranKoperasiAction.java,onEvent,REVIEW_REQUIRED,mempunyai aksi khusus existing,ais\database\model\koperasi\CaraPembayaranKoperasi.java
ais.database.model.koperasi.DepositoRolloverKoperasi,DepositoRolloverKoperasi,Deposito Rollover Koperasi,ais.database.model.koperasi,koperasi,ais.database.model.GeneralValueObject,False,True,koperasi,deposito_rollover,False,,,ELIGIBLE_METADATA_FIRST,Kandidat CRUD metadata; tetap default disabled sampai verifikasi Hibernate/menu/scope,ais\database\model\koperasi\DepositoRolloverKoperasi.java
ais.database.model.koperasi.DraftPembelianAnggotaKoperasi,DraftPembelianAnggotaKoperasi,Draft Pembelian Anggota Koperasi,ais.database.model.koperasi,koperasi,ais.database.model.GeneralValueObject,False,True,koperasi,draft_pembelian_anggota_koperasi,False,,,ELIGIBLE_METADATA_FIRST,Kandidat CRUD metadata; tetap default disabled sampai verifikasi Hibernate/menu/scope,ais\database\model\koperasi\DraftPembelianAnggotaKoperasi.java
ais.database.model.koperasi.JenisAnggotaKoperasi,JenisAnggotaKoperasi,Jenis Anggota Koperasi,ais.database.model.koperasi,koperasi,ais.database.model.GeneralValueObject,False,True,koperasi,jenis_anggota_koperasi,False,ais\action\master\koperasi\JenisAnggotaKoperasiAction.java,onEvent,REVIEW_REQUIRED,mempunyai aksi khusus existing,ais\database\model\koperasi\JenisAnggotaKoperasi.java
ais.database.model.koperasi.JenisIdentitasAnggotaKoperasi,JenisIdentitasAnggotaKoperasi,Jenis Identitas Anggota Koperasi,ais.database.model.koperasi,koperasi,ais.database.model.GeneralValueObject,False,True,koperasi,jenis_identitas_anggota_koperasi,False,ais\action\master\koperasi\JenisIdentitasAnggotaKoperasiAction.java,onEvent,REVIEW_REQUIRED,mempunyai aksi khusus existing,ais\database\model\koperasi\JenisIdentitasAnggotaKoperasi.java
ais.database.model.koperasi.JenisTransaksiKoperasi,JenisTransaksiKoperasi,Jenis Transaksi Koperasi,ais.database.model.koperasi,koperasi,ais.database.model.GeneralValueObject,False,True,koperasi,jenis_transaksi_koperasi,False,ais\action\master\koperasi\JenisTransaksiKoperasiAction.java,onManajemenParameter|onEvent,REVIEW_REQUIRED,mempunyai aksi khusus existing,ais\database\model\koperasi\JenisTransaksiKoperasi.java
ais.database.model.koperasi.KelompokParameterTambahanProdukKoperasi,KelompokParameterTambahanProdukKoperasi,Kelompok Parameter Tambahan Produk Koperasi,ais.database.model.koperasi,koperasi,ais.database.model.GeneralValueObject,False,True,koperasi,Kelompok_parameter_tambahan_produk_koperasi,False,ais\action\master\koperasi\KelompokParameterTambahanProdukKoperasiAction.java,onEvent,REVIEW_REQUIRED,mempunyai aksi khusus existing,ais\database\model\koperasi\KelompokParameterTambahanProdukKoperasi.java
ais.database.model.koperasi.KodePembayaranOnline,KodePembayaranOnline,Kode Pembayaran Online,ais.database.model.koperasi,koperasi,ais.database.model.GeneralValueObject,False,True,koperasi,kode_pembayaran_pnline,False,,,ELIGIBLE_METADATA_FIRST,Kandidat CRUD metadata; tetap default disabled sampai verifikasi Hibernate/menu/scope,ais\database\model\koperasi\KodePembayaranOnline.java
ais.database.model.koperasi.Koperasi,Koperasi,Koperasi,ais.database.model.koperasi,koperasi,ais.database.model.GeneralValueObject,False,True,koperasi,koperasi,False,ais\action\master\koperasi\KoperasiAction.java,onEvent,REVIEW_REQUIRED,mempunyai aksi khusus existing,ais\database\model\koperasi\Koperasi.java
ais.database.model.koperasi.MejaKantin,MejaKantin,Meja Kantin,ais.database.model.koperasi,koperasi,ais.database.model.GeneralValueObject,False,True,koperasi,meja_kantin,False,ais\action\master\koperasi\MejaKantinAction.java,onEvent,REVIEW_REQUIRED,mempunyai aksi khusus existing,ais\database\model\koperasi\MejaKantin.java
ais.database.model.koperasi.ModalPenyertaanKoperasi,ModalPenyertaanKoperasi,Modal Penyertaan Koperasi,ais.database.model.koperasi,koperasi,ais.database.model.GeneralValueObject,False,True,koperasi,modal_penyertaan,False,ais\action\master\koperasi\ModalPenyertaanKoperasiAction.java,onEvent,REVIEW_REQUIRED,mempunyai aksi khusus existing,ais\database\model\koperasi\ModalPenyertaanKoperasi.java
ais.database.model.koperasi.ParameterTambahanProdukKoperasi,ParameterTambahanProdukKoperasi,Parameter Tambahan Produk Koperasi,ais.database.model.koperasi,koperasi,ais.database.model.GeneralValueObject,False,True,koperasi,parameter_tambahan_produk_koperasi,False,ais\action\master\koperasi\ParameterTambahanProdukKoperasiAction.java,onResetParameter|onManajemenKelompok|onManajemenParameter|onEvent,REVIEW_REQUIRED,mempunyai aksi khusus existing,ais\database\model\koperasi\ParameterTambahanProdukKoperasi.java
ais.database.model.koperasi.PembagianShu,PembagianShu,Pembagian Shu,ais.database.model.koperasi,koperasi,ais.database.model.GeneralValueObject,False,True,koperasi,pembagian_shu,False,ais\action\master\koperasi\PembagianShuAction.java,onRefresh|onHitung,REVIEW_REQUIRED,mempunyai aksi khusus existing,ais\database\model\koperasi\PembagianShu.java
ais.database.model.koperasi.PembatalanTransaksiKantin,PembatalanTransaksiKantin,Pembatalan Transaksi Kantin,ais.database.model.koperasi,koperasi,ais.database.model.GeneralValueObject,False,True,koperasi,pembatalan_transaksi,False,,,ELIGIBLE_METADATA_FIRST,Kandidat CRUD metadata; tetap default disabled sampai verifikasi Hibernate/menu/scope,ais\database\model\koperasi\PembatalanTransaksiKantin.java
ais.database.model.koperasi.PembayaranAnggotaKoperasi,PembayaranAnggotaKoperasi,Pembayaran Anggota Koperasi,ais.database.model.koperasi,koperasi,ais.database.model.GeneralValueObject,False,True,koperasi,pembayaran_anggota_koperasi,False,ais\action\master\koperasi\PembayaranAnggotaKoperasiAction.java,onEvent|onPelunasan,REVIEW_REQUIRED,mempunyai aksi khusus existing,ais\database\model\koperasi\PembayaranAnggotaKoperasi.java
ais.database.model.koperasi.PembayaranAnggotaKoperasiDetail,PembayaranAnggotaKoperasiDetail,Pembayaran Anggota Koperasi Detail,ais.database.model.koperasi,koperasi,ais.database.model.GeneralValueObject,False,True,koperasi,pembayaran_anggota_koperasi_detail,False,,,ELIGIBLE_METADATA_FIRST,Kandidat CRUD metadata; tetap default disabled sampai verifikasi Hibernate/menu/scope,ais\database\model\koperasi\PembayaranAnggotaKoperasiDetail.java
ais.database.model.koperasi.PembelianAnggotaKoperasi,PembelianAnggotaKoperasi,Pembelian Anggota Koperasi,ais.database.model.koperasi,koperasi,ais.database.model.GeneralValueObject,False,True,koperasi,pembelian_anggota_koperasi,False,ais\action\master\koperasi\PembelianAnggotaKoperasiAction.java,onEvent|onCetakPembelianAnggotaKoperasi,REVIEW_REQUIRED,mempunyai aksi khusus existing,ais\database\model\koperasi\PembelianAnggotaKoperasi.java
ais.database.model.koperasi.PencairanDiskon,PencairanDiskon,Pencairan Diskon,ais.database.model.koperasi,koperasi,ais.database.model.GeneralValueObject,False,True,koperasi,pencairan_diskon,False,ais\action\master\koperasi\PencairanDiskonAction.java,onEvent,REVIEW_REQUIRED,mempunyai aksi khusus existing,ais\database\model\koperasi\PencairanDiskon.java
ais.database.model.koperasi.PengurusKoperasi,PengurusKoperasi,Pengurus Koperasi,ais.database.model.koperasi,koperasi,ais.database.model.GeneralValueObject,False,True,koperasi,pengurus_koperasi,False,,,ELIGIBLE_METADATA_FIRST,Kandidat CRUD metadata; tetap default disabled sampai verifikasi Hibernate/menu/scope,ais\database\model\koperasi\PengurusKoperasi.java
ais.database.model.koperasi.PosDeviceToken,PosDeviceToken,Pos Device Token,ais.database.model.koperasi,koperasi,ais.database.model.GeneralValueObject,False,True,koperasi,pos_device_token,False,,,REVIEW_REQUIRED,nama mengindikasikan data transaksi/log/internal: Token,ais\database\model\koperasi\PosDeviceToken.java
ais.database.model.koperasi.ProdukKoperasi,ProdukKoperasi,Produk Koperasi,ais.database.model.koperasi,koperasi,ais.database.model.GeneralValueObject,False,True,koperasi,produk_koperasi,False,ais\action\master\koperasi\ProdukKoperasiAction.java,onEvent,REVIEW_REQUIRED,mempunyai aksi khusus existing,ais\database\model\koperasi\ProdukKoperasi.java
ais.database.model.koperasi.ShuAnggota,ShuAnggota,Shu Anggota,ais.database.model.koperasi,koperasi,ais.database.model.GeneralValueObject,False,True,koperasi,shu_anggota,False,,,ELIGIBLE_METADATA_FIRST,Kandidat CRUD metadata; tetap default disabled sampai verifikasi Hibernate/menu/scope,ais\database\model\koperasi\ShuAnggota.java
ais.database.model.koperasi.SyaratProdukKoperasi,SyaratProdukKoperasi,Syarat Produk Koperasi,ais.database.model.koperasi,koperasi,ais.database.model.GeneralValueObject,False,True,koperasi,syarat_produk_koperasi,False,ais\action\master\koperasi\SyaratProdukKoperasiAction.java,onEvent,REVIEW_REQUIRED,mempunyai aksi khusus existing,ais\database\model\koperasi\SyaratProdukKoperasi.java
ais.database.model.koperasi.TipeAnggotaKoperasi,TipeAnggotaKoperasi,Tipe Anggota Koperasi,ais.database.model.koperasi,koperasi,ais.database.model.GeneralValueObject,False,True,koperasi,tipe_anggota_koperasi,False,ais\action\master\koperasi\TipeAnggotaKoperasiAction.java,onEvent,REVIEW_REQUIRED,mempunyai aksi khusus existing,ais\database\model\koperasi\TipeAnggotaKoperasi.java
ais.database.model.koperasi.TipeProdukKoperasi,TipeProdukKoperasi,Tipe Produk Koperasi,ais.database.model.koperasi,koperasi,ais.database.model.GeneralValueObject,False,True,koperasi,tipe_produk_koperasi,False,ais\action\master\koperasi\TipeProdukKoperasiAction.java,onEvent,REVIEW_REQUIRED,mempunyai aksi khusus existing,ais\database\model\koperasi\TipeProdukKoperasi.java
ais.database.model.koperasi.TransaksiKoperasi,TransaksiKoperasi,Transaksi Koperasi,ais.database.model.koperasi,koperasi,ais.database.model.sop.DataSop,False,True,koperasi,transaksi_koperasi,False,ais\action\master\koperasi\TransaksiKoperasiAction.java,onStatistik|onEvent,REVIEW_REQUIRED,mempunyai aksi khusus existing,ais\database\model\koperasi\TransaksiKoperasi.java
ais.database.model.koperasi.TransaksiKoperasiDetail,TransaksiKoperasiDetail,Transaksi Koperasi Detail,ais.database.model.koperasi,koperasi,ais.database.model.GeneralValueObject,False,True,koperasi,transaksi_koperasi_detail,False,ais\action\master\koperasi\TransaksiKoperasiDetailAction.java,onEvent,REVIEW_REQUIRED,mempunyai aksi khusus existing,ais\database\model\koperasi\TransaksiKoperasiDetail.java
ais.database.model.kpi.FormatKpi,FormatKpi,Format Kpi,ais.database.model.kpi,kpi,ais.database.model.GeneralValueObject,False,True,public,format_kpi,False,ais\action\master\kpi\FormatKpiAction.java,onManajemenMasaKpi|onNilaiDefaultKpi|onEvent,REVIEW_REQUIRED,mempunyai aksi khusus existing,ais\database\model\kpi\FormatKpi.java
ais.database.model.kpi.FormatKpiDetail,FormatKpiDetail,Format Kpi Detail,ais.database.model.kpi,kpi,ais.database.model.GeneralValueObject,False,True,public,format_kpi_detail,False,ais\action\master\kpi\helper\FormatKpiDetailAction.java,onEvent,REVIEW_REQUIRED,mempunyai aksi khusus existing,ais\database\model\kpi\FormatKpiDetail.java
ais.database.model.kpi.ItemKpi,ItemKpi,Item Kpi,ais.database.model.kpi,kpi,ais.database.model.GeneralValueObject,False,True,public,item_kpi,False,,,ELIGIBLE_METADATA_FIRST,Kandidat CRUD metadata; tetap default disabled sampai verifikasi Hibernate/menu/scope,ais\database\model\kpi\ItemKpi.java
ais.database.model.kpi.KategoriKpi,KategoriKpi,Kategori Kpi,ais.database.model.kpi,kpi,ais.database.model.GeneralValueObject,False,True,public,kategori_kpi,False,ais\action\master\kpi\KategoriKpiAction.java,onEvent,REVIEW_REQUIRED,mempunyai aksi khusus existing,ais\database\model\kpi\KategoriKpi.java
ais.database.model.kpi.Kpi,Kpi,Kpi,ais.database.model.kpi,kpi,ais.database.model.GeneralValueObject,False,True,public,kpi,False,ais\action\master\kpi\KpiAction.java,onManajemenParameter|onKonstanta|onEvent,REVIEW_REQUIRED,mempunyai aksi khusus existing,ais\database\model\kpi\Kpi.java
ais.database.model.kpi.MasaKpi,MasaKpi,Masa Kpi,ais.database.model.kpi,kpi,ais.database.model.GeneralValueObject,False,True,public,masa_kpi,False,ais\action\master\kpi\MasaKpiAction.java,onEvent,REVIEW_REQUIRED,mempunyai aksi khusus existing,ais\database\model\kpi\MasaKpi.java
ais.database.model.kpi.NilaiDefaultKpi,NilaiDefaultKpi,Nilai Default Kpi,ais.database.model.kpi,kpi,ais.database.model.GeneralValueObject,False,True,public,nilai_default_kpi,False,ais\action\master\kpi\NilaiDefaultKpiAction.java,onEvent,REVIEW_REQUIRED,mempunyai aksi khusus existing,ais\database\model\kpi\NilaiDefaultKpi.java
ais.database.model.kpi.NilaiKpi,NilaiKpi,Nilai Kpi,ais.database.model.kpi,kpi,ais.database.model.GeneralValueObject,False,True,public,nilai_kpi,False,,,ELIGIBLE_METADATA_FIRST,Kandidat CRUD metadata; tetap default disabled sampai verifikasi Hibernate/menu/scope,ais\database\model\kpi\NilaiKpi.java
ais.database.model.kpi.PengajuanKpi,PengajuanKpi,Pengajuan Kpi,ais.database.model.kpi,kpi,ais.database.model.sop.DataSop,False,True,employ,pengajuan_kpi,False,ais\action\master\kpi\PengajuanKpiAction.java,onEvent,REVIEW_REQUIRED,mempunyai aksi khusus existing,ais\database\model\kpi\PengajuanKpi.java
ais.database.model.kpi.PenilaianKpi,PenilaianKpi,Penilaian Kpi,ais.database.model.kpi,kpi,ais.database.model.GeneralValueObject,False,True,public,penilaian_kpi,False,,,ELIGIBLE_METADATA_FIRST,Kandidat CRUD metadata; tetap default disabled sampai verifikasi Hibernate/menu/scope,ais\database\model\kpi\PenilaianKpi.java
ais.database.model.kpi.SatuanKpi,SatuanKpi,Satuan Kpi,ais.database.model.kpi,kpi,ais.database.model.GeneralValueObject,False,True,public,satuan_kpi,False,ais\action\master\kpi\SatuanKpiAction.java,onManajemenParameter|onEvent,REVIEW_REQUIRED,mempunyai aksi khusus existing,ais\database\model\kpi\SatuanKpi.java
ais.database.model.kpi.SkorKpi,SkorKpi,Skor Kpi,ais.database.model.kpi,kpi,ais.database.model.GeneralValueObject,False,True,public,skor_kpi,False,ais\action\master\kpi\SkorKpiAction.java,onEvent,REVIEW_REQUIRED,mempunyai aksi khusus existing,ais\database\model\kpi\SkorKpi.java
ais.database.model.kursus.BeritaKursus,BeritaKursus,Berita Kursus,ais.database.model.kursus,kursus,ais.database.model.GeneralValueObject,False,True,public,berita_kursus,False,ais\action\master\kursus\BeritaKursusAction.java,onEvent,REVIEW_REQUIRED,mempunyai aksi khusus existing,ais\database\model\kursus\BeritaKursus.java
ais.database.model.kursus.JawabanPercobaanKuisKursus,JawabanPercobaanKuisKursus,Jawaban Percobaan Kuis Kursus,ais.database.model.kursus,kursus,ais.database.model.GeneralValueObject,False,True,public,jawaban_percobaan_kuis_kursus,False,,,ELIGIBLE_METADATA_FIRST,Kandidat CRUD metadata; tetap default disabled sampai verifikasi Hibernate/menu/scope,ais\database\model\kursus\JawabanPercobaanKuisKursus.java
ais.database.model.kursus.JenisIdentitasPeserta,JenisIdentitasPeserta,Jenis Identitas Peserta,ais.database.model.kursus,kursus,ais.database.model.GeneralValueObject,False,True,public,jenis_identitas_peserta,False,,,ELIGIBLE_METADATA_FIRST,Kandidat CRUD metadata; tetap default disabled sampai verifikasi Hibernate/menu/scope,ais\database\model\kursus\JenisIdentitasPeserta.java
ais.database.model.kursus.JenisPeserta,JenisPeserta,Jenis Peserta,ais.database.model.kursus,kursus,ais.database.model.GeneralValueObject,False,True,public,jenis_peserta,False,,,ELIGIBLE_METADATA_FIRST,Kandidat CRUD metadata; tetap default disabled sampai verifikasi Hibernate/menu/scope,ais\database\model\kursus\JenisPeserta.java
ais.database.model.kursus.KategoriProdukKursus,KategoriProdukKursus,Kategori Produk Kursus,ais.database.model.kursus,kursus,ais.database.model.GeneralValueObject,False,True,public,kategori_produk_kursus,False,ais\action\master\kursus\KategoriProdukKursusAction.java,onEvent,REVIEW_REQUIRED,mempunyai aksi khusus existing,ais\database\model\kursus\KategoriProdukKursus.java
ais.database.model.kursus.KomponenDataProdukKursus,KomponenDataProdukKursus,Komponen Data Produk Kursus,ais.database.model.kursus,kursus,ais.database.model.VOPembelajaran,False,True,public,komponen_data_produk_kursus,False,ais\action\master\kursus\KomponenDataProdukKursusAction.java,onEvent,REVIEW_REQUIRED,mempunyai aksi khusus existing,ais\database\model\kursus\KomponenDataProdukKursus.java
ais.database.model.kursus.KomponenProdukKursus,KomponenProdukKursus,Komponen Produk Kursus,ais.database.model.kursus,kursus,ais.database.model.GeneralValueObject,False,True,public,komponen_produk_kursus,False,ais\action\master\kursus\KomponenProdukKursusAction.java,onEvent,REVIEW_REQUIRED,mempunyai aksi khusus existing,ais\database\model\kursus\KomponenProdukKursus.java
ais.database.model.kursus.KuponKursus,KuponKursus,Kupon Kursus,ais.database.model.kursus,kursus,ais.database.model.GeneralValueObject,False,True,public,kupon_kursus,False,ais\action\master\kursus\KuponKursusAction.java,onEvent,REVIEW_REQUIRED,mempunyai aksi khusus existing,ais\database\model\kursus\KuponKursus.java
ais.database.model.kursus.MateriKursus,MateriKursus,Materi Kursus,ais.database.model.kursus,kursus,ais.database.model.GeneralValueObject,False,True,public,materi_kursus,False,,,ELIGIBLE_METADATA_FIRST,Kandidat CRUD metadata; tetap default disabled sampai verifikasi Hibernate/menu/scope,ais\database\model\kursus\MateriKursus.java
ais.database.model.kursus.PengumpulanTugasKursus,PengumpulanTugasKursus,Pengumpulan Tugas Kursus,ais.database.model.kursus,kursus,ais.database.model.GeneralValueObject,False,True,public,pengumpulan_tugas_kursus,False,,,ELIGIBLE_METADATA_FIRST,Kandidat CRUD metadata; tetap default disabled sampai verifikasi Hibernate/menu/scope,ais\database\model\kursus\PengumpulanTugasKursus.java
ais.database.model.kursus.PercobaanKuisKursus,PercobaanKuisKursus,Percobaan Kuis Kursus,ais.database.model.kursus,kursus,ais.database.model.GeneralValueObject,False,True,public,percobaan_kuis_kursus,False,,,ELIGIBLE_METADATA_FIRST,Kandidat CRUD metadata; tetap default disabled sampai verifikasi Hibernate/menu/scope,ais\database\model\kursus\PercobaanKuisKursus.java
ais.database.model.kursus.PesertaInginProdukKursus,PesertaInginProdukKursus,Peserta Ingin Produk Kursus,ais.database.model.kursus,kursus,ais.database.model.GeneralValueObject,False,True,public,peserta_ingin_produk_kursus,False,ais\action\master\kursus\PesertaInginProdukKursusAction.java,onEvent,REVIEW_REQUIRED,mempunyai aksi khusus existing,ais\database\model\kursus\PesertaInginProdukKursus.java
ais.database.model.kursus.PesertaKursus,PesertaKursus,Peserta Kursus,ais.database.model.kursus,kursus,ais.database.model.VOMahasiswa,False,True,public,peserta_kursus,False,ais\action\master\kursus\PesertaKursusAction.java,onEvent,REVIEW_REQUIRED,mempunyai aksi khusus existing,ais\database\model\kursus\PesertaKursus.java
ais.database.model.kursus.PesertaPunyaProdukKursus,PesertaPunyaProdukKursus,Peserta Punya Produk Kursus,ais.database.model.kursus,kursus,ais.database.model.GeneralValueObject,False,True,public,peserta_punya_produk_kursus,False,ais\action\master\kursus\PesertaPunyaProdukKursusAction.java,onEvent,REVIEW_REQUIRED,mempunyai aksi khusus existing,ais\database\model\kursus\PesertaPunyaProdukKursus.java
ais.database.model.kursus.ProdukKursus,ProdukKursus,Produk Kursus,ais.database.model.kursus,kursus,ais.database.model.GeneralValueObject,False,True,public,produk_kursus,False,ais\action\master\kursus\ProdukKursusAction.java,onEvent,REVIEW_REQUIRED,mempunyai aksi khusus existing,ais\database\model\kursus\ProdukKursus.java
ais.database.model.kursus.ProdukPeserta,ProdukPeserta,Produk Peserta,ais.database.model.kursus,kursus,ais.database.model.GeneralValueObject,False,True,public,produk_peserta,False,ais\action\master\kursus\ProdukPesertaAction.java,onEvent,REVIEW_REQUIRED,mempunyai aksi khusus existing,ais\database\model\kursus\ProdukPeserta.java
ais.database.model.kursus.ProgressMateriKursus,ProgressMateriKursus,Progress Materi Kursus,ais.database.model.kursus,kursus,ais.database.model.GeneralValueObject,False,True,public,progress_materi_kursus,False,,,ELIGIBLE_METADATA_FIRST,Kandidat CRUD metadata; tetap default disabled sampai verifikasi Hibernate/menu/scope,ais\database\model\kursus\ProgressMateriKursus.java
ais.database.model.kursus.SeksiKursus,SeksiKursus,Seksi Kursus,ais.database.model.kursus,kursus,ais.database.model.GeneralValueObject,False,True,public,seksi_kursus,False,,,ELIGIBLE_METADATA_FIRST,Kandidat CRUD metadata; tetap default disabled sampai verifikasi Hibernate/menu/scope,ais\database\model\kursus\SeksiKursus.java
ais.database.model.kursus.SertifikatKursus,SertifikatKursus,Sertifikat Kursus,ais.database.model.kursus,kursus,ais.database.model.GeneralValueObject,False,True,public,sertifikat_kursus,False,ais\action\master\kursus\SertifikatKursusAction.java,onEvent,REVIEW_REQUIRED,mempunyai aksi khusus existing,ais\database\model\kursus\SertifikatKursus.java
ais.database.model.kursus.TingkatKelasProdukKursus,TingkatKelasProdukKursus,Tingkat Kelas Produk Kursus,ais.database.model.kursus,kursus,ais.database.model.GeneralValueObject,False,True,public,tingkat_kelas_produk_kursus,False,ais\action\master\kursus\TingkatKelasProdukKursusAction.java,onEvent,REVIEW_REQUIRED,mempunyai aksi khusus existing,ais\database\model\kursus\TingkatKelasProdukKursus.java
ais.database.model.kursus.TipePeserta,TipePeserta,Tipe Peserta,ais.database.model.kursus,kursus,ais.database.model.GeneralValueObject,False,True,public,tipe_peserta,False,,,ELIGIBLE_METADATA_FIRST,Kandidat CRUD metadata; tetap default disabled sampai verifikasi Hibernate/menu/scope,ais\database\model\kursus\TipePeserta.java
ais.database.model.kursus.UlasanKursus,UlasanKursus,Ulasan Kursus,ais.database.model.kursus,kursus,ais.database.model.GeneralValueObject,False,True,public,ulasan_kursus,False,ais\action\master\kursus\UlasanKursusAction.java,onEvent,REVIEW_REQUIRED,mempunyai aksi khusus existing,ais\database\model\kursus\UlasanKursus.java
ais.database.model.library.Anggota,Anggota,Anggota,ais.database.model.library,library,ais.database.model.GeneralValueObject,False,True,library,anggota,False,ais\action\master\library\AnggotaAction.java,onEvent,REVIEW_REQUIRED,mempunyai aksi khusus existing,ais\database\model\library\Anggota.java
ais.database.model.library.AnggotaYangDiblokir,AnggotaYangDiblokir,Anggota Yang Diblokir,ais.database.model.library,library,ais.database.model.GeneralValueObject,False,True,library,anggota_yang_diblokir,False,ais\action\master\library\AnggotaYangDiblokirAction.java,onEvent|onCetak,REVIEW_REQUIRED,mempunyai aksi khusus existing,ais\database\model\library\AnggotaYangDiblokir.java
ais.database.model.library.BatasWaktuPeminjamanItem,BatasWaktuPeminjamanItem,Batas Waktu Peminjaman Item,ais.database.model.library,library,ais.database.model.GeneralValueObject,False,True,library,batas_waktu_peminjaman_item,False,ais\action\master\library\BatasWaktuPeminjamanItemAction.java,onEvent,REVIEW_REQUIRED,mempunyai aksi khusus existing,ais\database\model\library\BatasWaktuPeminjamanItem.java
ais.database.model.library.BatchItemPunyaBarcode,BatchItemPunyaBarcode,Batch Item Punya Barcode,ais.database.model.library,library,ais.database.model.GeneralValueObject,False,True,library,batch_item_punya_barcode,False,,,REVIEW_REQUIRED,nama mengindikasikan data transaksi/log/internal: Temp,ais\database\model\library\BatchItemPunyaBarcode.java
ais.database.model.library.BiayaPendaftaranAnggota,BiayaPendaftaranAnggota,Biaya Pendaftaran Anggota,ais.database.model.library,library,ais.database.model.GeneralValueObject,False,True,library,biaya_pendaftaran_anggota,False,ais\action\master\library\BiayaPendaftaranAnggotaAction.java,onEvent,REVIEW_REQUIRED,mempunyai aksi khusus existing,ais\database\model\library\BiayaPendaftaranAnggota.java
ais.database.model.library.DataDdcItem,DataDdcItem,Data Ddc Item,ais.database.model.library,library,ais.database.model.GeneralValueObject,False,True,library,data_ddc_item,False,ais\action\master\library\DataDdcItemAction.java,onEvent,REVIEW_REQUIRED,mempunyai aksi khusus existing,ais\database\model\library\DataDdcItem.java
ais.database.model.library.DataDdcItemDetail,DataDdcItemDetail,Data Ddc Item Detail,ais.database.model.library,library,ais.database.model.GeneralValueObject,False,True,library,data_ddc_item_detail,False,ais\action\master\library\helper\DataDdcItemDetailAction.java,onEvent,REVIEW_REQUIRED,mempunyai aksi khusus existing,ais\database\model\library\DataDdcItemDetail.java
ais.database.model.library.DataUdcItem,DataUdcItem,Data Udc Item,ais.database.model.library,library,ais.database.model.GeneralValueObject,False,True,library,data_udc_item,False,ais\action\master\library\DataUdcItemAction.java,onEvent,REVIEW_REQUIRED,mempunyai aksi khusus existing,ais\database\model\library\DataUdcItem.java
ais.database.model.library.DataUdcItemDetail,DataUdcItemDetail,Data Udc Item Detail,ais.database.model.library,library,ais.database.model.GeneralValueObject,False,True,library,data_udc_item_detail,False,ais\action\master\library\helper\DataUdcItemDetailAction.java,onEvent,REVIEW_REQUIRED,mempunyai aksi khusus existing,ais\database\model\library\DataUdcItemDetail.java
ais.database.model.library.DdcItem,DdcItem,Ddc Item,ais.database.model.library,library,ais.database.model.GeneralValueObject,False,True,library,ddc_item,False,ais\action\master\library\DdcItemAction.java,onEvent,REVIEW_REQUIRED,mempunyai aksi khusus existing,ais\database\model\library\DdcItem.java
ais.database.model.library.DendaKeterlambatanItem,DendaKeterlambatanItem,Denda Keterlambatan Item,ais.database.model.library,library,ais.database.model.GeneralValueObject,False,True,library,denda_keterlambatan_item,False,ais\action\master\library\DendaKeterlambatanItemAction.java,onEvent|onHariLibur|onKonfigurasi,REVIEW_REQUIRED,mempunyai aksi khusus existing,ais\database\model\library\DendaKeterlambatanItem.java
ais.database.model.library.DetailTransaksi,DetailTransaksi,Detail Transaksi,ais.database.model.library,library,ais.database.model.GeneralValueObject,False,True,library,detail_transaksi,False,,,ELIGIBLE_METADATA_FIRST,Kandidat CRUD metadata; tetap default disabled sampai verifikasi Hibernate/menu/scope,ais\database\model\library\DetailTransaksi.java
ais.database.model.library.DomainPenelitian,DomainPenelitian,Domain Penelitian,ais.database.model.library,library,ais.database.model.GeneralValueObject,False,True,library,domain_penelitian,False,ais\action\master\library\DomainPenelitianAction.java,onEvent,REVIEW_REQUIRED,mempunyai aksi khusus existing,ais\database\model\library\DomainPenelitian.java
ais.database.model.library.HariLiburPerpustakaan,HariLiburPerpustakaan,Hari Libur Perpustakaan,ais.database.model.library,library,ais.database.model.GeneralValueObject,False,True,library,hari_libur_perpustakaan,False,ais\action\master\library\HariLiburPerpustakaanAction.java,onEvent,REVIEW_REQUIRED,mempunyai aksi khusus existing,ais\database\model\library\HariLiburPerpustakaan.java
ais.database.model.library.InformasiPerpustakaan,InformasiPerpustakaan,Informasi Perpustakaan,ais.database.model.library,library,ais.database.model.GeneralValueObject,False,True,library,informasi_perpustakaan,False,ais\action\master\library\InformasiPerpustakaanAction.java,onEvent,REVIEW_REQUIRED,mempunyai aksi khusus existing,ais\database\model\library\InformasiPerpustakaan.java
ais.database.model.library.InformasiPerpustakaanKomentar,InformasiPerpustakaanKomentar,Informasi Perpustakaan Komentar,ais.database.model.library,library,ais.database.model.GeneralValueObject,False,True,library,informasi_perpustakaan_komentar,False,,,ELIGIBLE_METADATA_FIRST,Kandidat CRUD metadata; tetap default disabled sampai verifikasi Hibernate/menu/scope,ais\database\model\library\InformasiPerpustakaanKomentar.java
ais.database.model.library.Item,Item,Item,ais.database.model.library,library,ais.database.model.GeneralValueObject,False,True,library,item,True,ais\action\master\library\ItemAction.java,onEvent|onProgress|onAddGoogle|onAddExternal,REVIEW_REQUIRED,membutuhkan adapter foto; mempunyai aksi khusus existing,ais\database\model\library\Item.java
ais.database.model.library.ItemFavoritAnggota,ItemFavoritAnggota,Item Favorit Anggota,ais.database.model.library,library,ais.database.model.GeneralValueObject,False,True,library,item_favorit_anggota,False,,,ELIGIBLE_METADATA_FIRST,Kandidat CRUD metadata; tetap default disabled sampai verifikasi Hibernate/menu/scope,ais\database\model\library\ItemFavoritAnggota.java
ais.database.model.library.ItemHasStatus,ItemHasStatus,Item Has Status,ais.database.model.library,library,ais.database.model.GeneralValueObject,False,True,library,item_has_status,False,,,ELIGIBLE_METADATA_FIRST,Kandidat CRUD metadata; tetap default disabled sampai verifikasi Hibernate/menu/scope,ais\database\model\library\ItemHasStatus.java
ais.database.model.library.ItemHasTopik,ItemHasTopik,Item Has Topik,ais.database.model.library,library,ais.database.model.GeneralValueObject,False,True,library,item_has_topik,False,,,ELIGIBLE_METADATA_FIRST,Kandidat CRUD metadata; tetap default disabled sampai verifikasi Hibernate/menu/scope,ais\database\model\library\ItemHasTopik.java
ais.database.model.library.ItemKomentar,ItemKomentar,Item Komentar,ais.database.model.library,library,ais.database.model.GeneralValueObject,False,True,library,item_komentar,False,,,ELIGIBLE_METADATA_FIRST,Kandidat CRUD metadata; tetap default disabled sampai verifikasi Hibernate/menu/scope,ais\database\model\library\ItemKomentar.java
ais.database.model.library.ItemPunyaBarcode,ItemPunyaBarcode,Item Punya Barcode,ais.database.model.library,library,ais.database.model.GeneralValueObject,False,True,library,item_punya_barcode,False,,,REVIEW_REQUIRED,nama mengindikasikan data transaksi/log/internal: Temp,ais\database\model\library\ItemPunyaBarcode.java
ais.database.model.library.ItemPunyaKategoriItem,ItemPunyaKategoriItem,Item Punya Kategori Item,ais.database.model.library,library,ais.database.model.GeneralValueObject,False,True,library,item_punya_kategori_item,False,,,REVIEW_REQUIRED,nama mengindikasikan data transaksi/log/internal: Temp,ais\database\model\library\ItemPunyaKategoriItem.java
ais.database.model.library.ItemPunyaPemeriksa,ItemPunyaPemeriksa,Item Punya Pemeriksa,ais.database.model.library,library,ais.database.model.GeneralValueObject,False,True,library,item_punya_pemeriksa,False,,,REVIEW_REQUIRED,nama mengindikasikan data transaksi/log/internal: Temp,ais\database\model\library\ItemPunyaPemeriksa.java
ais.database.model.library.ItemPunyaPengarang,ItemPunyaPengarang,Item Punya Pengarang,ais.database.model.library,library,ais.database.model.GeneralValueObject,False,True,library,item_punya_pengarang,False,,,REVIEW_REQUIRED,nama mengindikasikan data transaksi/log/internal: Temp,ais\database\model\library\ItemPunyaPengarang.java
ais.database.model.library.ItemPunyaTerbit,ItemPunyaTerbit,Item Punya Terbit,ais.database.model.library,library,ais.database.model.GeneralValueObject,False,True,library,item_punya_terbit,False,,,REVIEW_REQUIRED,nama mengindikasikan data transaksi/log/internal: Temp,ais\database\model\library\ItemPunyaTerbit.java
ais.database.model.library.ItemPunyaTerbitKomentar,ItemPunyaTerbitKomentar,Item Punya Terbit Komentar,ais.database.model.library,library,ais.database.model.GeneralValueObject,False,True,library,item_punya_terbit_punya_terbit_komentar,False,,,REVIEW_REQUIRED,nama mengindikasikan data transaksi/log/internal: Temp,ais\database\model\library\ItemPunyaTerbitKomentar.java
ais.database.model.library.ItemRevisi,ItemRevisi,Item Revisi,ais.database.model.library,library,ais.database.model.GeneralValueObject,False,True,library,item_revisi,False,,,ELIGIBLE_METADATA_FIRST,Kandidat CRUD metadata; tetap default disabled sampai verifikasi Hibernate/menu/scope,ais\database\model\library\ItemRevisi.java
ais.database.model.library.ItemTemporary,ItemTemporary,Item Temporary,ais.database.model.library,library,ais.database.model.GeneralValueObject,False,True,library,item_temporary,True,,,REVIEW_REQUIRED,nama mengindikasikan data transaksi/log/internal: Temporary; membutuhkan adapter foto,ais\database\model\library\ItemTemporary.java
ais.database.model.library.JenisAnggota,JenisAnggota,Jenis Anggota,ais.database.model.library,library,ais.database.model.GeneralValueObject,False,True,library,jenis_anggota,False,ais\action\master\library\JenisAnggotaAction.java,onEvent,REVIEW_REQUIRED,mempunyai aksi khusus existing,ais\database\model\library\JenisAnggota.java
ais.database.model.library.JenisIdentitasAnggota,JenisIdentitasAnggota,Jenis Identitas Anggota,ais.database.model.library,library,ais.database.model.GeneralValueObject,False,True,library,jenis_identitas_anggota,False,ais\action\master\library\JenisIdentitasAnggotaAction.java,onEvent,REVIEW_REQUIRED,mempunyai aksi khusus existing,ais\database\model\library\JenisIdentitasAnggota.java
ais.database.model.library.JenisInformasiPerpustakaan,JenisInformasiPerpustakaan,Jenis Informasi Perpustakaan,ais.database.model.library,library,ais.database.model.GeneralValueObject,False,True,library,jenis_informasi_perpustakaan,False,ais\action\master\library\JenisInformasiPerpustakaanAction.java,onEvent,REVIEW_REQUIRED,mempunyai aksi khusus existing,ais\database\model\library\JenisInformasiPerpustakaan.java
ais.database.model.library.JenisItem,JenisItem,Jenis Item,ais.database.model.library,library,ais.database.model.GeneralValueObject,False,True,library,jenis_item,False,ais\action\master\library\JenisItemAction.java|ais\action\master\sirs\JenisItemAction.java,onEvent,REVIEW_REQUIRED,mempunyai aksi khusus existing,ais\database\model\library\JenisItem.java
ais.database.model.library.KategoriItem,KategoriItem,Kategori Item,ais.database.model.library,library,ais.database.model.GeneralValueObject,False,True,library,kategori_item,False,ais\action\master\library\KategoriItemAction.java,onEvent,REVIEW_REQUIRED,mempunyai aksi khusus existing,ais\database\model\library\KategoriItem.java
ais.database.model.library.KembaliPengadaanItem,KembaliPengadaanItem,Kembali Pengadaan Item,ais.database.model.library,library,ais.database.model.GeneralValueObject,False,True,library,kembali_pengadaan_item,False,ais\action\master\library\KembaliPengadaanItemAction.java,onEvent|onCetakPengembalianPerAnggota|onKodeAnggota,REVIEW_REQUIRED,mempunyai aksi khusus existing,ais\database\model\library\KembaliPengadaanItem.java
ais.database.model.library.KembaliPengadaanItemDetail,KembaliPengadaanItemDetail,Kembali Pengadaan Item Detail,ais.database.model.library,library,ais.database.model.GeneralValueObject,False,True,library,kembali_pengadaan_item_detail,False,ais\action\master\library\helper\KembaliPengadaanItemDetailAction.java,onEvent,REVIEW_REQUIRED,mempunyai aksi khusus existing,ais\database\model\library\KembaliPengadaanItemDetail.java
ais.database.model.library.KodeTransaksi,KodeTransaksi,Kode Transaksi,ais.database.model.library,library,ais.database.model.GeneralValueObject,False,True,library,kode_transaksi,False,ais\action\master\sirs\KodeTransaksiAction.java,onEvent,REVIEW_REQUIRED,mempunyai aksi khusus existing,ais\database\model\library\KodeTransaksi.java
ais.database.model.library.KoreksiItem,KoreksiItem,Koreksi Item,ais.database.model.library,library,ais.database.model.GeneralValueObject,False,True,library,koreksi_item,False,ais\action\master\library\KoreksiItemAction.java|ais\action\master\sirs\KoreksiItemAction.java,onEvent|onCetak,REVIEW_REQUIRED,mempunyai aksi khusus existing,ais\database\model\library\KoreksiItem.java
ais.database.model.library.KoreksiItemDetail,KoreksiItemDetail,Koreksi Item Detail,ais.database.model.library,library,ais.database.model.GeneralValueObject,False,True,library,koreksi_item_detail,False,ais\action\master\library\helper\KoreksiItemDetailAction.java|ais\action\master\sirs\detail\KoreksiItemDetailAction.java,onEvent,REVIEW_REQUIRED,mempunyai aksi khusus existing,ais\database\model\library\KoreksiItemDetail.java
ais.database.model.library.KunjunganAnggota,KunjunganAnggota,Kunjungan Anggota,ais.database.model.library,library,ais.database.model.GeneralValueObject,False,True,library,kunjungan_anggota,False,ais\action\master\library\KunjunganAnggotaAction.java,onEvent|onKodeAnggota,REVIEW_REQUIRED,mempunyai aksi khusus existing,ais\database\model\library\KunjunganAnggota.java
ais.database.model.library.LabelItem,LabelItem,Label Item,ais.database.model.library,library,ais.database.model.GeneralValueObject,False,True,library,label_item,False,ais\action\master\library\LabelItemAction.java,onEvent,REVIEW_REQUIRED,mempunyai aksi khusus existing,ais\database\model\library\LabelItem.java
ais.database.model.library.Labelling,Labelling,Labelling,ais.database.model.library,library,ais.database.model.GeneralValueObject,False,True,library,labelling,False,,,ELIGIBLE_METADATA_FIRST,Kandidat CRUD metadata; tetap default disabled sampai verifikasi Hibernate/menu/scope,ais\database\model\library\Labelling.java
ais.database.model.library.LampiranItem,LampiranItem,Lampiran Item,ais.database.model.library,library,ais.database.model.GeneralValueObject,False,True,library,lampiran_item,False,,,ELIGIBLE_METADATA_FIRST,Kandidat CRUD metadata; tetap default disabled sampai verifikasi Hibernate/menu/scope,ais\database\model\library\LampiranItem.java
ais.database.model.library.PemesananPengadaanItem,PemesananPengadaanItem,Pemesanan Pengadaan Item,ais.database.model.library,library,ais.database.model.GeneralValueObject,False,True,library,pemesanan_pengadaan_item,False,ais\action\master\library\PemesananPengadaanItemAction.java,onEvent|onCetak,REVIEW_REQUIRED,mempunyai aksi khusus existing,ais\database\model\library\PemesananPengadaanItem.java
ais.database.model.library.PemesananPengadaanItemDetail,PemesananPengadaanItemDetail,Pemesanan Pengadaan Item Detail,ais.database.model.library,library,ais.database.model.GeneralValueObject,False,True,library,pemesanan_pengadaan_item_detail,False,ais\action\master\library\helper\PemesananPengadaanItemDetailAction.java,onEvent,REVIEW_REQUIRED,mempunyai aksi khusus existing,ais\database\model\library\PemesananPengadaanItemDetail.java
ais.database.model.library.PeminjamanPengadaanItem,PeminjamanPengadaanItem,Peminjaman Pengadaan Item,ais.database.model.library,library,ais.database.model.GeneralValueObject,False,True,library,peminjaman_pengadaan_item,False,ais\action\master\library\PeminjamanPengadaanItemAction.java,onEvent|onCetakPeminjamanPerAnggota|onSynchronizeDenda|onCetakPeminjamanPerAnggotaBelumDikembalikan|onKodeAnggota,REVIEW_REQUIRED,mempunyai aksi khusus existing,ais\database\model\library\PeminjamanPengadaanItem.java
ais.database.model.library.PeminjamanPengadaanItemDetail,PeminjamanPengadaanItemDetail,Peminjaman Pengadaan Item Detail,ais.database.model.library,library,ais.database.model.GeneralValueObject,False,True,library,peminjaman_pengadaan_item_detail,False,ais\action\master\library\helper\PeminjamanPengadaanItemDetailAction.java,onEvent,REVIEW_REQUIRED,mempunyai aksi khusus existing,ais\database\model\library\PeminjamanPengadaanItemDetail.java
ais.database.model.library.Penerbit,Penerbit,Penerbit,ais.database.model.library,library,ais.database.model.GeneralValueObject,False,True,library,penerbit,False,ais\action\master\library\PenerbitAction.java,onEvent|onAddExternal,REVIEW_REQUIRED,mempunyai aksi khusus existing,ais\database\model\library\Penerbit.java
ais.database.model.library.PenerbitPunyaPemeriksa,PenerbitPunyaPemeriksa,Penerbit Punya Pemeriksa,ais.database.model.library,library,ais.database.model.GeneralValueObject,False,True,library,penerbit_punya_pemeriksa,False,,,ELIGIBLE_METADATA_FIRST,Kandidat CRUD metadata; tetap default disabled sampai verifikasi Hibernate/menu/scope,ais\database\model\library\PenerbitPunyaPemeriksa.java
ais.database.model.library.PenerimaanPengadaanItem,PenerimaanPengadaanItem,Penerimaan Pengadaan Item,ais.database.model.library,library,ais.database.model.GeneralValueObject,False,True,library,penerimaan_pengadaan_item,False,ais\action\master\library\PenerimaanPengadaanItemAction.java,onEvent|onCetak,REVIEW_REQUIRED,mempunyai aksi khusus existing,ais\database\model\library\PenerimaanPengadaanItem.java
ais.database.model.library.PenerimaanPengadaanItemDetail,PenerimaanPengadaanItemDetail,Penerimaan Pengadaan Item Detail,ais.database.model.library,library,ais.database.model.GeneralValueObject,False,True,library,penerimaan_pengadaan_item_detail,False,ais\action\master\library\helper\PenerimaanPengadaanItemDetailAction.java,onEvent,REVIEW_REQUIRED,mempunyai aksi khusus existing,ais\database\model\library\PenerimaanPengadaanItemDetail.java
ais.database.model.library.Pengarang,Pengarang,Pengarang,ais.database.model.library,library,ais.database.model.GeneralValueObject,False,True,library,pengarang,False,ais\action\master\library\PengarangAction.java,onEvent|onAddExternal,REVIEW_REQUIRED,mempunyai aksi khusus existing,ais\database\model\library\Pengarang.java
ais.database.model.library.Penyedia,Penyedia,Penyedia,ais.database.model.library,library,ais.database.model.GeneralValueObject,False,True,library,penyedia,False,ais\action\maintenance\PenyediaAction.java|ais\action\master\library\PenyediaAction.java,onEvent,REVIEW_REQUIRED,mempunyai aksi khusus existing,ais\database\model\library\Penyedia.java
ais.database.model.library.PermintaanPengadaanItem,PermintaanPengadaanItem,Permintaan Pengadaan Item,ais.database.model.library,library,ais.database.model.GeneralValueObject,False,True,library,permintaan_pengadaan_item,False,ais\action\master\library\PermintaanPengadaanItemAction.java,onEvent,REVIEW_REQUIRED,mempunyai aksi khusus existing,ais\database\model\library\PermintaanPengadaanItem.java
ais.database.model.library.PermintaanPengadaanItemDetail,PermintaanPengadaanItemDetail,Permintaan Pengadaan Item Detail,ais.database.model.library,library,ais.database.model.GeneralValueObject,False,True,library,permintaan_pengadaan_item_detail,False,ais\action\master\library\helper\PermintaanPengadaanItemDetailAction.java,onEvent,REVIEW_REQUIRED,mempunyai aksi khusus existing,ais\database\model\library\PermintaanPengadaanItemDetail.java
ais.database.model.library.Perpustakaan,Perpustakaan,Perpustakaan,ais.database.model.library,library,ais.database.model.GeneralValueObject,False,True,library,perpustakaan,False,ais\action\master\library\PerpustakaanAction.java,onEvent,REVIEW_REQUIRED,mempunyai aksi khusus existing,ais\database\model\library\Perpustakaan.java
ais.database.model.library.PesananAnggota,PesananAnggota,Pesanan Anggota,ais.database.model.library,library,ais.database.model.GeneralValueObject,False,True,library,pesanan_anggota,False,ais\action\master\library\PesananAnggotaAction.java,onEvent|onCetak,REVIEW_REQUIRED,mempunyai aksi khusus existing,ais\database\model\library\PesananAnggota.java
ais.database.model.library.Pustakawan,Pustakawan,Pustakawan,ais.database.model.library,library,ais.database.model.GeneralValueObject,False,True,library,pustakawan,False,ais\action\master\asset\helper\PustakawanAction.java,onEvent,REVIEW_REQUIRED,mempunyai aksi khusus existing,ais\database\model\library\Pustakawan.java
ais.database.model.library.Rak,Rak,Rak,ais.database.model.library,library,ais.database.model.GeneralValueObject,False,True,library,rak,False,ais\action\master\library\RakAction.java,onEvent,REVIEW_REQUIRED,mempunyai aksi khusus existing,ais\database\model\library\Rak.java
ais.database.model.library.RakDetail,RakDetail,Rak Detail,ais.database.model.library,library,ais.database.model.GeneralValueObject,False,True,library,rak_detail,False,ais\action\master\library\helper\RakDetailAction.java,onEvent,REVIEW_REQUIRED,mempunyai aksi khusus existing,ais\database\model\library\RakDetail.java
ais.database.model.library.ReturPengadaanItem,ReturPengadaanItem,Retur Pengadaan Item,ais.database.model.library,library,ais.database.model.GeneralValueObject,False,True,library,retur_pengadaan_item,False,ais\action\master\library\ReturPengadaanItemAction.java,onEvent|onCetak,REVIEW_REQUIRED,mempunyai aksi khusus existing,ais\database\model\library\ReturPengadaanItem.java
ais.database.model.library.ReturPengadaanItemDetail,ReturPengadaanItemDetail,Retur Pengadaan Item Detail,ais.database.model.library,library,ais.database.model.GeneralValueObject,False,True,library,retur_pengadaan_item_detail,False,ais\action\master\library\helper\ReturPengadaanItemDetailAction.java,onEvent,REVIEW_REQUIRED,mempunyai aksi khusus existing,ais\database\model\library\ReturPengadaanItemDetail.java
ais.database.model.library.SaldoAwal,SaldoAwal,Saldo Awal,ais.database.model.library,library,ais.database.model.GeneralValueObject,False,True,library,saldo_awal,False,ais\action\master\library\SaldoAwalAction.java|ais\action\master\sirs\SaldoAwalAction.java,onEvent|onCetak,REVIEW_REQUIRED,mempunyai aksi khusus existing,ais\database\model\library\SaldoAwal.java
ais.database.model.library.SaldoAwalDetail,SaldoAwalDetail,Saldo Awal Detail,ais.database.model.library,library,ais.database.model.GeneralValueObject,False,True,library,saldo_awal_detail,False,ais\action\master\library\helper\SaldoAwalDetailAction.java|ais\action\master\sirs\detail\SaldoAwalDetailAction.java,onEvent,REVIEW_REQUIRED,mempunyai aksi khusus existing,ais\database\model\library\SaldoAwalDetail.java
ais.database.model.library.SaldoAwalDetailDetail,SaldoAwalDetailDetail,Saldo Awal Detail Detail,ais.database.model.library,library,ais.database.model.GeneralValueObject,False,True,library,saldo_awal_detail_detail,False,ais\action\master\library\helper\SaldoAwalDetailDetailAction.java,onEvent,REVIEW_REQUIRED,mempunyai aksi khusus existing,ais\database\model\library\SaldoAwalDetailDetail.java
ais.database.model.library.SearchHistory,SearchHistory,Search History,ais.database.model.library,library,ais.database.model.GeneralValueObject,False,True,library,search_history,False,,,REVIEW_REQUIRED,nama mengindikasikan data transaksi/log/internal: History,ais\database\model\library\SearchHistory.java
ais.database.model.library.Serial,Serial,Serial,ais.database.model.library,library,ais.database.model.GeneralValueObject,False,True,library,serial,False,,,ELIGIBLE_METADATA_FIRST,Kandidat CRUD metadata; tetap default disabled sampai verifikasi Hibernate/menu/scope,ais\database\model\library\Serial.java
ais.database.model.library.StatusItem,StatusItem,Status Item,ais.database.model.library,library,ais.database.model.GeneralValueObject,False,True,library,status_item,False,ais\action\master\library\StatusItemAction.java,onEvent,REVIEW_REQUIRED,mempunyai aksi khusus existing,ais\database\model\library\StatusItem.java
ais.database.model.library.StatusTerbitItem,StatusTerbitItem,Status Terbit Item,ais.database.model.library,library,ais.database.model.GeneralValueObject,False,True,library,status_terbit_item,False,,,ELIGIBLE_METADATA_FIRST,Kandidat CRUD metadata; tetap default disabled sampai verifikasi Hibernate/menu/scope,ais\database\model\library\StatusTerbitItem.java
ais.database.model.library.TerimaPengadaanItem,TerimaPengadaanItem,Terima Pengadaan Item,ais.database.model.library,library,ais.database.model.GeneralValueObject,False,True,library,terima_pengadaan_item,False,ais\action\master\library\TerimaPengadaanItemAction.java,onEvent|onCetak,REVIEW_REQUIRED,mempunyai aksi khusus existing,ais\database\model\library\TerimaPengadaanItem.java
ais.database.model.library.TerimaPengadaanItemDetail,TerimaPengadaanItemDetail,Terima Pengadaan Item Detail,ais.database.model.library,library,ais.database.model.GeneralValueObject,False,True,library,terima_pengadaan_item_detail,False,ais\action\master\library\helper\TerimaPengadaanItemDetailAction.java,onEvent,REVIEW_REQUIRED,mempunyai aksi khusus existing,ais\database\model\library\TerimaPengadaanItemDetail.java
ais.database.model.library.TipeAnggota,TipeAnggota,Tipe Anggota,ais.database.model.library,library,ais.database.model.GeneralValueObject,False,True,library,tipe_anggota,False,ais\action\master\library\TipeAnggotaAction.java,onEvent,REVIEW_REQUIRED,mempunyai aksi khusus existing,ais\database\model\library\TipeAnggota.java
ais.database.model.library.TipeItem,TipeItem,Tipe Item,ais.database.model.library,library,ais.database.model.GeneralValueObject,False,True,library,tipe_item,False,ais\action\master\library\TipeItemAction.java,onEvent,REVIEW_REQUIRED,mempunyai aksi khusus existing,ais\database\model\library\TipeItem.java
ais.database.model.library.TopikItem,TopikItem,Topik Item,ais.database.model.library,library,ais.database.model.GeneralValueObject,False,True,library,topik_item,False,ais\action\master\library\TopikItemAction.java,onEvent,REVIEW_REQUIRED,mempunyai aksi khusus existing,ais\database\model\library\TopikItem.java
ais.database.model.library.TransferPengadaanItem,TransferPengadaanItem,Transfer Pengadaan Item,ais.database.model.library,library,ais.database.model.GeneralValueObject,False,True,library,transfer_pengadaan_item,False,ais\action\master\library\TransferPengadaanItemAction.java,onEvent|onCetak,REVIEW_REQUIRED,mempunyai aksi khusus existing,ais\database\model\library\TransferPengadaanItem.java
ais.database.model.library.TransferPengadaanItemDetail,TransferPengadaanItemDetail,Transfer Pengadaan Item Detail,ais.database.model.library,library,ais.database.model.GeneralValueObject,False,True,library,transfer_pengadaan_item_detail,False,ais\action\master\library\helper\TransferPengadaanItemDetailAction.java,onEvent,REVIEW_REQUIRED,mempunyai aksi khusus existing,ais\database\model\library\TransferPengadaanItemDetail.java
ais.database.model.library.UdcItem,UdcItem,Udc Item,ais.database.model.library,library,ais.database.model.GeneralValueObject,False,True,library,udc_item,False,ais\action\master\library\UdcItemAction.java,onEvent,REVIEW_REQUIRED,mempunyai aksi khusus existing,ais\database\model\library\UdcItem.java
ais.database.model.library.VersiDdcItem,VersiDdcItem,Versi Ddc Item,ais.database.model.library,library,ais.database.model.GeneralValueObject,False,True,library,versi_ddc_item,False,ais\action\master\library\VersiDdcItemAction.java,onEvent,REVIEW_REQUIRED,mempunyai aksi khusus existing,ais\database\model\library\VersiDdcItem.java
ais.database.model.lkp.KegiatanTugasJabatan,KegiatanTugasJabatan,Kegiatan Tugas Jabatan,ais.database.model.lkp,lkp,ais.database.model.GeneralValueObject,False,True,public,kegiatan_tugas_jabatan,False,ais\action\master\lkp\KegiatanTugasJabatanAction.java,onManajemenParameter|onEvent,REVIEW_REQUIRED,mempunyai aksi khusus existing,ais\database\model\lkp\KegiatanTugasJabatan.java
ais.database.model.lkp.KegiatanTugasJabatanPunyaIndikator,KegiatanTugasJabatanPunyaIndikator,Kegiatan Tugas Jabatan Punya Indikator,ais.database.model.lkp,lkp,ais.database.model.GeneralValueObject,False,True,public,kegiatan_tugas_jabatan_punya_indikator,False,,,ELIGIBLE_METADATA_FIRST,Kandidat CRUD metadata; tetap default disabled sampai verifikasi Hibernate/menu/scope,ais\database\model\lkp\KegiatanTugasJabatanPunyaIndikator.java
ais.database.model.lkp.KegiatanTugasJabatanPunyaPredecessor,KegiatanTugasJabatanPunyaPredecessor,Kegiatan Tugas Jabatan Punya Predecessor,ais.database.model.lkp,lkp,ais.database.model.GeneralValueObject,False,True,rab,kegiatanTugasJabatan_punya_predecessor,False,,,ELIGIBLE_METADATA_FIRST,Kandidat CRUD metadata; tetap default disabled sampai verifikasi Hibernate/menu/scope,ais\database\model\lkp\KegiatanTugasJabatanPunyaPredecessor.java
ais.database.model.lkp.KegiatanTugasJabatanPunyaSasaran,KegiatanTugasJabatanPunyaSasaran,Kegiatan Tugas Jabatan Punya Sasaran,ais.database.model.lkp,lkp,ais.database.model.GeneralValueObject,False,True,rab,kegiatan_tugas_jabatan_punya_sasaran,False,,,ELIGIBLE_METADATA_FIRST,Kandidat CRUD metadata; tetap default disabled sampai verifikasi Hibernate/menu/scope,ais\database\model\lkp\KegiatanTugasJabatanPunyaSasaran.java
ais.database.model.lkp.KelompokParameterTambahanKegiatan,KelompokParameterTambahanKegiatan,Kelompok Parameter Tambahan Kegiatan,ais.database.model.lkp,lkp,ais.database.model.GeneralValueObject,False,True,public,kelompok_parameter_tambahan_kegiatan,False,ais\action\master\lkp\KelompokParameterTambahanKegiatanAction.java,onEvent,REVIEW_REQUIRED,mempunyai aksi khusus existing,ais\database\model\lkp\KelompokParameterTambahanKegiatan.java
ais.database.model.lkp.ParameterTambahanKegiatan,ParameterTambahanKegiatan,Parameter Tambahan Kegiatan,ais.database.model.lkp,lkp,ais.database.model.GeneralValueObject,False,True,public,parameter_tambahan_kegiatan,False,ais\action\master\lkp\ParameterTambahanKegiatanAction.java,onManajemenKelompok|onManajemenParameter|onResetParameter|onEvent,REVIEW_REQUIRED,mempunyai aksi khusus existing,ais\database\model\lkp\ParameterTambahanKegiatan.java
ais.database.model.lkp.RealisasiKerjaPegawai,RealisasiKerjaPegawai,Realisasi Kerja Pegawai,ais.database.model.lkp,lkp,ais.database.model.GeneralValueObject,False,True,public,realisasi_kerja_pegawai,False,ais\action\master\lkp\RealisasiKerjaPegawaiAction.java,onEvent,REVIEW_REQUIRED,mempunyai aksi khusus existing,ais\database\model\lkp\RealisasiKerjaPegawai.java
ais.database.model.lkp.SatuanKegiatanTugasJabatan,SatuanKegiatanTugasJabatan,Satuan Kegiatan Tugas Jabatan,ais.database.model.lkp,lkp,ais.database.model.GeneralValueObject,False,True,public,satuan_kegiatan_tugas_jabatan,False,ais\action\master\lkp\SatuanKegiatanTugasJabatanAction.java,onEvent,REVIEW_REQUIRED,mempunyai aksi khusus existing,ais\database\model\lkp\SatuanKegiatanTugasJabatan.java
ais.database.model.lkp.TargetKerjaPegawai,TargetKerjaPegawai,Target Kerja Pegawai,ais.database.model.lkp,lkp,ais.database.model.GeneralValueObject,False,True,public,target_kerja_pegawai,False,ais\action\master\lkp\TargetKerjaPegawaiAction.java,onEvent,REVIEW_REQUIRED,mempunyai aksi khusus existing,ais\database\model\lkp\TargetKerjaPegawai.java
ais.database.model.obe.BahanKajian,BahanKajian,Bahan Kajian,ais.database.model.obe,obe,ais.database.model.GeneralValueObject,False,True,public,bahankajian,False,ais\action\master\obe\BahanKajianAction.java,onMatakuliah|onAddExternal|onEvent,REVIEW_REQUIRED,mempunyai aksi khusus existing,ais\database\model\obe\BahanKajian.java
ais.database.model.obe.CapaianLulusan,CapaianLulusan,Capaian Lulusan,ais.database.model.obe,obe,ais.database.model.GeneralValueObject,False,True,public,capaianlulusan,False,ais\action\master\obe\CapaianLulusanAction.java,onProfil|onBahanKajian|onCpmk|onAddExternal|onEvent,REVIEW_REQUIRED,mempunyai aksi khusus existing,ais\database\model\obe\CapaianLulusan.java
ais.database.model.obe.CapaianPembelajaranLulusan,CapaianPembelajaranLulusan,Capaian Pembelajaran Lulusan,ais.database.model.obe,obe,ais.database.model.GeneralValueObject,False,True,public,capaian_pembelajaran_lulusan,False,ais\action\master\obe\CapaianPembelajaranLulusanAction.java,onAddExternal|onEvent,REVIEW_REQUIRED,mempunyai aksi khusus existing,ais\database\model\obe\CapaianPembelajaranLulusan.java
ais.database.model.obe.IndikatorKinerja,IndikatorKinerja,Indikator Kinerja,ais.database.model.obe,obe,ais.database.model.GeneralValueObject,False,True,public,indikator_kinerja,False,,,ELIGIBLE_METADATA_FIRST,Kandidat CRUD metadata; tetap default disabled sampai verifikasi Hibernate/menu/scope,ais\database\model\obe\IndikatorKinerja.java
ais.database.model.obe.ProfesiLulusan,ProfesiLulusan,Profesi Lulusan,ais.database.model.obe,obe,ais.database.model.GeneralValueObject,False,True,public,profesilulusan,False,ais\action\master\obe\ProfesiLulusanAction.java,onEvent,REVIEW_REQUIRED,mempunyai aksi khusus existing,ais\database\model\obe\ProfesiLulusan.java
ais.database.model.obe.ProfilLulusan,ProfilLulusan,Profil Lulusan,ais.database.model.obe,obe,ais.database.model.GeneralValueObject,False,True,public,profillulusan,False,ais\action\master\obe\ProfilLulusanAction.java,onAddExternal|onEvent,REVIEW_REQUIRED,mempunyai aksi khusus existing,ais\database\model\obe\ProfilLulusan.java
ais.database.model.obe.ReferensiLulusan,ReferensiLulusan,Referensi Lulusan,ais.database.model.obe,obe,ais.database.model.GeneralValueObject,False,True,public,referensilulusan,False,ais\action\master\obe\ReferensiLulusanAction.java,onAddExternal|onEvent,REVIEW_REQUIRED,mempunyai aksi khusus existing,ais\database\model\obe\ReferensiLulusan.java
ais.database.model.ojs.Articles,Articles,Articles,ais.database.model.ojs,ojs,ais.database.model.GeneralValueObject,False,True,public,articles,False,,,REVIEW_REQUIRED,modul integrasi eksternal,ais\database\model\ojs\Articles.java
ais.database.model.ojs.Issues,Issues,Issues,ais.database.model.ojs,ojs,ais.database.model.GeneralValueObject,False,True,public,issues,False,,,REVIEW_REQUIRED,modul integrasi eksternal,ais\database\model\ojs\Issues.java
ais.database.model.ojs.Journals,Journals,Journals,ais.database.model.ojs,ojs,ais.database.model.GeneralValueObject,False,True,public,journals,False,,,REVIEW_REQUIRED,modul integrasi eksternal,ais\database\model\ojs\Journals.java
ais.database.model.ojs.PublishedArticles,PublishedArticles,Published Articles,ais.database.model.ojs,ojs,ais.database.model.GeneralValueObject,False,True,public,published_articles,False,,,REVIEW_REQUIRED,modul integrasi eksternal,ais\database\model\ojs\PublishedArticles.java
ais.database.model.ojs.Roles,Roles,Roles,ais.database.model.ojs,ojs,ais.database.model.GeneralValueObject,False,True,public,roles,False,,,REVIEW_REQUIRED,modul integrasi eksternal,ais\database\model\ojs\Roles.java
ais.database.model.ojs.Users,Users,Users,ais.database.model.ojs,ojs,ais.database.model.GeneralValueObject,False,True,public,users,False,,,REVIEW_REQUIRED,modul integrasi eksternal,ais\database\model\ojs\Users.java
ais.database.model.payroll.AbsenPegawaiDetail,AbsenPegawaiDetail,Absen Pegawai Detail,ais.database.model.payroll,payroll,ais.database.model.GeneralValueObject,False,True,payroll,absen_pegawai_detail,False,,,ELIGIBLE_METADATA_FIRST,Kandidat CRUD metadata; tetap default disabled sampai verifikasi Hibernate/menu/scope,ais\database\model\payroll\AbsenPegawaiDetail.java
ais.database.model.payroll.AdjusVariablePenggajian,AdjusVariablePenggajian,Adjus Variable Penggajian,ais.database.model.payroll,payroll,ais.database.model.GeneralValueObject,False,True,payroll,adjus_variable_penggajian,False,ais\action\master\payroll\AdjusVariablePenggajianAction.java,onEvent,REVIEW_REQUIRED,mempunyai aksi khusus existing,ais\database\model\payroll\AdjusVariablePenggajian.java
ais.database.model.payroll.AsuransiPegawai,AsuransiPegawai,Asuransi Pegawai,ais.database.model.payroll,payroll,ais.database.model.GeneralValueObject,False,True,payroll,asuransi_pegawai,False,ais\action\master\payroll\AsuransiPegawaiAction.java,onEvent,REVIEW_REQUIRED,mempunyai aksi khusus existing,ais\database\model\payroll\AsuransiPegawai.java
ais.database.model.payroll.Cabang,Cabang,Cabang,ais.database.model.payroll,payroll,ais.database.model.GeneralValueObject,False,True,payroll,cabang,False,ais\action\master\payroll\CabangAction.java,onEvent,REVIEW_REQUIRED,mempunyai aksi khusus existing,ais\database\model\payroll\Cabang.java
ais.database.model.payroll.CaraPembayaranGaji,CaraPembayaranGaji,Cara Pembayaran Gaji,ais.database.model.payroll,payroll,ais.database.model.GeneralValueObject,False,True,payroll,cara_pembayaran_gaji,False,ais\action\master\payroll\CaraPembayaranGajiAction.java,onEvent,REVIEW_REQUIRED,mempunyai aksi khusus existing,ais\database\model\payroll\CaraPembayaranGaji.java
ais.database.model.payroll.CutiDanIzin,CutiDanIzin,Cuti Dan Izin,ais.database.model.payroll,payroll,ais.database.model.sop.DataSop,False,True,payroll,cuti_dan_izin,False,ais\action\master\payroll\CutiDanIzinAction.java,onCutiBersama|onJenisCuti|onLaporanCuti|onEvent,REVIEW_REQUIRED,mempunyai aksi khusus existing,ais\database\model\payroll\CutiDanIzin.java
ais.database.model.payroll.Departemen,Departemen,Departemen,ais.database.model.payroll,payroll,ais.database.model.GeneralValueObject,False,True,payroll,departemen,False,ais\action\master\payroll\DepartemenAction.java,onEvent,REVIEW_REQUIRED,mempunyai aksi khusus existing,ais\database\model\payroll\Departemen.java
ais.database.model.payroll.DetailJenisShiftPegawai,DetailJenisShiftPegawai,Detail Jenis Shift Pegawai,ais.database.model.payroll,payroll,ais.database.model.GeneralValueObject,False,True,payroll,detail_jenis_shift_pegawai,False,,,ELIGIBLE_METADATA_FIRST,Kandidat CRUD metadata; tetap default disabled sampai verifikasi Hibernate/menu/scope,ais\database\model\payroll\DetailJenisShiftPegawai.java
ais.database.model.payroll.FormatItemGaji,FormatItemGaji,Format Item Gaji,ais.database.model.payroll,payroll,ais.database.model.GeneralValueObject,False,True,payroll,format_item_gaji,False,ais\action\master\payroll\FormatItemGajiAction.java,onEvent,REVIEW_REQUIRED,mempunyai aksi khusus existing,ais\database\model\payroll\FormatItemGaji.java
ais.database.model.payroll.GajiTabahan,GajiTabahan,Gaji Tabahan,ais.database.model.payroll,payroll,ais.database.model.GeneralValueObject,False,True,payroll,gaji_tabahan,False,ais\action\master\payroll\GajiTabahanAction.java,onEvent,REVIEW_REQUIRED,mempunyai aksi khusus existing,ais\database\model\payroll\GajiTabahan.java
ais.database.model.payroll.ItemGaji,ItemGaji,Item Gaji,ais.database.model.payroll,payroll,ais.database.model.GeneralValueObject,False,True,payroll,item_gaji,False,ais\action\master\payroll\ItemGajiAction.java,onEvent,REVIEW_REQUIRED,mempunyai aksi khusus existing,ais\database\model\payroll\ItemGaji.java
ais.database.model.payroll.ItemGajiPegawai,ItemGajiPegawai,Item Gaji Pegawai,ais.database.model.payroll,payroll,ais.database.model.GeneralValueObject,False,True,payroll,item_gaji_pegawai,False,ais\action\master\payroll\ItemGajiPegawaiAction.java,onEvent|onResetTree|onCetak|onReloadTree,REVIEW_REQUIRED,mempunyai aksi khusus existing,ais\database\model\payroll\ItemGajiPegawai.java
ais.database.model.payroll.JatahCuti,JatahCuti,Jatah Cuti,ais.database.model.payroll,payroll,ais.database.model.GeneralValueObject,False,True,payroll,jatah_cuti,False,ais\action\master\payroll\JatahCutiAction.java,onEvent,REVIEW_REQUIRED,mempunyai aksi khusus existing,ais\database\model\payroll\JatahCuti.java
ais.database.model.payroll.JenisFormatGaji,JenisFormatGaji,Jenis Format Gaji,ais.database.model.payroll,payroll,ais.database.model.GeneralValueObject,False,True,payroll,jenis_format_gaji,False,ais\action\master\payroll\JenisFormatGajiAction.java,onEvent,REVIEW_REQUIRED,mempunyai aksi khusus existing,ais\database\model\payroll\JenisFormatGaji.java
ais.database.model.payroll.JenisGajiPegawai,JenisGajiPegawai,Jenis Gaji Pegawai,ais.database.model.payroll,payroll,ais.database.model.GeneralValueObject,False,True,payroll,jenis_gaji_pegawai,False,ais\action\master\payroll\JenisGajiPegawaiAction.java,onEvent,REVIEW_REQUIRED,mempunyai aksi khusus existing,ais\database\model\payroll\JenisGajiPegawai.java
ais.database.model.payroll.JenisPengajuanTransaksiPegawai,JenisPengajuanTransaksiPegawai,Jenis Pengajuan Transaksi Pegawai,ais.database.model.payroll,payroll,ais.database.model.GeneralValueObject,False,True,payroll,jenis_pengajuan_transaksi_pegawai,False,ais\action\master\payroll\JenisPengajuanTransaksiPegawaiAction.java,onEvent,REVIEW_REQUIRED,mempunyai aksi khusus existing,ais\database\model\payroll\JenisPengajuanTransaksiPegawai.java
ais.database.model.payroll.JenisShiftPegawai,JenisShiftPegawai,Jenis Shift Pegawai,ais.database.model.payroll,payroll,ais.database.model.GeneralValueObject,False,True,payroll,jenis_shift_pegawai,False,ais\action\master\payroll\JenisShiftPegawaiAction.java,onEvent,REVIEW_REQUIRED,mempunyai aksi khusus existing,ais\database\model\payroll\JenisShiftPegawai.java
ais.database.model.payroll.JenisShiftPunyaPegawai,JenisShiftPunyaPegawai,Jenis Shift Punya Pegawai,ais.database.model.payroll,payroll,ais.database.model.GeneralValueObject,False,True,payroll,jenis_shift_punya_pegawai,False,ais\action\master\payroll\detail\JenisShiftPunyaPegawaiAction.java,onEvent,REVIEW_REQUIRED,mempunyai aksi khusus existing,ais\database\model\payroll\JenisShiftPunyaPegawai.java
ais.database.model.payroll.JenisTransaksiPegawai,JenisTransaksiPegawai,Jenis Transaksi Pegawai,ais.database.model.payroll,payroll,ais.database.model.GeneralValueObject,False,True,payroll,jenis_transaksi_pegawai,False,ais\action\master\payroll\JenisTransaksiPegawaiAction.java,onEvent,REVIEW_REQUIRED,mempunyai aksi khusus existing,ais\database\model\payroll\JenisTransaksiPegawai.java
ais.database.model.payroll.KelompokItemGaji,KelompokItemGaji,Kelompok Item Gaji,ais.database.model.payroll,payroll,ais.database.model.GeneralValueObject,False,True,payroll,kelompok_item_gaji,False,ais\action\master\payroll\KelompokItemGajiAction.java,onEvent,REVIEW_REQUIRED,mempunyai aksi khusus existing,ais\database\model\payroll\KelompokItemGaji.java
ais.database.model.payroll.KelompokParameterTambahanGajiPegawai,KelompokParameterTambahanGajiPegawai,Kelompok Parameter Tambahan Gaji Pegawai,ais.database.model.payroll,payroll,ais.database.model.GeneralValueObject,False,True,payroll,kelompok_parameter_tambahan_gaji_pegawai,False,ais\action\master\payroll\KelompokParameterTambahanGajiPegawaiAction.java,onEvent,REVIEW_REQUIRED,mempunyai aksi khusus existing,ais\database\model\payroll\KelompokParameterTambahanGajiPegawai.java
ais.database.model.payroll.KelompokParameterTambahanPengajuanTransaksiPegawai,KelompokParameterTambahanPengajuanTransaksiPegawai,Kelompok Parameter Tambahan Pengajuan Transaksi Pegawai,ais.database.model.payroll,payroll,ais.database.model.GeneralValueObject,False,True,payroll,kelompok_parameter_tambahan_pengajuan_transaksi_pegawai,False,ais\action\master\payroll\KelompokParameterTambahanPengajuanTransaksiPegawaiAction.java,onEvent,REVIEW_REQUIRED,mempunyai aksi khusus existing,ais\database\model\payroll\KelompokParameterTambahanPengajuanTransaksiPegawai.java
ais.database.model.payroll.KodeTunjangan,KodeTunjangan,Kode Tunjangan,ais.database.model.payroll,payroll,ais.database.model.GeneralValueObject,False,True,payroll,kode_tunjangan,False,ais\action\master\payroll\KodeTunjanganAction.java,onEvent,REVIEW_REQUIRED,mempunyai aksi khusus existing,ais\database\model\payroll\KodeTunjangan.java
ais.database.model.payroll.LevelJabatan,LevelJabatan,Level Jabatan,ais.database.model.payroll,payroll,ais.database.model.GeneralValueObject,False,True,payroll,level_jabatan,False,ais\action\master\payroll\LevelJabatanAction.java,onEvent,REVIEW_REQUIRED,mempunyai aksi khusus existing,ais\database\model\payroll\LevelJabatan.java
ais.database.model.payroll.LiburNasional,LiburNasional,Libur Nasional,ais.database.model.payroll,payroll,ais.database.model.GeneralValueObject,False,True,payroll,libur_nasional,False,ais\action\master\payroll\LiburNasionalAction.java,onEvent,REVIEW_REQUIRED,mempunyai aksi khusus existing,ais\database\model\payroll\LiburNasional.java
ais.database.model.payroll.LiburRutin,LiburRutin,Libur Rutin,ais.database.model.payroll,payroll,ais.database.model.GeneralValueObject,False,True,payroll,libur_rutin,False,ais\action\master\payroll\LiburRutinAction.java,onEvent,REVIEW_REQUIRED,mempunyai aksi khusus existing,ais\database\model\payroll\LiburRutin.java
ais.database.model.payroll.ParameterTambahanGajiPegawai,ParameterTambahanGajiPegawai,Parameter Tambahan Gaji Pegawai,ais.database.model.payroll,payroll,ais.database.model.GeneralValueObject,False,True,payroll,parameter_tambahan_gaji_pegawai,False,ais\action\master\payroll\ParameterTambahanGajiPegawaiAction.java,onResetParameter|onManajemenKelompok|onManajemenParameter|onEvent,REVIEW_REQUIRED,mempunyai aksi khusus existing,ais\database\model\payroll\ParameterTambahanGajiPegawai.java
ais.database.model.payroll.ParameterTambahanPengajuanTransaksiPegawai,ParameterTambahanPengajuanTransaksiPegawai,Parameter Tambahan Pengajuan Transaksi Pegawai,ais.database.model.payroll,payroll,ais.database.model.GeneralValueObject,False,True,payroll,parameter_tambahan_pengajuan_transaksi_pegawai,False,ais\action\master\payroll\ParameterTambahanPengajuanTransaksiPegawaiAction.java,onResetParameter|onManajemenKelompok|onManajemenParameter|onEvent,REVIEW_REQUIRED,mempunyai aksi khusus existing,ais\database\model\payroll\ParameterTambahanPengajuanTransaksiPegawai.java
ais.database.model.payroll.PembayaranGaji,PembayaranGaji,Pembayaran Gaji,ais.database.model.payroll,payroll,ais.database.model.sop.DataSop,False,True,payroll,pembayaran_gaji,False,ais\action\master\payroll\PembayaranGajiAction.java,onEvent,REVIEW_REQUIRED,mempunyai aksi khusus existing,ais\database\model\payroll\PembayaranGaji.java
ais.database.model.payroll.PembayaranGajiPunyaPegawai,PembayaranGajiPunyaPegawai,Pembayaran Gaji Punya Pegawai,ais.database.model.payroll,payroll,ais.database.model.GeneralValueObject,False,True,payroll,pembayaran_gaji_punya_pegawai,False,ais\action\master\payroll\detail\PembayaranGajiPunyaPegawaiAction.java,onEvent,REVIEW_REQUIRED,mempunyai aksi khusus existing,ais\database\model\payroll\PembayaranGajiPunyaPegawai.java
ais.database.model.payroll.PembayaranItemGajiPegawai,PembayaranItemGajiPegawai,Pembayaran Item Gaji Pegawai,ais.database.model.payroll,payroll,ais.database.model.GeneralValueObject,False,True,payroll,pembayaran_item_gaji_pegawai,False,,,ELIGIBLE_METADATA_FIRST,Kandidat CRUD metadata; tetap default disabled sampai verifikasi Hibernate/menu/scope,ais\database\model\payroll\PembayaranItemGajiPegawai.java
ais.database.model.payroll.PengajuanPeminjaman,PengajuanPeminjaman,Pengajuan Peminjaman,ais.database.model.payroll,payroll,ais.database.model.sop.DataSop,False,True,payroll,pengajuan_peminjaman,False,,,ELIGIBLE_METADATA_FIRST,Kandidat CRUD metadata; tetap default disabled sampai verifikasi Hibernate/menu/scope,ais\database\model\payroll\PengajuanPeminjaman.java
ais.database.model.payroll.PengajuanTransaksiPegawai,PengajuanTransaksiPegawai,Pengajuan Transaksi Pegawai,ais.database.model.payroll,payroll,ais.database.model.sop.DataSop,False,True,payroll,pengajuan_transaksi_pegawai,False,ais\action\master\payroll\PengajuanTransaksiPegawaiAction.java,onLaporan|onJenisPengajuanTransaksiPegawai|onManajemenParameter|onEvent|onKHS,REVIEW_REQUIRED,mempunyai aksi khusus existing,ais\database\model\payroll\PengajuanTransaksiPegawai.java
ais.database.model.payroll.PtkpPegawai,PtkpPegawai,Ptkp Pegawai,ais.database.model.payroll,payroll,ais.database.model.GeneralValueObject,False,True,payroll,ptkp_pegawai,False,ais\action\master\payroll\PtkpPegawaiAction.java,onEvent,REVIEW_REQUIRED,mempunyai aksi khusus existing,ais\database\model\payroll\PtkpPegawai.java
ais.database.model.payroll.RencanaGaji,RencanaGaji,Rencana Gaji,ais.database.model.payroll,payroll,ais.database.model.GeneralValueObject,False,True,payroll,rencana_gaji,False,ais\action\master\payroll\RencanaGajiAction.java,onEvent,REVIEW_REQUIRED,mempunyai aksi khusus existing,ais\database\model\payroll\RencanaGaji.java
ais.database.model.payroll.RencanaGajiPunyaPegawai,RencanaGajiPunyaPegawai,Rencana Gaji Punya Pegawai,ais.database.model.payroll,payroll,ais.database.model.GeneralValueObject,False,True,payroll,rencana_gaji_punya_pegawai,False,ais\action\master\payroll\detail\RencanaGajiPunyaPegawaiAction.java,onEvent,REVIEW_REQUIRED,mempunyai aksi khusus existing,ais\database\model\payroll\RencanaGajiPunyaPegawai.java
ais.database.model.payroll.RencanaItemGajiPegawai,RencanaItemGajiPegawai,Rencana Item Gaji Pegawai,ais.database.model.payroll,payroll,ais.database.model.GeneralValueObject,False,True,payroll,rencana_item_gaji_pegawai,False,,,ELIGIBLE_METADATA_FIRST,Kandidat CRUD metadata; tetap default disabled sampai verifikasi Hibernate/menu/scope,ais\database\model\payroll\RencanaItemGajiPegawai.java
ais.database.model.payroll.StandarGaji,StandarGaji,Standar Gaji,ais.database.model.payroll,payroll,ais.database.model.GeneralValueObject,False,True,payroll,standar_gaji,False,,,ELIGIBLE_METADATA_FIRST,Kandidat CRUD metadata; tetap default disabled sampai verifikasi Hibernate/menu/scope,ais\database\model\payroll\StandarGaji.java
ais.database.model.payroll.StandarGajiDetail,StandarGajiDetail,Standar Gaji Detail,ais.database.model.payroll,payroll,ais.database.model.GeneralValueObject,False,True,payroll,standar_gaji_detail,False,,,ELIGIBLE_METADATA_FIRST,Kandidat CRUD metadata; tetap default disabled sampai verifikasi Hibernate/menu/scope,ais\database\model\payroll\StandarGajiDetail.java
ais.database.model.payroll.TransaksiPegawai,TransaksiPegawai,Transaksi Pegawai,ais.database.model.payroll,payroll,ais.database.model.GeneralValueObject,False,True,payroll,transaksi_pegawai,False,ais\action\master\payroll\TransaksiPegawaiAction.java,onEvent,REVIEW_REQUIRED,mempunyai aksi khusus existing,ais\database\model\payroll\TransaksiPegawai.java
ais.database.model.payroll.UploadLog,UploadLog,Upload Log,ais.database.model.payroll,payroll,ais.database.model.GeneralValueObject,False,True,payroll,upload_log,False,ais\action\master\UploadLogAction.java,onEvent,REVIEW_REQUIRED,nama mengindikasikan data transaksi/log/internal: Log; mempunyai aksi khusus existing,ais\database\model\payroll\UploadLog.java
ais.database.model.payroll.WaktuShift,WaktuShift,Waktu Shift,ais.database.model.payroll,payroll,ais.database.model.GeneralValueObject,False,True,payroll,waktu_shift,False,ais\action\master\payroll\WaktuShiftAction.java,onEvent,REVIEW_REQUIRED,mempunyai aksi khusus existing,ais\database\model\payroll\WaktuShift.java
ais.database.model.penelitiandanpengabdian.AnggotaArtikel,AnggotaArtikel,Anggota Artikel,ais.database.model.penelitiandanpengabdian,penelitiandanpengabdian,ais.database.model.GeneralValueObject,False,True,penelitiandanpengabdian,anggota_artikel,False,,,ELIGIBLE_METADATA_FIRST,Kandidat CRUD metadata; tetap default disabled sampai verifikasi Hibernate/menu/scope,ais\database\model\penelitiandanpengabdian\AnggotaArtikel.java
ais.database.model.penelitiandanpengabdian.AnggotaPengajuanPenelitianDanPengabdian,AnggotaPengajuanPenelitianDanPengabdian,Anggota Pengajuan Penelitian Dan Pengabdian,ais.database.model.penelitiandanpengabdian,penelitiandanpengabdian,ais.database.model.GeneralValueObject,False,True,penelitiandanpengabdian,anggota_pengajuan_penelitian_dan_pengabdian,False,,,ELIGIBLE_METADATA_FIRST,Kandidat CRUD metadata; tetap default disabled sampai verifikasi Hibernate/menu/scope,ais\database\model\penelitiandanpengabdian\AnggotaPengajuanPenelitianDanPengabdian.java
ais.database.model.penelitiandanpengabdian.Artikel,Artikel,Artikel,ais.database.model.penelitiandanpengabdian,penelitiandanpengabdian,ais.database.model.sop.DataSop,False,True,penelitiandanpengabdian,artikel,False,ais\action\master\penelitiandanpengabdian\ArtikelAction.java,onEvent,REVIEW_REQUIRED,mempunyai aksi khusus existing,ais\database\model\penelitiandanpengabdian\Artikel.java
ais.database.model.penelitiandanpengabdian.ArtikelTerindeks,ArtikelTerindeks,Artikel Terindeks,ais.database.model.penelitiandanpengabdian,penelitiandanpengabdian,ais.database.model.GeneralValueObject,False,True,penelitiandanpengabdian,artikel_terindeks,False,ais\action\master\penelitiandanpengabdian\ArtikelTerindeksAction.java,onEvent,REVIEW_REQUIRED,mempunyai aksi khusus existing,ais\database\model\penelitiandanpengabdian\ArtikelTerindeks.java
ais.database.model.penelitiandanpengabdian.FileArtikel,FileArtikel,File Artikel,ais.database.model.penelitiandanpengabdian,penelitiandanpengabdian,ais.database.model.GeneralValueObject,False,True,penelitiandanpengabdian,file_artikel,False,,,ELIGIBLE_METADATA_FIRST,Kandidat CRUD metadata; tetap default disabled sampai verifikasi Hibernate/menu/scope,ais\database\model\penelitiandanpengabdian\FileArtikel.java
ais.database.model.penelitiandanpengabdian.FilePengajuanPenelitianDanPengabdian,FilePengajuanPenelitianDanPengabdian,File Pengajuan Penelitian Dan Pengabdian,ais.database.model.penelitiandanpengabdian,penelitiandanpengabdian,ais.database.model.GeneralValueObject,False,True,penelitiandanpengabdian,file_pengajuan_penelitian_dan_pengabdian,False,,,ELIGIBLE_METADATA_FIRST,Kandidat CRUD metadata; tetap default disabled sampai verifikasi Hibernate/menu/scope,ais\database\model\penelitiandanpengabdian\FilePengajuanPenelitianDanPengabdian.java
ais.database.model.penelitiandanpengabdian.FilePengajuanTahapanPelaporanPenelitianDanPengabdian,FilePengajuanTahapanPelaporanPenelitianDanPengabdian,File Pengajuan Tahapan Pelaporan Penelitian Dan Pengabdian,ais.database.model.penelitiandanpengabdian,penelitiandanpengabdian,ais.database.model.GeneralValueObject,False,True,penelitiandanpengabdian,file_pengajuan_tahapan,False,,,ELIGIBLE_METADATA_FIRST,Kandidat CRUD metadata; tetap default disabled sampai verifikasi Hibernate/menu/scope,ais\database\model\penelitiandanpengabdian\FilePengajuanTahapanPelaporanPenelitianDanPengabdian.java
ais.database.model.penelitiandanpengabdian.JenisJabatanPenelitianDanPengabdian,JenisJabatanPenelitianDanPengabdian,Jenis Jabatan Penelitian Dan Pengabdian,ais.database.model.penelitiandanpengabdian,penelitiandanpengabdian,ais.database.model.GeneralValueObject,False,True,penelitiandanpengabdian,jenis_jabatan_penelitian_dan_pengabdian,False,ais\action\master\penelitiandanpengabdian\JenisJabatanPenelitianDanPengabdianAction.java,onEvent,REVIEW_REQUIRED,mempunyai aksi khusus existing,ais\database\model\penelitiandanpengabdian\JenisJabatanPenelitianDanPengabdian.java
ais.database.model.penelitiandanpengabdian.JenisPenelitianDanPengabdian,JenisPenelitianDanPengabdian,Jenis Penelitian Dan Pengabdian,ais.database.model.penelitiandanpengabdian,penelitiandanpengabdian,ais.database.model.GeneralValueObject,False,True,penelitiandanpengabdian,jenis_penelitian_dan_pengabdian,False,ais\action\master\penelitiandanpengabdian\JenisPenelitianDanPengabdianAction.java,onEvent,REVIEW_REQUIRED,mempunyai aksi khusus existing,ais\database\model\penelitiandanpengabdian\JenisPenelitianDanPengabdian.java
ais.database.model.penelitiandanpengabdian.JurnalPenelitian,JurnalPenelitian,Jurnal Penelitian,ais.database.model.penelitiandanpengabdian,penelitiandanpengabdian,ais.database.model.GeneralValueObject,False,True,penelitiandanpengabdian,jurnal_penelitian,False,ais\action\master\penelitiandanpengabdian\JurnalPenelitianAction.java,onEvent|onAddExternal,REVIEW_REQUIRED,mempunyai aksi khusus existing,ais\database\model\penelitiandanpengabdian\JurnalPenelitian.java
ais.database.model.penelitiandanpengabdian.PenelitianDanPengabdian,PenelitianDanPengabdian,Penelitian Dan Pengabdian,ais.database.model.penelitiandanpengabdian,penelitiandanpengabdian,ais.database.model.GeneralValueObject,False,True,penelitiandanpengabdian,penelitian_dan_pengabdian,False,ais\action\master\penelitiandanpengabdian\PenelitianDanPengabdianAction.java,onEvent,REVIEW_REQUIRED,mempunyai aksi khusus existing,ais\database\model\penelitiandanpengabdian\PenelitianDanPengabdian.java
ais.database.model.penelitiandanpengabdian.PengajuanPenelitianDanPengabdian,PengajuanPenelitianDanPengabdian,Pengajuan Penelitian Dan Pengabdian,ais.database.model.penelitiandanpengabdian,penelitiandanpengabdian,ais.database.model.sop.DataSop,False,True,penelitiandanpengabdian,pengajuan_penelitian_dan_pengabdian,False,ais\action\master\penelitiandanpengabdian\PengajuanPenelitianDanPengabdianAction.java,,ELIGIBLE_PARITY_FIRST,Sudah mempunyai Action existing; migrasi dengan parity test,ais\database\model\penelitiandanpengabdian\PengajuanPenelitianDanPengabdian.java
ais.database.model.penelitiandanpengabdian.PengajuanTahapanPelaporanPenelitianDanPengabdian,PengajuanTahapanPelaporanPenelitianDanPengabdian,Pengajuan Tahapan Pelaporan Penelitian Dan Pengabdian,ais.database.model.penelitiandanpengabdian,penelitiandanpengabdian,ais.database.model.GeneralValueObject,False,True,penelitiandanpengabdian,pengajuan_tahapan_pelaporan_penelitian_dan_pengabdian,False,,,ELIGIBLE_METADATA_FIRST,Kandidat CRUD metadata; tetap default disabled sampai verifikasi Hibernate/menu/scope,ais\database\model\penelitiandanpengabdian\PengajuanTahapanPelaporanPenelitianDanPengabdian.java
ais.database.model.penelitiandanpengabdian.PengumumanPenelitian,PengumumanPenelitian,Pengumuman Penelitian,ais.database.model.penelitiandanpengabdian,penelitiandanpengabdian,ais.database.model.GeneralValueObject,False,True,penelitiandanpengabdian,pengumuman_penelitian,False,ais\action\master\penelitiandanpengabdian\PengumumanPenelitianAction.java,onEvent,REVIEW_REQUIRED,mempunyai aksi khusus existing,ais\database\model\penelitiandanpengabdian\PengumumanPenelitian.java
ais.database.model.penelitiandanpengabdian.SumberDanaPenelitianDanPengabdian,SumberDanaPenelitianDanPengabdian,Sumber Dana Penelitian Dan Pengabdian,ais.database.model.penelitiandanpengabdian,penelitiandanpengabdian,ais.database.model.GeneralValueObject,False,True,penelitiandanpengabdian,sumber_dana_penelitian_dan_pengabdian,False,ais\action\master\penelitiandanpengabdian\SumberDanaPenelitianDanPengabdianAction.java,onEvent,REVIEW_REQUIRED,mempunyai aksi khusus existing,ais\database\model\penelitiandanpengabdian\SumberDanaPenelitianDanPengabdian.java
ais.database.model.penelitiandanpengabdian.TahapanPelaporanPenelitianDanPengabdian,TahapanPelaporanPenelitianDanPengabdian,Tahapan Pelaporan Penelitian Dan Pengabdian,ais.database.model.penelitiandanpengabdian,penelitiandanpengabdian,ais.database.model.GeneralValueObject,False,True,penelitiandanpengabdian,tahapan_pelaporan_penelitian_dan_pengabdian,False,,,ELIGIBLE_METADATA_FIRST,Kandidat CRUD metadata; tetap default disabled sampai verifikasi Hibernate/menu/scope,ais\database\model\penelitiandanpengabdian\TahapanPelaporanPenelitianDanPengabdian.java
ais.database.model.penelitiandanpengabdian.TahapanPenyusunanArtikel,TahapanPenyusunanArtikel,Tahapan Penyusunan Artikel,ais.database.model.penelitiandanpengabdian,penelitiandanpengabdian,ais.database.model.GeneralValueObject,False,True,penelitiandanpengabdian,tahapan_penyusunan_artikel,False,ais\action\master\penelitiandanpengabdian\TahapanPenyusunanArtikelAction.java,onEvent,REVIEW_REQUIRED,mempunyai aksi khusus existing,ais\database\model\penelitiandanpengabdian\TahapanPenyusunanArtikel.java
ais.database.model.penelitiandanpengabdian.TingkatArtikel,TingkatArtikel,Tingkat Artikel,ais.database.model.penelitiandanpengabdian,penelitiandanpengabdian,ais.database.model.GeneralValueObject,False,True,penelitiandanpengabdian,tingkat_publikasi,False,ais\action\master\penelitiandanpengabdian\TingkatArtikelAction.java,onEvent,REVIEW_REQUIRED,mempunyai aksi khusus existing,ais\database\model\penelitiandanpengabdian\TingkatArtikel.java
ais.database.model.penelitiandanpengabdian.TipePenelitianDanPengabdian,TipePenelitianDanPengabdian,Tipe Penelitian Dan Pengabdian,ais.database.model.penelitiandanpengabdian,penelitiandanpengabdian,ais.database.model.GeneralValueObject,False,True,penelitiandanpengabdian,tipe_penelitian_dan_pengabdian,False,ais\action\master\penelitiandanpengabdian\TipePenelitianDanPengabdianAction.java,onEvent,REVIEW_REQUIRED,mempunyai aksi khusus existing,ais\database\model\penelitiandanpengabdian\TipePenelitianDanPengabdian.java
ais.database.model.pkl.KelompokPkl,KelompokPkl,Kelompok Pkl,ais.database.model.pkl,pkl,ais.database.model.VOPembelajaran,False,True,public,kelompok_pkl,False,ais\action\master\pkl\KelompokPklAction.java,onEvent,REVIEW_REQUIRED,mempunyai aksi khusus existing,ais\database\model\pkl\KelompokPkl.java
ais.database.model.pkl.KomponenPenilaianPkl,KomponenPenilaianPkl,Komponen Penilaian Pkl,ais.database.model.pkl,pkl,ais.database.model.GeneralValueObject,False,True,public,komponen_penilaian_pkl,False,ais\action\master\pkl\KomponenPenilaianPklAction.java,onEvent,REVIEW_REQUIRED,mempunyai aksi khusus existing,ais\database\model\pkl\KomponenPenilaianPkl.java
ais.database.model.pkl.MahasiswaDaftarPkl,MahasiswaDaftarPkl,Mahasiswa Daftar Pkl,ais.database.model.pkl,pkl,ais.database.model.GeneralValueObject,False,True,public,mahasiswa_daftar_pkl,False,,,ELIGIBLE_METADATA_FIRST,Kandidat CRUD metadata; tetap default disabled sampai verifikasi Hibernate/menu/scope,ais\database\model\pkl\MahasiswaDaftarPkl.java
ais.database.model.pkl.MahasiswaPklPersyaratan,MahasiswaPklPersyaratan,Mahasiswa Pkl Persyaratan,ais.database.model.pkl,pkl,ais.database.model.GeneralValueObject,False,True,public,mahasiswa_pkl_persyaratan,False,,,ELIGIBLE_METADATA_FIRST,Kandidat CRUD metadata; tetap default disabled sampai verifikasi Hibernate/menu/scope,ais\database\model\pkl\MahasiswaPklPersyaratan.java
ais.database.model.pkl.PersyaratanPkl,PersyaratanPkl,Persyaratan Pkl,ais.database.model.pkl,pkl,ais.database.model.GeneralValueObject,False,True,public,persyaratan_pkl,False,ais\action\master\pkl\PersyaratanPklAction.java,onEvent,REVIEW_REQUIRED,mempunyai aksi khusus existing,ais\database\model\pkl\PersyaratanPkl.java
ais.database.model.pkl.PklPunyaKomponenPenilaianPkl,PklPunyaKomponenPenilaianPkl,Pkl Punya Komponen Penilaian Pkl,ais.database.model.pkl,pkl,ais.database.model.GeneralValueObject,False,True,public,pkl_punya_komponen_penilaian_pkl,False,,,ELIGIBLE_METADATA_FIRST,Kandidat CRUD metadata; tetap default disabled sampai verifikasi Hibernate/menu/scope,ais\database\model\pkl\PklPunyaKomponenPenilaianPkl.java
ais.database.model.pkl.PklPunyaPersyaratan,PklPunyaPersyaratan,Pkl Punya Persyaratan,ais.database.model.pkl,pkl,ais.database.model.GeneralValueObject,False,True,public,pkl_punya_persyaratan,False,,,ELIGIBLE_METADATA_FIRST,Kandidat CRUD metadata; tetap default disabled sampai verifikasi Hibernate/menu/scope,ais\database\model\pkl\PklPunyaPersyaratan.java
ais.database.model.rab.Acara,Acara,Acara,ais.database.model.rab,rab,ais.database.model.GeneralValueObject,False,True,rab,acara,False,ais\action\master\rab\AcaraAction.java,onEvent|onCetakEvaluasi,REVIEW_REQUIRED,mempunyai aksi khusus existing,ais\database\model\rab\Acara.java
ais.database.model.rab.AcaraPunyaIndikator,AcaraPunyaIndikator,Acara Punya Indikator,ais.database.model.rab,rab,ais.database.model.GeneralValueObject,False,True,rab,realisasi_workspace_punya_indikator,False,,,ELIGIBLE_METADATA_FIRST,Kandidat CRUD metadata; tetap default disabled sampai verifikasi Hibernate/menu/scope,ais\database\model\rab\AcaraPunyaIndikator.java
ais.database.model.rab.AcaraPunyaJenisParameter,AcaraPunyaJenisParameter,Acara Punya Jenis Parameter,ais.database.model.rab,rab,ais.database.model.GeneralValueObject,False,True,rab,acara_workspace_punya_jenis_parameter,False,,,ELIGIBLE_METADATA_FIRST,Kandidat CRUD metadata; tetap default disabled sampai verifikasi Hibernate/menu/scope,ais\database\model\rab\AcaraPunyaJenisParameter.java
ais.database.model.rab.AcaraPunyaKendala,AcaraPunyaKendala,Acara Punya Kendala,ais.database.model.rab,rab,ais.database.model.GeneralValueObject,False,True,rab,realisasi_workspace_punya_kendala,False,ais\action\master\rab\AcaraPunyaKendalaAction.java,onEvent,REVIEW_REQUIRED,mempunyai aksi khusus existing,ais\database\model\rab\AcaraPunyaKendala.java
ais.database.model.rab.ChecklistLaporan,ChecklistLaporan,Checklist Laporan,ais.database.model.rab,rab,ais.database.model.GeneralValueObject,False,True,rab,checklist_laporan,False,ais\action\master\rab\ChecklistLaporanAction.java,onEvent,REVIEW_REQUIRED,mempunyai aksi khusus existing,ais\database\model\rab\ChecklistLaporan.java
ais.database.model.rab.ChecklistLaporanDetail,ChecklistLaporanDetail,Checklist Laporan Detail,ais.database.model.rab,rab,ais.database.model.GeneralValueObject,False,True,rab,checklist_laporan_detail,False,ais\action\master\rab\ChecklistLaporanDetailAction.java,onEvent|onCetak|onReloadTree,REVIEW_REQUIRED,mempunyai aksi khusus existing,ais\database\model\rab\ChecklistLaporanDetail.java
ais.database.model.rab.ChecklistLaporanDetailDefault,ChecklistLaporanDetailDefault,Checklist Laporan Detail Default,ais.database.model.rab,rab,ais.database.model.GeneralValueObject,False,True,rab,checklist_laporan_detail_default,False,ais\action\master\rab\ChecklistLaporanDetailDefaultAction.java,onEvent|onReloadTree,REVIEW_REQUIRED,mempunyai aksi khusus existing,ais\database\model\rab\ChecklistLaporanDetailDefault.java
ais.database.model.rab.HariLibur,HariLibur,Hari Libur,ais.database.model.rab,rab,ais.database.model.GeneralValueObject,False,True,rab,hari_libur,False,,,ELIGIBLE_METADATA_FIRST,Kandidat CRUD metadata; tetap default disabled sampai verifikasi Hibernate/menu/scope,ais\database\model\rab\HariLibur.java
ais.database.model.rab.HasilSatuan,HasilSatuan,Hasil Satuan,ais.database.model.rab,rab,ais.database.model.GeneralValueObject,False,True,rab,hasil_satuan,False,ais\action\master\rab\HasilSatuanAction.java,onEvent,REVIEW_REQUIRED,mempunyai aksi khusus existing,ais\database\model\rab\HasilSatuan.java
ais.database.model.rab.Indikator,Indikator,Indikator,ais.database.model.rab,rab,ais.database.model.GeneralValueObject,False,True,rab,indikator,False,ais\action\master\rab\IndikatorAction.java,onEvent,REVIEW_REQUIRED,mempunyai aksi khusus existing,ais\database\model\rab\Indikator.java
ais.database.model.rab.InformasiRab,InformasiRab,Informasi Rab,ais.database.model.rab,rab,ais.database.model.GeneralValueObject,False,True,rab,informasi_rab,False,ais\action\master\rab\InformasiRabAction.java,onEvent,REVIEW_REQUIRED,mempunyai aksi khusus existing,ais\database\model\rab\InformasiRab.java
ais.database.model.rab.InformasiRabKomentar,InformasiRabKomentar,Informasi Rab Komentar,ais.database.model.rab,rab,ais.database.model.GeneralValueObject,False,True,rab,informasi_rab_komentar,False,,,ELIGIBLE_METADATA_FIRST,Kandidat CRUD metadata; tetap default disabled sampai verifikasi Hibernate/menu/scope,ais\database\model\rab\InformasiRabKomentar.java
ais.database.model.rab.JenisInformasiRab,JenisInformasiRab,Jenis Informasi Rab,ais.database.model.rab,rab,ais.database.model.GeneralValueObject,False,True,rab,jenis_informasi_rab,False,ais\action\master\rab\JenisInformasiRabAction.java,onEvent,REVIEW_REQUIRED,mempunyai aksi khusus existing,ais\database\model\rab\JenisInformasiRab.java
ais.database.model.rab.JenisParameter,JenisParameter,Jenis Parameter,ais.database.model.rab,rab,ais.database.model.GeneralValueObject,False,True,rab,jenis_parameter,False,ais\action\master\rab\JenisParameterAction.java,onEvent,REVIEW_REQUIRED,mempunyai aksi khusus existing,ais\database\model\rab\JenisParameter.java
ais.database.model.rab.JenisTugas,JenisTugas,Jenis Tugas,ais.database.model.rab,rab,ais.database.model.GeneralValueObject,False,True,rab,jenis_tugas,False,ais\action\master\rab\JenisTugasAction.java,onEvent,REVIEW_REQUIRED,mempunyai aksi khusus existing,ais\database\model\rab\JenisTugas.java
ais.database.model.rab.JenisWorkspace,JenisWorkspace,Jenis Workspace,ais.database.model.rab,rab,ais.database.model.GeneralValueObject,False,True,rab,jenis_workspace,False,ais\action\master\rab\JenisWorkspaceAction.java,onEvent,REVIEW_REQUIRED,mempunyai aksi khusus existing,ais\database\model\rab\JenisWorkspace.java
ais.database.model.rab.Kalender,Kalender,Kalender,ais.database.model.rab,rab,ais.database.model.GeneralValueObject,False,True,rab,kalender,False,ais\action\master\rab\KalenderAction.java,onEvent|onEventFilter,REVIEW_REQUIRED,mempunyai aksi khusus existing,ais\database\model\rab\Kalender.java
ais.database.model.rab.KegiatanSatker,KegiatanSatker,Kegiatan Satker,ais.database.model.rab,rab,ais.database.model.GeneralValueObject,False,True,rab,kegiatan_satker,False,,,ELIGIBLE_METADATA_FIRST,Kandidat CRUD metadata; tetap default disabled sampai verifikasi Hibernate/menu/scope,ais\database\model\rab\KegiatanSatker.java
ais.database.model.rab.Kppn,Kppn,Kppn,ais.database.model.rab,rab,ais.database.model.GeneralValueObject,False,True,rab,kppn,False,,,ELIGIBLE_METADATA_FIRST,Kandidat CRUD metadata; tetap default disabled sampai verifikasi Hibernate/menu/scope,ais\database\model\rab\Kppn.java
ais.database.model.rab.MetodePengadaan,MetodePengadaan,Metode Pengadaan,ais.database.model.rab,rab,ais.database.model.GeneralValueObject,False,True,rab,metode_pengadaan,False,ais\action\master\rab\MetodePengadaanAction.java,onEvent,REVIEW_REQUIRED,mempunyai aksi khusus existing,ais\database\model\rab\MetodePengadaan.java
ais.database.model.rab.Mitra,Mitra,Mitra,ais.database.model.rab,rab,ais.database.model.GeneralValueObject,False,True,rab,mitra,False,ais\action\master\rab\MitraAction.java,onEvent,REVIEW_REQUIRED,mempunyai aksi khusus existing,ais\database\model\rab\Mitra.java
ais.database.model.rab.OutputKegiatan,OutputKegiatan,Output Kegiatan,ais.database.model.rab,rab,ais.database.model.GeneralValueObject,False,True,rab,output_kegiatan,False,ais\action\master\rab\OutputKegiatanAction.java,onEvent,REVIEW_REQUIRED,mempunyai aksi khusus existing,ais\database\model\rab\OutputKegiatan.java
ais.database.model.rab.Pejabat,Pejabat,Pejabat,ais.database.model.rab,rab,ais.database.model.GeneralValueObject,False,True,rab,pejabat,False,ais\action\master\rab\PejabatAction.java,onEvent,REVIEW_REQUIRED,mempunyai aksi khusus existing,ais\database\model\rab\Pejabat.java
ais.database.model.rab.PenggunaanAnggaran,PenggunaanAnggaran,Penggunaan Anggaran,ais.database.model.rab,rab,ais.database.model.GeneralValueObject,False,True,rab,penggunaan_anggaran,False,ais\action\master\rab\PenggunaanAnggaranAction.java,onEvent,REVIEW_REQUIRED,mempunyai aksi khusus existing,ais\database\model\rab\PenggunaanAnggaran.java
ais.database.model.rab.Proyek,Proyek,Proyek,ais.database.model.rab,rab,ais.database.model.GeneralValueObject,False,True,rab,proyek,False,ais\action\master\rab\ProyekAction.java,onEvent,REVIEW_REQUIRED,mempunyai aksi khusus existing,ais\database\model\rab\Proyek.java
ais.database.model.rab.RencanaDanRealisasiOutputKegiatan,RencanaDanRealisasiOutputKegiatan,Rencana Dan Realisasi Output Kegiatan,ais.database.model.rab,rab,ais.database.model.GeneralValueObject,False,True,rab,rencana_dan_realisasi_output_kegiatan,False,ais\action\master\rab\RencanaDanRealisasiOutputKegiatanAction.java,onEvent,REVIEW_REQUIRED,mempunyai aksi khusus existing,ais\database\model\rab\RencanaDanRealisasiOutputKegiatan.java
ais.database.model.rab.RenstraProgram,RenstraProgram,Renstra Program,ais.database.model.rab,rab,ais.database.model.GeneralValueObject,False,True,rab,renstra_program,False,ais\action\master\rab\RenstraProgramAction.java,onEvent,REVIEW_REQUIRED,mempunyai aksi khusus existing,ais\database\model\rab\RenstraProgram.java
ais.database.model.rab.RenstraProgramPunyaIndikator,RenstraProgramPunyaIndikator,Renstra Program Punya Indikator,ais.database.model.rab,rab,ais.database.model.GeneralValueObject,False,True,rab,renstra_program_punya_indikator,False,,,ELIGIBLE_METADATA_FIRST,Kandidat CRUD metadata; tetap default disabled sampai verifikasi Hibernate/menu/scope,ais\database\model\rab\RenstraProgramPunyaIndikator.java
ais.database.model.rab.Sasaran,Sasaran,Sasaran,ais.database.model.rab,rab,ais.database.model.GeneralValueObject,False,True,rab,sasaran,False,ais\action\master\rab\SasaranAction.java,onEvent,REVIEW_REQUIRED,mempunyai aksi khusus existing,ais\database\model\rab\Sasaran.java
ais.database.model.rab.Satuan,Satuan,Satuan,ais.database.model.rab,rab,ais.database.model.GeneralValueObject,False,True,rab,satuan,False,ais\action\master\rab\SatuanAction.java,onEvent,REVIEW_REQUIRED,mempunyai aksi khusus existing,ais\database\model\rab\Satuan.java
ais.database.model.rab.SatuanKerja,SatuanKerja,Satuan Kerja,ais.database.model.rab,rab,ais.database.model.GeneralValueObject,False,True,rab,satuan_kerja,False,ais\action\master\employ\SatuanKerjaAction.java|ais\action\master\rab\SatuanKerjaAction.java,onEvent,REVIEW_REQUIRED,mempunyai aksi khusus existing,ais\database\model\rab\SatuanKerja.java
ais.database.model.rab.SatuanLokasi,SatuanLokasi,Satuan Lokasi,ais.database.model.rab,rab,ais.database.model.GeneralValueObject,False,True,rab,satuan_lokasi,False,,,ELIGIBLE_METADATA_FIRST,Kandidat CRUD metadata; tetap default disabled sampai verifikasi Hibernate/menu/scope,ais\database\model\rab\SatuanLokasi.java
ais.database.model.rab.SumberDana,SumberDana,Sumber Dana,ais.database.model.rab,rab,ais.database.model.GeneralValueObject,False,True,rab,sumber_dana,False,ais\action\master\rab\SumberDanaAction.java,onEvent,REVIEW_REQUIRED,mempunyai aksi khusus existing,ais\database\model\rab\SumberDana.java
ais.database.model.rab.Tor,Tor,Tor,ais.database.model.rab,rab,ais.database.model.GeneralValueObject,False,True,rab,tor,False,ais\action\master\rab\TorAction.java,onEvent,REVIEW_REQUIRED,mempunyai aksi khusus existing,ais\database\model\rab\Tor.java
ais.database.model.rab.Tugas,Tugas,Tugas,ais.database.model.rab,rab,ais.database.model.GeneralValueObject,False,True,rab,tugas,False,ais\action\master\rab\TugasAction.java,onCreateNewRevisi|onEvent|onReloadTab,REVIEW_REQUIRED,mempunyai aksi khusus existing,ais\database\model\rab\Tugas.java
ais.database.model.rab.TugasPunyaJenisParameter,TugasPunyaJenisParameter,Tugas Punya Jenis Parameter,ais.database.model.rab,rab,ais.database.model.GeneralValueObject,False,True,rab,tugas_punya_jenis_parameter,False,,,ELIGIBLE_METADATA_FIRST,Kandidat CRUD metadata; tetap default disabled sampai verifikasi Hibernate/menu/scope,ais\database\model\rab\TugasPunyaJenisParameter.java
ais.database.model.rab.TugasPunyaPegawai,TugasPunyaPegawai,Tugas Punya Pegawai,ais.database.model.rab,rab,ais.database.model.GeneralValueObject,False,True,rab,tugas_punya_pegawai,False,,,ELIGIBLE_METADATA_FIRST,Kandidat CRUD metadata; tetap default disabled sampai verifikasi Hibernate/menu/scope,ais\database\model\rab\TugasPunyaPegawai.java
ais.database.model.rab.TugasPunyaPredecessor,TugasPunyaPredecessor,Tugas Punya Predecessor,ais.database.model.rab,rab,ais.database.model.GeneralValueObject,False,True,rab,tugas_punya_predecessor,False,,,ELIGIBLE_METADATA_FIRST,Kandidat CRUD metadata; tetap default disabled sampai verifikasi Hibernate/menu/scope,ais\database\model\rab\TugasPunyaPredecessor.java
ais.database.model.rab.UnitOrganisasi,UnitOrganisasi,Unit Organisasi,ais.database.model.rab,rab,ais.database.model.GeneralValueObject,False,True,rab,unit_organisasi,False,ais\action\master\rab\UnitOrganisasiAction.java,onEvent,REVIEW_REQUIRED,mempunyai aksi khusus existing,ais\database\model\rab\UnitOrganisasi.java
ais.database.model.rab.Workspace,Workspace,Workspace,ais.database.model.rab,rab,ais.database.model.GeneralValueObject,False,True,rab,workspace,False,ais\action\master\rab\WorkspaceAction.java,onEvent|onCreateNewRevisi|onReloadTab,REVIEW_REQUIRED,mempunyai aksi khusus existing,ais\database\model\rab\Workspace.java
ais.database.model.rab.WorkspacePunyaIndikator,WorkspacePunyaIndikator,Workspace Punya Indikator,ais.database.model.rab,rab,ais.database.model.GeneralValueObject,False,True,rab,workspace_punya_indikator,False,,,ELIGIBLE_METADATA_FIRST,Kandidat CRUD metadata; tetap default disabled sampai verifikasi Hibernate/menu/scope,ais\database\model\rab\WorkspacePunyaIndikator.java
ais.database.model.rab.WorkspacePunyaJenisParameter,WorkspacePunyaJenisParameter,Workspace Punya Jenis Parameter,ais.database.model.rab,rab,ais.database.model.GeneralValueObject,False,True,rab,workspace_punya_jenis_parameter,False,,,ELIGIBLE_METADATA_FIRST,Kandidat CRUD metadata; tetap default disabled sampai verifikasi Hibernate/menu/scope,ais\database\model\rab\WorkspacePunyaJenisParameter.java
ais.database.model.rab.WorkspacePunyaPegawai,WorkspacePunyaPegawai,Workspace Punya Pegawai,ais.database.model.rab,rab,ais.database.model.GeneralValueObject,False,True,rab,workspace_punya_pegawai,False,,,ELIGIBLE_METADATA_FIRST,Kandidat CRUD metadata; tetap default disabled sampai verifikasi Hibernate/menu/scope,ais\database\model\rab\WorkspacePunyaPegawai.java
ais.database.model.rab.WorkspacePunyaPredecessor,WorkspacePunyaPredecessor,Workspace Punya Predecessor,ais.database.model.rab,rab,ais.database.model.GeneralValueObject,False,True,rab,workspace_punya_predecessor,False,,,ELIGIBLE_METADATA_FIRST,Kandidat CRUD metadata; tetap default disabled sampai verifikasi Hibernate/menu/scope,ais\database\model\rab\WorkspacePunyaPredecessor.java
ais.database.model.rab.WorkspacePunyaSasaran,WorkspacePunyaSasaran,Workspace Punya Sasaran,ais.database.model.rab,rab,ais.database.model.GeneralValueObject,False,True,rab,workspace_punya_sasaran,False,,,ELIGIBLE_METADATA_FIRST,Kandidat CRUD metadata; tetap default disabled sampai verifikasi Hibernate/menu/scope,ais\database\model\rab\WorkspacePunyaSasaran.java
ais.database.model.recruitment.CalonPegawai,CalonPegawai,Calon Pegawai,ais.database.model.recruitment,recruitment,ais.database.model.GeneralValueObject,False,True,public,calon_pegawai,True,ais\action\master\recruitment\CalonPegawaiAction.java,onDokumen|onDokumenPenyedia|onEvent|onInfo|onAddExternalDaftar|onAddExternal,REVIEW_REQUIRED,membutuhkan adapter foto; mempunyai aksi khusus existing,ais\database\model\recruitment\CalonPegawai.java
ais.database.model.recruitment.CalonPegawaiPunyaDokumen,CalonPegawaiPunyaDokumen,Calon Pegawai Punya Dokumen,ais.database.model.recruitment,recruitment,ais.database.model.GeneralValueObject,False,True,public,calon_pegawai_punya_dokumen,False,ais\action\master\recruitment\CalonPegawaiPunyaDokumenAction.java,onEvent,REVIEW_REQUIRED,mempunyai aksi khusus existing,ais\database\model\recruitment\CalonPegawaiPunyaDokumen.java
ais.database.model.recruitment.CalonPegawaiPunyaVerifikasiBerkas,CalonPegawaiPunyaVerifikasiBerkas,Calon Pegawai Punya Verifikasi Berkas,ais.database.model.recruitment,recruitment,ais.database.model.GeneralValueObject,False,True,public,calon_pegawai_punya_verifikasi_berkas,False,,,ELIGIBLE_METADATA_FIRST,Kandidat CRUD metadata; tetap default disabled sampai verifikasi Hibernate/menu/scope,ais\database\model\recruitment\CalonPegawaiPunyaVerifikasiBerkas.java
ais.database.model.recruitment.GelombangPendaftaranPegawai,GelombangPendaftaranPegawai,Gelombang Pendaftaran Pegawai,ais.database.model.recruitment,recruitment,ais.database.model.GeneralValueObject,False,True,public,gelombang_pendaftaran_pegawai,False,ais\action\master\recruitment\GelombangPendaftaranPegawaiAction.java,onVerifikasiKelengkapanBerkas|onVerifikasiTambahan|onKonfigurasiCalonBiodataPegawai|onEvent,REVIEW_REQUIRED,mempunyai aksi khusus existing,ais\database\model\recruitment\GelombangPendaftaranPegawai.java
ais.database.model.recruitment.GelombangPendaftaranPegawaiPunyaParameterVerifikasiCalonPegawai,GelombangPendaftaranPegawaiPunyaParameterVerifikasiCalonPegawai,Gelombang Pendaftaran Pegawai Punya Parameter Verifikasi Calon Pegawai,ais.database.model.recruitment,recruitment,ais.database.model.GeneralValueObject,False,True,public,gelombang_punya_parameter_verifikasi_calon_pegawai,False,,,ELIGIBLE_METADATA_FIRST,Kandidat CRUD metadata; tetap default disabled sampai verifikasi Hibernate/menu/scope,ais\database\model\recruitment\GelombangPendaftaranPegawaiPunyaParameterVerifikasiCalonPegawai.java
ais.database.model.recruitment.JadwalUjianPegawai,JadwalUjianPegawai,Jadwal Ujian Pegawai,ais.database.model.recruitment,recruitment,ais.database.model.VOPembelajaran,False,True,public,jadwal_ujian_pegawai,False,ais\action\master\recruitment\JadwalUjianPegawaiAction.java,onEvent,REVIEW_REQUIRED,mempunyai aksi khusus existing,ais\database\model\recruitment\JadwalUjianPegawai.java
ais.database.model.recruitment.KelompokParameterTambahanCalonPegawai,KelompokParameterTambahanCalonPegawai,Kelompok Parameter Tambahan Calon Pegawai,ais.database.model.recruitment,recruitment,ais.database.model.GeneralValueObject,False,True,public,kelompok_parameter_tambahan_calon_pegawai,False,ais\action\master\recruitment\KelompokParameterTambahanCalonPegawaiAction.java,onEvent,REVIEW_REQUIRED,mempunyai aksi khusus existing,ais\database\model\recruitment\KelompokParameterTambahanCalonPegawai.java
ais.database.model.recruitment.KelompokPendaftaranPegawai,KelompokPendaftaranPegawai,Kelompok Pendaftaran Pegawai,ais.database.model.recruitment,recruitment,ais.database.model.GeneralValueObject,False,True,public,kelompok_pendaftaran_pegawai,False,ais\action\master\recruitment\KelompokPendaftaranPegawaiAction.java,onEvent,REVIEW_REQUIRED,mempunyai aksi khusus existing,ais\database\model\recruitment\KelompokPendaftaranPegawai.java
ais.database.model.recruitment.ParameterVerifikasiCalonPegawai,ParameterVerifikasiCalonPegawai,Parameter Verifikasi Calon Pegawai,ais.database.model.recruitment,recruitment,ais.database.model.GeneralValueObject,False,True,public,parameter_verifikasi_calon_pegawai,False,ais\action\master\recruitment\ParameterVerifikasiCalonPegawaiAction.java,onEvent,REVIEW_REQUIRED,mempunyai aksi khusus existing,ais\database\model\recruitment\ParameterVerifikasiCalonPegawai.java
ais.database.model.recruitment.RuangGelombangPendaftaranPegawaiPegawai,RuangGelombangPendaftaranPegawaiPegawai,Ruang Gelombang Pendaftaran Pegawai Pegawai,ais.database.model.recruitment,recruitment,ais.database.model.GeneralValueObject,False,True,public,ruang_gelombang_pegawai,False,,,ELIGIBLE_METADATA_FIRST,Kandidat CRUD metadata; tetap default disabled sampai verifikasi Hibernate/menu/scope,ais\database\model\recruitment\RuangGelombangPendaftaranPegawaiPegawai.java
ais.database.model.recruitment.RuangPegawai,RuangPegawai,Ruang Pegawai,ais.database.model.recruitment,recruitment,ais.database.model.GeneralValueObject,False,True,public,ruang_pegawai,False,ais\action\master\recruitment\RuangPegawaiAction.java,onEvent|onCetakAbsensi|onCetakBau|onCetakAlbum,REVIEW_REQUIRED,mempunyai aksi khusus existing,ais\database\model\recruitment\RuangPegawai.java
ais.database.model.recruitment.UjianPegawai,UjianPegawai,Ujian Pegawai,ais.database.model.recruitment,recruitment,ais.database.model.GeneralValueObject,False,True,public,ujian_pegawai,False,ais\action\master\recruitment\UjianPegawaiAction.java,onEvent,REVIEW_REQUIRED,mempunyai aksi khusus existing,ais\database\model\recruitment\UjianPegawai.java
ais.database.model.recruitment.VerifikasiKelengkapanCalonPegawai,VerifikasiKelengkapanCalonPegawai,Verifikasi Kelengkapan Calon Pegawai,ais.database.model.recruitment,recruitment,ais.database.model.GeneralValueObject,False,True,public,verifikasi_kelengkapan_calon_pegawai,False,ais\action\master\recruitment\VerifikasiKelengkapanCalonPegawaiAction.java,onEvent,REVIEW_REQUIRED,mempunyai aksi khusus existing,ais\database\model\recruitment\VerifikasiKelengkapanCalonPegawai.java
ais.database.model.repository.RepoBitstream,RepoBitstream,Repo Bitstream,ais.database.model.repository,repository,ais.database.model.GeneralValueObject,False,True,public,repo_bitstream,False,,,ELIGIBLE_METADATA_FIRST,Kandidat CRUD metadata; tetap default disabled sampai verifikasi Hibernate/menu/scope,ais\database\model\repository\RepoBitstream.java
ais.database.model.repository.RepoCollection,RepoCollection,Repo Collection,ais.database.model.repository,repository,ais.database.model.GeneralValueObject,False,True,public,repo_collection,False,,,ELIGIBLE_METADATA_FIRST,Kandidat CRUD metadata; tetap default disabled sampai verifikasi Hibernate/menu/scope,ais\database\model\repository\RepoCollection.java
ais.database.model.repository.RepoItem,RepoItem,Repo Item,ais.database.model.repository,repository,ais.database.model.GeneralValueObject,False,True,public,repo_item,False,,,ELIGIBLE_METADATA_FIRST,Kandidat CRUD metadata; tetap default disabled sampai verifikasi Hibernate/menu/scope,ais\database\model\repository\RepoItem.java
ais.database.model.repository.RepoItemMetadata,RepoItemMetadata,Repo Item Metadata,ais.database.model.repository,repository,ais.database.model.GeneralValueObject,False,True,public,repo_item_metadata,False,,,ELIGIBLE_METADATA_FIRST,Kandidat CRUD metadata; tetap default disabled sampai verifikasi Hibernate/menu/scope,ais\database\model\repository\RepoItemMetadata.java
ais.database.model.sapto.DanaPenerimaanSapto,DanaPenerimaanSapto,Dana Penerimaan Sapto,ais.database.model.sapto,sapto,ais.database.model.GeneralValueObject,False,True,temporary,dana_penerimaan__sapto,False,ais\action\master\sapto\DanaPenerimaanSaptoAction.java,onJenisPenerimaanData|onEvent,REVIEW_REQUIRED,mempunyai aksi khusus existing,ais\database\model\sapto\DanaPenerimaanSapto.java
ais.database.model.sapto.DanaPenggunaanSapto,DanaPenggunaanSapto,Dana Penggunaan Sapto,ais.database.model.sapto,sapto,ais.database.model.GeneralValueObject,False,True,temporary,dana_penggunaan__sapto,False,ais\action\master\sapto\DanaPenggunaanSaptoAction.java,onJenisPenggunaanData|onEvent,REVIEW_REQUIRED,mempunyai aksi khusus existing,ais\database\model\sapto\DanaPenggunaanSapto.java
ais.database.model.sapto.InvestasiPrasaranaPerguruanTinggiSapto,InvestasiPrasaranaPerguruanTinggiSapto,Investasi Prasarana Perguruan Tinggi Sapto,ais.database.model.sapto,sapto,ais.database.model.GeneralValueObject,False,True,temporary,investasi_prasarana_perguruan_tinggi__sapto,False,ais\action\master\sapto\InvestasiPrasaranaPerguruanTinggiSaptoAction.java,onEvent,REVIEW_REQUIRED,mempunyai aksi khusus existing,ais\database\model\sapto\InvestasiPrasaranaPerguruanTinggiSapto.java
ais.database.model.sapto.JenisDanaPenerimaanSapto,JenisDanaPenerimaanSapto,Jenis Dana Penerimaan Sapto,ais.database.model.sapto,sapto,ais.database.model.GeneralValueObject,False,True,temporary,jenis_dana_penerimaan__sapto,False,ais\action\master\sapto\JenisDanaPenerimaanSaptoAction.java,onEvent,REVIEW_REQUIRED,mempunyai aksi khusus existing,ais\database\model\sapto\JenisDanaPenerimaanSapto.java
ais.database.model.sapto.JenisDanaPenggunaanSapto,JenisDanaPenggunaanSapto,Jenis Dana Penggunaan Sapto,ais.database.model.sapto,sapto,ais.database.model.GeneralValueObject,False,True,temporary,jenis_dana_penggunaan__sapto,False,ais\action\master\sapto\JenisDanaPenggunaanSaptoAction.java,onEvent,REVIEW_REQUIRED,mempunyai aksi khusus existing,ais\database\model\sapto\JenisDanaPenggunaanSapto.java
ais.database.model.sapto.LahanPerguruanTinggiSapto,LahanPerguruanTinggiSapto,Lahan Perguruan Tinggi Sapto,ais.database.model.sapto,sapto,ais.database.model.GeneralValueObject,False,True,temporary,lahan_perguruan_tinggi__sapto,False,ais\action\master\sapto\LahanPerguruanTinggiSaptoAction.java,onEvent,REVIEW_REQUIRED,mempunyai aksi khusus existing,ais\database\model\sapto\LahanPerguruanTinggiSapto.java
ais.database.model.sapto.PrasaranaPerguruanTinggiSapto,PrasaranaPerguruanTinggiSapto,Prasarana Perguruan Tinggi Sapto,ais.database.model.sapto,sapto,ais.database.model.GeneralValueObject,False,True,temporary,prasarana_perguruan_tinggi__sapto,False,ais\action\master\sapto\PrasaranaPerguruanTinggiSaptoAction.java,onEvent,REVIEW_REQUIRED,mempunyai aksi khusus existing,ais\database\model\sapto\PrasaranaPerguruanTinggiSapto.java
ais.database.model.sekolah.AbsenGuruPiket,AbsenGuruPiket,Absen Guru Piket,ais.database.model.sekolah,sekolah,ais.database.model.GeneralValueObject,False,True,sekolah,absen_guru_piket,False,ais\action\master\sekolah\AbsenGuruPiketAction.java,onAbsen|onEvent,REVIEW_REQUIRED,mempunyai aksi khusus existing,ais\database\model\sekolah\AbsenGuruPiket.java
ais.database.model.sekolah.AbsenPiket,AbsenPiket,Absen Piket,ais.database.model.sekolah,sekolah,ais.database.model.GeneralValueObject,False,True,sekolah,absen_piket,False,ais\action\master\sekolah\AbsenPiketAction.java,onAbsen|onEvent,REVIEW_REQUIRED,mempunyai aksi khusus existing,ais\database\model\sekolah\AbsenPiket.java
ais.database.model.sekolah.AbsenPiketDetail,AbsenPiketDetail,Absen Piket Detail,ais.database.model.sekolah,sekolah,ais.database.model.GeneralValueObject,False,True,sekolah,absen_piket_detail,False,,,ELIGIBLE_METADATA_FIRST,Kandidat CRUD metadata; tetap default disabled sampai verifikasi Hibernate/menu/scope,ais\database\model\sekolah\AbsenPiketDetail.java
ais.database.model.sekolah.AbsenPiketPeserta,AbsenPiketPeserta,Absen Piket Peserta,ais.database.model.sekolah,sekolah,ais.database.model.GeneralValueObject,False,True,sekolah,absen_piket_peserta,False,,,ELIGIBLE_METADATA_FIRST,Kandidat CRUD metadata; tetap default disabled sampai verifikasi Hibernate/menu/scope,ais\database\model\sekolah\AbsenPiketPeserta.java
ais.database.model.sekolah.AktiftasHarianSiswa,AktiftasHarianSiswa,Aktiftas Harian Siswa,ais.database.model.sekolah,sekolah,ais.database.model.GeneralValueObject,False,True,sekolah,aktiftas_harian_siswa,False,ais\action\master\sekolah\AktiftasHarianSiswaAction.java,onDashboardAktifitasHarianSiswa|onBukuPenghubung|onDaftarAktifitasSiswa|onJenisAktiftasHarianDefault|onJenisMateriHarianDefault|onEvent|onCancel,REVIEW_REQUIRED,mempunyai aksi khusus existing,ais\database\model\sekolah\AktiftasHarianSiswa.java
ais.database.model.sekolah.AkunPembayaranSiswa,AkunPembayaranSiswa,Akun Pembayaran Siswa,ais.database.model.sekolah,sekolah,ais.database.model.GeneralValueObject,False,True,sekolah,akun_pembayaran_siswa,False,ais\action\master\sekolah\AkunPembayaranSiswaAction.java,onEvent,REVIEW_REQUIRED,mempunyai aksi khusus existing,ais\database\model\sekolah\AkunPembayaranSiswa.java
ais.database.model.sekolah.AlatTransportasiSiswa,AlatTransportasiSiswa,Alat Transportasi Siswa,ais.database.model.sekolah,sekolah,ais.database.model.GeneralValueObject,False,True,sekolah,alat_transportasi_siswa,False,ais\action\master\sekolah\AlatTransportasiSiswaAction.java,onEvent,REVIEW_REQUIRED,mempunyai aksi khusus existing,ais\database\model\sekolah\AlatTransportasiSiswa.java
ais.database.model.sekolah.AngketPenilaianGuru,AngketPenilaianGuru,Angket Penilaian Guru,ais.database.model.sekolah,sekolah,ais.database.model.GeneralValueObject,False,True,sekolah,angket_penilaian_guru,False,ais\action\master\sekolah\AngketPenilaianGuruAction.java,onAngketAngketUmum|onEvent,REVIEW_REQUIRED,mempunyai aksi khusus existing,ais\database\model\sekolah\AngketPenilaianGuru.java
ais.database.model.sekolah.Apresiasi,Apresiasi,Apresiasi,ais.database.model.sekolah,sekolah,ais.database.model.GeneralValueObject,False,True,sekolah,apresiasi,False,ais\action\master\sekolah\ApresiasiAction.java,onEvent|onDasbor,REVIEW_REQUIRED,mempunyai aksi khusus existing,ais\database\model\sekolah\Apresiasi.java
ais.database.model.sekolah.ApresiasiDanPenghargaan,ApresiasiDanPenghargaan,Apresiasi Dan Penghargaan,ais.database.model.sekolah,sekolah,ais.database.model.GeneralValueObject,False,True,sekolah,apresiasi_dan_penghargaan,False,ais\action\master\sekolah\ApresiasiDanPenghargaanAction.java,onEvent|onDasbor,REVIEW_REQUIRED,mempunyai aksi khusus existing,ais\database\model\sekolah\ApresiasiDanPenghargaan.java
ais.database.model.sekolah.ApresiasiSiswa,ApresiasiSiswa,Apresiasi Siswa,ais.database.model.sekolah,sekolah,ais.database.model.GeneralValueObject,False,True,sekolah,apresiasi_siswa,False,ais\action\master\sekolah\ApresiasiSiswaAction.java,onEvent|onDasbor,REVIEW_REQUIRED,mempunyai aksi khusus existing,ais\database\model\sekolah\ApresiasiSiswa.java
ais.database.model.sekolah.AsramaSiswa,AsramaSiswa,Asrama Siswa,ais.database.model.sekolah,sekolah,ais.database.model.GeneralValueObject,False,True,sekolah,asrama,False,ais\action\master\sekolah\AsramaSiswaAction.java,onEvent,REVIEW_REQUIRED,mempunyai aksi khusus existing,ais\database\model\sekolah\AsramaSiswa.java
ais.database.model.sekolah.AsramaSiswaPunyaSiswa,AsramaSiswaPunyaSiswa,Asrama Siswa Punya Siswa,ais.database.model.sekolah,sekolah,ais.database.model.GeneralValueObject,False,True,sekolah,asrama_punya_siswa,False,,,ELIGIBLE_METADATA_FIRST,Kandidat CRUD metadata; tetap default disabled sampai verifikasi Hibernate/menu/scope,ais\database\model\sekolah\AsramaSiswaPunyaSiswa.java
ais.database.model.sekolah.BlokirSiswa,BlokirSiswa,Blokir Siswa,ais.database.model.sekolah,sekolah,ais.database.model.GeneralValueObject,False,True,sekolah,blokir_siswa,False,,,ELIGIBLE_METADATA_FIRST,Kandidat CRUD metadata; tetap default disabled sampai verifikasi Hibernate/menu/scope,ais\database\model\sekolah\BlokirSiswa.java
ais.database.model.sekolah.CabangPrestasiGuru,CabangPrestasiGuru,Cabang Prestasi Guru,ais.database.model.sekolah,sekolah,ais.database.model.GeneralValueObject,False,True,sekolah,cabang_prestasi_guru,False,,,ELIGIBLE_METADATA_FIRST,Kandidat CRUD metadata; tetap default disabled sampai verifikasi Hibernate/menu/scope,ais\database\model\sekolah\CabangPrestasiGuru.java
ais.database.model.sekolah.CabangPrestasiSiswa,CabangPrestasiSiswa,Cabang Prestasi Siswa,ais.database.model.sekolah,sekolah,ais.database.model.GeneralValueObject,False,True,sekolah,cabang_prestasi_siswa,False,ais\action\master\sekolah\CabangPrestasiSiswaAction.java,onEvent,REVIEW_REQUIRED,mempunyai aksi khusus existing,ais\database\model\sekolah\CabangPrestasiSiswa.java
ais.database.model.sekolah.CalonSiswa,CalonSiswa,Calon Siswa,ais.database.model.sekolah,sekolah,ais.database.model.VOSiswa,False,True,sekolah,calon_siswa,True,ais\action\master\sekolah\CalonSiswaAction.java,onEvent|onDownloadLampiran|onDownloadNilaiRaport|onDownloadFotoMassal|onUploadFotoMassal|onAddExternal|onCetakKartu|onDasborStatistik|onDasborStatus|onDasborSekolah|onDasborRegistrasi|onDasborHarian|onDasborRekapMultiTahun,REVIEW_REQUIRED,membutuhkan adapter foto; mempunyai aksi khusus existing,ais\database\model\sekolah\CalonSiswa.java
ais.database.model.sekolah.CalonSiswaPunyaVerifikasiBerkas,CalonSiswaPunyaVerifikasiBerkas,Calon Siswa Punya Verifikasi Berkas,ais.database.model.sekolah,sekolah,ais.database.model.GeneralValueObject,False,True,sekolah,calon_siswa_punya_verifikasi_berkas,False,,,ELIGIBLE_METADATA_FIRST,Kandidat CRUD metadata; tetap default disabled sampai verifikasi Hibernate/menu/scope,ais\database\model\sekolah\CalonSiswaPunyaVerifikasiBerkas.java
ais.database.model.sekolah.CalonSiswaPunyaVerifikasiMatapelajaran,CalonSiswaPunyaVerifikasiMatapelajaran,Calon Siswa Punya Verifikasi Matapelajaran,ais.database.model.sekolah,sekolah,ais.database.model.GeneralValueObject,False,True,sekolah,calon_siswa_punya_verifikasi_matapelajaran,False,,,ELIGIBLE_METADATA_FIRST,Kandidat CRUD metadata; tetap default disabled sampai verifikasi Hibernate/menu/scope,ais\database\model\sekolah\CalonSiswaPunyaVerifikasiMatapelajaran.java
ais.database.model.sekolah.CalonSiswaPunyaVerifikasiParameter,CalonSiswaPunyaVerifikasiParameter,Calon Siswa Punya Verifikasi Parameter,ais.database.model.sekolah,sekolah,ais.database.model.GeneralValueObject,False,True,public,calon_siswa_punya_verifikasi_parameter,False,,,ELIGIBLE_METADATA_FIRST,Kandidat CRUD metadata; tetap default disabled sampai verifikasi Hibernate/menu/scope,ais\database\model\sekolah\CalonSiswaPunyaVerifikasiParameter.java
ais.database.model.sekolah.CatatanGuru,CatatanGuru,Catatan Guru,ais.database.model.sekolah,sekolah,ais.database.model.GeneralValueObject,False,True,sekolah,catatan_guru,False,ais\action\master\sekolah\CatatanGuruAction.java,onLaporan|onJenisCatatanGuru|onManajemenParameter|onEvent|onDasbor,REVIEW_REQUIRED,mempunyai aksi khusus existing,ais\database\model\sekolah\CatatanGuru.java
ais.database.model.sekolah.CatatanKelasSiswa,CatatanKelasSiswa,Catatan Kelas Siswa,ais.database.model.sekolah,sekolah,ais.database.model.GeneralValueObject,False,True,sekolah,catatan_kelas_siswa,False,ais\action\master\sekolah\CatatanKelasSiswaAction.java,onLaporan|onJenisCatatanKelasSiswa|onManajemenParameter|onEvent|onDasbor,REVIEW_REQUIRED,mempunyai aksi khusus existing,ais\database\model\sekolah\CatatanKelasSiswa.java
ais.database.model.sekolah.CatatanSiswa,CatatanSiswa,Catatan Siswa,ais.database.model.sekolah,sekolah,ais.database.model.GeneralValueObject,False,True,sekolah,catatan_siswa,False,ais\action\master\sekolah\CatatanSiswaAction.java,onLaporan|onJenisCatatanSiswa|onManajemenParameter|onEvent|onDasbor,REVIEW_REQUIRED,mempunyai aksi khusus existing,ais\database\model\sekolah\CatatanSiswa.java
ais.database.model.sekolah.CekKesehatanSiswa,CekKesehatanSiswa,Cek Kesehatan Siswa,ais.database.model.sekolah,sekolah,ais.database.model.GeneralValueObject,False,True,sekolah,cek_kesehatan_siswa,False,ais\action\master\psb\CekKesehatanSiswaAction.java,onEvent|onPilihCalonMahasiswa|onCetak,REVIEW_REQUIRED,mempunyai aksi khusus existing,ais\database\model\sekolah\CekKesehatanSiswa.java
ais.database.model.sekolah.ChecklistBaruPenilaianGuruOlehSiswa,ChecklistBaruPenilaianGuruOlehSiswa,Checklist Baru Penilaian Guru Oleh Siswa,ais.database.model.sekolah,sekolah,ais.database.model.GeneralValueObject,False,True,sekolah,checklist_baru_penilaian_guru_oleh_siswa,False,,,ELIGIBLE_METADATA_FIRST,Kandidat CRUD metadata; tetap default disabled sampai verifikasi Hibernate/menu/scope,ais\database\model\sekolah\ChecklistBaruPenilaianGuruOlehSiswa.java
ais.database.model.sekolah.ChecklistPenilaianGuru,ChecklistPenilaianGuru,Checklist Penilaian Guru,ais.database.model.sekolah,sekolah,ais.database.model.GeneralValueObject,False,True,sekolah,checklist_penilaian_guru,False,ais\action\master\sekolah\ChecklistPenilaianGuruAction.java,onAngketUmum|onParameterAngketUmum|onEvent,REVIEW_REQUIRED,mempunyai aksi khusus existing,ais\database\model\sekolah\ChecklistPenilaianGuru.java
ais.database.model.sekolah.ChecklistPenilaianGuruOlehSiswa,ChecklistPenilaianGuruOlehSiswa,Checklist Penilaian Guru Oleh Siswa,ais.database.model.sekolah,sekolah,ais.database.model.GeneralValueObject,False,True,public,checklist_penilaian_guru_oleh_siswa,False,,,ELIGIBLE_METADATA_FIRST,Kandidat CRUD metadata; tetap default disabled sampai verifikasi Hibernate/menu/scope,ais\database\model\sekolah\ChecklistPenilaianGuruOlehSiswa.java
ais.database.model.sekolah.DepositSiswa,DepositSiswa,Deposit Siswa,ais.database.model.sekolah,sekolah,ais.database.model.GeneralValueObject,False,True,sekolah,deposit_siswa,False,ais\action\master\sekolah\DepositSiswaAction.java,onEvent,REVIEW_REQUIRED,mempunyai aksi khusus existing,ais\database\model\sekolah\DepositSiswa.java
ais.database.model.sekolah.DetailGrupKategoriItemPenilaianSiswa,DetailGrupKategoriItemPenilaianSiswa,Detail Grup Kategori Item Penilaian Siswa,ais.database.model.sekolah,sekolah,ais.database.model.GeneralValueObject,False,True,sekolah,detail_grup_kategori_item_penilaian_siswa,False,,,REVIEW_REQUIRED,nama mengindikasikan data transaksi/log/internal: Temp,ais\database\model\sekolah\DetailGrupKategoriItemPenilaianSiswa.java
ais.database.model.sekolah.DetailGrupPenilaian,DetailGrupPenilaian,Detail Grup Penilaian,ais.database.model.sekolah,sekolah,ais.database.model.GeneralValueObject,False,True,sekolah,detail_grup_penilaian_data,False,,,ELIGIBLE_METADATA_FIRST,Kandidat CRUD metadata; tetap default disabled sampai verifikasi Hibernate/menu/scope,ais\database\model\sekolah\DetailGrupPenilaian.java
ais.database.model.sekolah.DetailJenisPenilaian,DetailJenisPenilaian,Detail Jenis Penilaian,ais.database.model.sekolah,sekolah,ais.database.model.GeneralValueObject,False,True,sekolah,detail_jenis_penilaian_grup,False,,,ELIGIBLE_METADATA_FIRST,Kandidat CRUD metadata; tetap default disabled sampai verifikasi Hibernate/menu/scope,ais\database\model\sekolah\DetailJenisPenilaian.java
ais.database.model.sekolah.DetailKelompokKegiatanKesiswaan,DetailKelompokKegiatanKesiswaan,Detail Kelompok Kegiatan Kesiswaan,ais.database.model.sekolah,sekolah,ais.database.model.GeneralValueObject,False,True,public,detail_kelompok_kegiatan_kesiswaan,False,,,ELIGIBLE_METADATA_FIRST,Kandidat CRUD metadata; tetap default disabled sampai verifikasi Hibernate/menu/scope,ais\database\model\sekolah\DetailKelompokKegiatanKesiswaan.java
ais.database.model.sekolah.DiskonSiswa,DiskonSiswa,Diskon Siswa,ais.database.model.sekolah,sekolah,ais.database.model.GeneralValueObject,False,True,sekolah,diskon_siswa,False,ais\action\master\sekolah\DiskonSiswaAction.java,onEvent,REVIEW_REQUIRED,mempunyai aksi khusus existing,ais\database\model\sekolah\DiskonSiswa.java
ais.database.model.sekolah.DiskonSiswaItemBiaya,DiskonSiswaItemBiaya,Diskon Siswa Item Biaya,ais.database.model.sekolah,sekolah,ais.database.model.GeneralValueObject,False,True,sekolah,diskon_siswa_item_biaya,False,,,ELIGIBLE_METADATA_FIRST,Kandidat CRUD metadata; tetap default disabled sampai verifikasi Hibernate/menu/scope,ais\database\model\sekolah\DiskonSiswaItemBiaya.java
ais.database.model.sekolah.DiskonSiswaPunyaSiswa,DiskonSiswaPunyaSiswa,Diskon Siswa Punya Siswa,ais.database.model.sekolah,sekolah,ais.database.model.GeneralValueObject,False,True,sekolah,diskon_siswa_punya_siswa_baru,False,,,ELIGIBLE_METADATA_FIRST,Kandidat CRUD metadata; tetap default disabled sampai verifikasi Hibernate/menu/scope,ais\database\model\sekolah\DiskonSiswaPunyaSiswa.java
ais.database.model.sekolah.FormatNis,FormatNis,Format Nis,ais.database.model.sekolah,sekolah,ais.database.model.GeneralValueObject,False,True,sekolah,format_nis,False,ais\action\master\sekolah\FormatNisAction.java,onEvent,REVIEW_REQUIRED,mempunyai aksi khusus existing,ais\database\model\sekolah\FormatNis.java
ais.database.model.sekolah.GelombangPendaftaranPsb,GelombangPendaftaranPsb,Gelombang Pendaftaran Psb,ais.database.model.sekolah,sekolah,ais.database.model.GeneralValueObject,False,True,sekolah,gelombang_pendaftaran_psb,False,ais\action\master\sekolah\GelombangPendaftaranPsbAction.java,onKelompok|onPengaturanNIS|onKebutuhanKhusus|onGaleriFoto|onVerifikasiKelengkapanBerkas|onVerifikasiTambahan|onPaket|onKonfigurasiCalonBiodataSiswa|onMatapelajaranSekolah|onEvent,REVIEW_REQUIRED,mempunyai aksi khusus existing,ais\database\model\sekolah\GelombangPendaftaranPsb.java
ais.database.model.sekolah.GelombangPendaftaranPsbPunyaMatapelajaran,GelombangPendaftaranPsbPunyaMatapelajaran,Gelombang Pendaftaran Psb Punya Matapelajaran,ais.database.model.sekolah,sekolah,ais.database.model.GeneralValueObject,False,True,sekolah,gelombang_pendaftaran_psb_punya_matapelajaran,False,ais\action\master\sekolah\GelombangPendaftaranPsbPunyaMatapelajaranAction.java,onEvent,REVIEW_REQUIRED,mempunyai aksi khusus existing,ais\database\model\sekolah\GelombangPendaftaranPsbPunyaMatapelajaran.java
ais.database.model.sekolah.GelombangPendaftaranPsbPunyaParameterVerifikasiCalonSiswa,GelombangPendaftaranPsbPunyaParameterVerifikasiCalonSiswa,Gelombang Pendaftaran Psb Punya Parameter Verifikasi Calon Siswa,ais.database.model.sekolah,sekolah,ais.database.model.GeneralValueObject,False,True,sekolah,gelombang_punya_parameter_verifikasi_calon_siswa,False,ais\action\master\sekolah\psb\GelombangPendaftaranPsbPunyaParameterVerifikasiCalonSiswaAction.java,onEvent,REVIEW_REQUIRED,mempunyai aksi khusus existing,ais\database\model\sekolah\GelombangPendaftaranPsbPunyaParameterVerifikasiCalonSiswa.java
ais.database.model.sekolah.GrupChecklistPenilaianGuru,GrupChecklistPenilaianGuru,Grup Checklist Penilaian Guru,ais.database.model.sekolah,sekolah,ais.database.model.GeneralValueObject,False,True,sekolah,grup_checklist_penilaian_guru,False,ais\action\master\sekolah\GrupChecklistPenilaianGuruAction.java,onGrupAngketUmum|onGrupKuosioner|onJadwalAngketUmum|onEvent,REVIEW_REQUIRED,mempunyai aksi khusus existing,ais\database\model\sekolah\GrupChecklistPenilaianGuru.java
ais.database.model.sekolah.GrupKategoriItemPenilaianSiswa,GrupKategoriItemPenilaianSiswa,Grup Kategori Item Penilaian Siswa,ais.database.model.sekolah,sekolah,ais.database.model.GeneralValueObject,False,True,sekolah,grup_kategori_item_penilaian_siswa,False,ais\action\master\sekolah\GrupKategoriItemPenilaianSiswaAction.java,onEvent,REVIEW_REQUIRED,nama mengindikasikan data transaksi/log/internal: Temp; mempunyai aksi khusus existing,ais\database\model\sekolah\GrupKategoriItemPenilaianSiswa.java
ais.database.model.sekolah.GrupPenilaian,GrupPenilaian,Grup Penilaian,ais.database.model.sekolah,sekolah,ais.database.model.GeneralValueObject,False,True,sekolah,grup_penilaian,False,ais\action\master\sekolah\GrupPenilaianAction.java,onEvent,REVIEW_REQUIRED,mempunyai aksi khusus existing,ais\database\model\sekolah\GrupPenilaian.java
ais.database.model.sekolah.Guru,Guru,Guru,ais.database.model.sekolah,sekolah,ais.database.model.GeneralValueObject,False,True,sekolah,guru,True,ais\action\master\sekolah\GuruAction.java,onUploadRfid|onDownloadRfid|onEvent|onDownloadFoto|onAddExternal|onDownloadFotoMassal|onUploadFotoMassal|onKonfigurasiBiodataGuru,REVIEW_REQUIRED,membutuhkan adapter foto; mempunyai aksi khusus existing,ais\database\model\sekolah\Guru.java
ais.database.model.sekolah.GuruMengajar,GuruMengajar,Guru Mengajar,ais.database.model.sekolah,sekolah,ais.database.model.GeneralValueObject,False,True,sekolah,guru_mengajar,False,ais\action\master\sekolah\GuruMengajarAction.java,onEvent|onCopyJadwalPelajaran|onAddExternal,REVIEW_REQUIRED,mempunyai aksi khusus existing,ais\database\model\sekolah\GuruMengajar.java
ais.database.model.sekolah.Hukuman,Hukuman,Hukuman,ais.database.model.sekolah,sekolah,ais.database.model.GeneralValueObject,False,True,sekolah,hukuman,False,ais\action\master\sekolah\HukumanAction.java,onEvent,REVIEW_REQUIRED,mempunyai aksi khusus existing,ais\database\model\sekolah\Hukuman.java
ais.database.model.sekolah.InterviewCalonSiswa,InterviewCalonSiswa,Interview Calon Siswa,ais.database.model.sekolah,sekolah,ais.database.model.GeneralValueObject,False,True,sekolah,interview_calon_siswa,False,ais\action\master\sekolah\InterviewCalonSiswaAction.java,onEvent,REVIEW_REQUIRED,nama mengindikasikan data transaksi/log/internal: View; mempunyai aksi khusus existing,ais\database\model\sekolah\InterviewCalonSiswa.java
ais.database.model.sekolah.InterviewPunyaCalonSiswa,InterviewPunyaCalonSiswa,Interview Punya Calon Siswa,ais.database.model.sekolah,sekolah,ais.database.model.GeneralValueObject,False,True,sekolah,interview_punya_calon_siswa,False,,,REVIEW_REQUIRED,nama mengindikasikan data transaksi/log/internal: View,ais\database\model\sekolah\InterviewPunyaCalonSiswa.java
ais.database.model.sekolah.ItemBiayaSekolah,ItemBiayaSekolah,Item Biaya Sekolah,ais.database.model.sekolah,sekolah,ais.database.model.GeneralValueObject,False,True,sekolah,item_biaya_sekolah,False,ais\action\master\sekolah\ItemBiayaSekolahAction.java,onEvent,REVIEW_REQUIRED,mempunyai aksi khusus existing,ais\database\model\sekolah\ItemBiayaSekolah.java
ais.database.model.sekolah.JabatanKegiatanKesiswaan,JabatanKegiatanKesiswaan,Jabatan Kegiatan Kesiswaan,ais.database.model.sekolah,sekolah,ais.database.model.GeneralValueObject,False,True,sekolah,jabatan_kegiatan_kesiswaan,False,ais\action\master\sekolah\JabatanKegiatanKesiswaanAction.java,onEvent,REVIEW_REQUIRED,mempunyai aksi khusus existing,ais\database\model\sekolah\JabatanKegiatanKesiswaan.java
ais.database.model.sekolah.JabatanOrganisasiSiswa,JabatanOrganisasiSiswa,Jabatan Organisasi Siswa,ais.database.model.sekolah,sekolah,ais.database.model.GeneralValueObject,False,True,sekolah,jabatan_organisasi_siswa,False,ais\action\master\sekolah\JabatanOrganisasiSiswaAction.java,onEvent,REVIEW_REQUIRED,mempunyai aksi khusus existing,ais\database\model\sekolah\JabatanOrganisasiSiswa.java
ais.database.model.sekolah.JadwalPelajaran,JadwalPelajaran,Jadwal Pelajaran,ais.database.model.sekolah,sekolah,ais.database.model.VOPembelajaran,False,True,sekolah,jadwal_pelajaran,False,ais\action\master\sekolah\JadwalPelajaranAction.java,onMasa|onLaporanJadwalPelajaran|onEvent|onAddExternal|onAddBerdasarKurikulum|onCopyJadwalPelajaran|onDeleteJadwalPelajaran,REVIEW_REQUIRED,mempunyai aksi khusus existing,ais\database\model\sekolah\JadwalPelajaran.java
ais.database.model.sekolah.JadwalPelajaranPunyaItem,JadwalPelajaranPunyaItem,Jadwal Pelajaran Punya Item,ais.database.model.sekolah,sekolah,ais.database.model.GeneralValueObject,False,True,sekolah,jadwal_pelajaran_punya_item,False,,,ELIGIBLE_METADATA_FIRST,Kandidat CRUD metadata; tetap default disabled sampai verifikasi Hibernate/menu/scope,ais\database\model\sekolah\JadwalPelajaranPunyaItem.java
ais.database.model.sekolah.JadwalPertemuanPSB,JadwalPertemuanPSB,Jadwal Pertemuan P S B,ais.database.model.sekolah,sekolah,ais.database.model.VOPembelajaran,False,True,sekolah,jadwal_pertemuan_psb,False,ais\action\master\sekolah\JadwalPertemuanPSBAction.java,onEvent,REVIEW_REQUIRED,mempunyai aksi khusus existing,ais\database\model\sekolah\JadwalPertemuanPSB.java
ais.database.model.sekolah.JadwalUjianPSB,JadwalUjianPSB,Jadwal Ujian P S B,ais.database.model.sekolah,sekolah,ais.database.model.VOPembelajaran,False,True,sekolah,jadwal_ujian_psb,False,ais\action\master\sekolah\JadwalUjianPSBAction.java,onEvent,REVIEW_REQUIRED,mempunyai aksi khusus existing,ais\database\model\sekolah\JadwalUjianPSB.java
ais.database.model.sekolah.JamPelajaran,JamPelajaran,Jam Pelajaran,ais.database.model.sekolah,sekolah,ais.database.model.GeneralValueObject,False,True,sekolah,jam_pelajaran,False,ais\action\master\sekolah\JamPelajaranAction.java,onMasa|onEvent,REVIEW_REQUIRED,mempunyai aksi khusus existing,ais\database\model\sekolah\JamPelajaran.java
ais.database.model.sekolah.JenisAktiftasHarianDefault,JenisAktiftasHarianDefault,Jenis Aktiftas Harian Default,ais.database.model.sekolah,sekolah,ais.database.model.GeneralValueObject,False,True,sekolah,jenis_aktiftas_harian_default,False,ais\action\master\sekolah\JenisAktiftasHarianDefaultAction.java,onEvent,REVIEW_REQUIRED,mempunyai aksi khusus existing,ais\database\model\sekolah\JenisAktiftasHarianDefault.java
ais.database.model.sekolah.JenisBiayaSekolah,JenisBiayaSekolah,Jenis Biaya Sekolah,ais.database.model.sekolah,sekolah,ais.database.model.GeneralValueObject,False,True,sekolah,jenis_biaya_sekolah,False,ais\action\master\sekolah\JenisBiayaSekolahAction.java,onEvent,REVIEW_REQUIRED,mempunyai aksi khusus existing,ais\database\model\sekolah\JenisBiayaSekolah.java
ais.database.model.sekolah.JenisCatatanGuru,JenisCatatanGuru,Jenis Catatan Guru,ais.database.model.sekolah,sekolah,ais.database.model.GeneralValueObject,False,True,sekolah,jenis_catatan_guru,False,ais\action\master\sekolah\JenisCatatanGuruAction.java,onEvent,REVIEW_REQUIRED,mempunyai aksi khusus existing,ais\database\model\sekolah\JenisCatatanGuru.java
ais.database.model.sekolah.JenisCatatanKelasSiswa,JenisCatatanKelasSiswa,Jenis Catatan Kelas Siswa,ais.database.model.sekolah,sekolah,ais.database.model.GeneralValueObject,False,True,sekolah,jenis_catatan_kelas_siswa,False,ais\action\master\sekolah\JenisCatatanKelasSiswaAction.java,onEvent,REVIEW_REQUIRED,mempunyai aksi khusus existing,ais\database\model\sekolah\JenisCatatanKelasSiswa.java
ais.database.model.sekolah.JenisCatatanSiswa,JenisCatatanSiswa,Jenis Catatan Siswa,ais.database.model.sekolah,sekolah,ais.database.model.GeneralValueObject,False,True,sekolah,jenis_catatan_siswa,False,ais\action\master\sekolah\JenisCatatanSiswaAction.java,onEvent,REVIEW_REQUIRED,mempunyai aksi khusus existing,ais\database\model\sekolah\JenisCatatanSiswa.java
ais.database.model.sekolah.JenisGuru,JenisGuru,Jenis Guru,ais.database.model.sekolah,sekolah,ais.database.model.GeneralValueObject,False,True,sekolah,jenis_guru,False,ais\action\master\sekolah\JenisGuruAction.java,onEvent,REVIEW_REQUIRED,mempunyai aksi khusus existing,ais\database\model\sekolah\JenisGuru.java
ais.database.model.sekolah.JenisItemPenilaianSiswa,JenisItemPenilaianSiswa,Jenis Item Penilaian Siswa,ais.database.model.sekolah,sekolah,ais.database.model.GeneralValueObject,False,True,sekolah,jenis_item_penilaian_siswa,False,ais\action\master\sekolah\JenisItemPenilaianSiswaAction.java,onEvent,REVIEW_REQUIRED,nama mengindikasikan data transaksi/log/internal: Temp; mempunyai aksi khusus existing,ais\database\model\sekolah\JenisItemPenilaianSiswa.java
ais.database.model.sekolah.JenisJadwalPelajaran,JenisJadwalPelajaran,Jenis Jadwal Pelajaran,ais.database.model.sekolah,sekolah,ais.database.model.GeneralValueObject,False,True,sekolah,jenis_jadwal_pelajaran,False,ais\action\master\sekolah\JenisJadwalPelajaranAction.java,onEvent,REVIEW_REQUIRED,mempunyai aksi khusus existing,ais\database\model\sekolah\JenisJadwalPelajaran.java
ais.database.model.sekolah.JenisKelompokKegiatanKesiswaan,JenisKelompokKegiatanKesiswaan,Jenis Kelompok Kegiatan Kesiswaan,ais.database.model.sekolah,sekolah,ais.database.model.GeneralValueObject,False,True,sekolah,jenis_kelompok_kegiatan_kesiswaan,False,ais\action\master\sekolah\JenisKelompokKegiatanKesiswaanAction.java,onEvent,REVIEW_REQUIRED,mempunyai aksi khusus existing,ais\database\model\sekolah\JenisKelompokKegiatanKesiswaan.java
ais.database.model.sekolah.JenisLaporanJadwalSekolah,JenisLaporanJadwalSekolah,Jenis Laporan Jadwal Sekolah,ais.database.model.sekolah,sekolah,ais.database.model.GeneralValueObject,False,True,sekolah,jenis_laporan_jadwal_sekolah,False,ais\action\master\sekolah\JenisLaporanJadwalSekolahAction.java,onEvent,REVIEW_REQUIRED,mempunyai aksi khusus existing,ais\database\model\sekolah\JenisLaporanJadwalSekolah.java
ais.database.model.sekolah.JenisMateriHarianDefault,JenisMateriHarianDefault,Jenis Materi Harian Default,ais.database.model.sekolah,sekolah,ais.database.model.GeneralValueObject,False,True,sekolah,jenis_materi_harian_default,False,ais\action\master\sekolah\JenisMateriHarianDefaultAction.java,onEvent,REVIEW_REQUIRED,mempunyai aksi khusus existing,ais\database\model\sekolah\JenisMateriHarianDefault.java
ais.database.model.sekolah.JenisNilaiHuruf,JenisNilaiHuruf,Jenis Nilai Huruf,ais.database.model.sekolah,sekolah,ais.database.model.GeneralValueObject,False,True,sekolah,jenis_nilai_huruf,False,ais\action\master\sekolah\JenisNilaiHurufAction.java,onEvent,REVIEW_REQUIRED,mempunyai aksi khusus existing,ais\database\model\sekolah\JenisNilaiHuruf.java
ais.database.model.sekolah.JenisNilaiSiswa,JenisNilaiSiswa,Jenis Nilai Siswa,ais.database.model.sekolah,sekolah,ais.database.model.GeneralValueObject,False,True,sekolah,jenis_nilai_siswa,False,ais\action\master\sekolah\JenisNilaiSiswaAction.java,onEvent,REVIEW_REQUIRED,mempunyai aksi khusus existing,ais\database\model\sekolah\JenisNilaiSiswa.java
ais.database.model.sekolah.JenisPenilaian,JenisPenilaian,Jenis Penilaian,ais.database.model.sekolah,sekolah,ais.database.model.GeneralValueObject,False,True,sekolah,jenis_penilaian,False,ais\action\master\sekolah\JenisPenilaianAction.java,onItemPenilaian|onNilaiHuruf|onJenisNilaiHuruf|onGrupKategori|onGrupPenilaian|onKategoriPenilaian|onKonstanta|onEvent,REVIEW_REQUIRED,mempunyai aksi khusus existing,ais\database\model\sekolah\JenisPenilaian.java
ais.database.model.sekolah.JenisRaporSiswa,JenisRaporSiswa,Jenis Rapor Siswa,ais.database.model.sekolah,sekolah,ais.database.model.GeneralValueObject,False,True,sekolah,jenis_rapor_siswa,False,ais\action\master\sekolah\JenisRaporSiswaAction.java,onEvent,REVIEW_REQUIRED,mempunyai aksi khusus existing,ais\database\model\sekolah\JenisRaporSiswa.java
ais.database.model.sekolah.JenisSKGuru,JenisSKGuru,Jenis S K Guru,ais.database.model.sekolah,sekolah,ais.database.model.GeneralValueObject,False,True,sekolah,jenis_sk_guru,False,ais\action\master\sekolah\JenisSKGuruAction.java,onEvent,REVIEW_REQUIRED,mempunyai aksi khusus existing,ais\database\model\sekolah\JenisSKGuru.java
ais.database.model.sekolah.JenisSekolah,JenisSekolah,Jenis Sekolah,ais.database.model.sekolah,sekolah,ais.database.model.GeneralValueObject,False,True,sekolah,jenis_sekolah,False,ais\action\master\sekolah\JenisSekolahAction.java,onEvent,REVIEW_REQUIRED,mempunyai aksi khusus existing,ais\database\model\sekolah\JenisSekolah.java
ais.database.model.sekolah.JenisTinggalSiswa,JenisTinggalSiswa,Jenis Tinggal Siswa,ais.database.model.sekolah,sekolah,ais.database.model.GeneralValueObject,False,True,sekolah,jenis_tinggal_mahasiswa,False,ais\action\master\sekolah\JenisTinggalSiswaAction.java,onEvent,REVIEW_REQUIRED,mempunyai aksi khusus existing,ais\database\model\sekolah\JenisTinggalSiswa.java
ais.database.model.sekolah.KanalPembayaran,KanalPembayaran,Kanal Pembayaran,ais.database.model.sekolah,sekolah,ais.database.model.GeneralValueObject,False,True,sekolah,kanal_pembayaran,False,ais\action\master\sekolah\KanalPembayaranAction.java,onEvent,REVIEW_REQUIRED,mempunyai aksi khusus existing,ais\database\model\sekolah\KanalPembayaran.java
ais.database.model.sekolah.Kantin,Kantin,Kantin,ais.database.model.sekolah,sekolah,ais.database.model.GeneralValueObject,False,True,sekolah,kantin,False,,,ELIGIBLE_METADATA_FIRST,Kandidat CRUD metadata; tetap default disabled sampai verifikasi Hibernate/menu/scope,ais\database\model\sekolah\Kantin.java
ais.database.model.sekolah.KategoriItemPenilaianSiswa,KategoriItemPenilaianSiswa,Kategori Item Penilaian Siswa,ais.database.model.sekolah,sekolah,ais.database.model.GeneralValueObject,False,True,sekolah,kategori_item_penilaian_siswa,False,ais\action\master\sekolah\KategoriItemPenilaianSiswaAction.java,onEvent,REVIEW_REQUIRED,nama mengindikasikan data transaksi/log/internal: Temp; mempunyai aksi khusus existing,ais\database\model\sekolah\KategoriItemPenilaianSiswa.java
ais.database.model.sekolah.KategoriPrestasiGuru,KategoriPrestasiGuru,Kategori Prestasi Guru,ais.database.model.sekolah,sekolah,ais.database.model.GeneralValueObject,False,True,sekolah,kategori_prestasi_guru,False,,,ELIGIBLE_METADATA_FIRST,Kandidat CRUD metadata; tetap default disabled sampai verifikasi Hibernate/menu/scope,ais\database\model\sekolah\KategoriPrestasiGuru.java
ais.database.model.sekolah.KategoriPrestasiSiswa,KategoriPrestasiSiswa,Kategori Prestasi Siswa,ais.database.model.sekolah,sekolah,ais.database.model.GeneralValueObject,False,True,sekolah,kategori_prestasi_siswa,False,ais\action\master\sekolah\KategoriPrestasiSiswaAction.java,onEvent,REVIEW_REQUIRED,mempunyai aksi khusus existing,ais\database\model\sekolah\KategoriPrestasiSiswa.java
ais.database.model.sekolah.KebutuhanKhususSiswa,KebutuhanKhususSiswa,Kebutuhan Khusus Siswa,ais.database.model.sekolah,sekolah,ais.database.model.GeneralValueObject,False,True,sekolah,kebutuhan_khusus_siswa,False,ais\action\master\sekolah\KebutuhanKhususSiswaAction.java,onEvent,REVIEW_REQUIRED,mempunyai aksi khusus existing,ais\database\model\sekolah\KebutuhanKhususSiswa.java
ais.database.model.sekolah.KegiatanKesiswaan,KegiatanKesiswaan,Kegiatan Kesiswaan,ais.database.model.sekolah,sekolah,ais.database.model.GeneralValueObject,False,True,sekolah,kegiatan_kesiswaan,False,ais\action\master\sekolah\KegiatanKesiswaanAction.java,onKelompokKegiatanKesiswaan|onForm|onRekapBerdasarJabatan|onRekapBerdasarSkala|onRekapBerdasarKelompok|onRekapBerdasarDetailKelompok|onUploadData|onEvent|onAddExternal,REVIEW_REQUIRED,mempunyai aksi khusus existing,ais\database\model\sekolah\KegiatanKesiswaan.java
ais.database.model.sekolah.KegiatanKesiswaanPunyaSiswa,KegiatanKesiswaanPunyaSiswa,Kegiatan Kesiswaan Punya Siswa,ais.database.model.sekolah,sekolah,ais.database.model.GeneralValueObject,False,True,sekolah,kegiatan_kesiswaan_punya_siswa,False,,,ELIGIBLE_METADATA_FIRST,Kandidat CRUD metadata; tetap default disabled sampai verifikasi Hibernate/menu/scope,ais\database\model\sekolah\KegiatanKesiswaanPunyaSiswa.java
ais.database.model.sekolah.KegiatanSiswa,KegiatanSiswa,Kegiatan Siswa,ais.database.model.sekolah,sekolah,ais.database.model.GeneralValueObject,False,True,sekolah,kegiatan_siswa,False,ais\action\master\sekolah\KegiatanSiswaAction.java,onRekapData|onEvent,REVIEW_REQUIRED,mempunyai aksi khusus existing,ais\database\model\sekolah\KegiatanSiswa.java
ais.database.model.sekolah.KelasLesSiswa,KelasLesSiswa,Kelas Les Siswa,ais.database.model.sekolah,sekolah,ais.database.model.VOPembelajaran,False,True,sekolah,kelas_les,False,ais\action\master\sekolah\KelasLesSiswaAction.java,onMasa|onSertifikat|onEvent,REVIEW_REQUIRED,mempunyai aksi khusus existing,ais\database\model\sekolah\KelasLesSiswa.java
ais.database.model.sekolah.KelasLesSiswaPunyaSiswa,KelasLesSiswaPunyaSiswa,Kelas Les Siswa Punya Siswa,ais.database.model.sekolah,sekolah,ais.database.model.sekolah.VoKelasPunyaSiswa,False,True,sekolah,kelas_les_punya_siswa,False,,,ELIGIBLE_METADATA_FIRST,Kandidat CRUD metadata; tetap default disabled sampai verifikasi Hibernate/menu/scope,ais\database\model\sekolah\KelasLesSiswaPunyaSiswa.java
ais.database.model.sekolah.KelasSiswa,KelasSiswa,Kelas Siswa,ais.database.model.sekolah,sekolah,ais.database.model.VoKunci,False,True,sekolah,kelas,False,ais\action\master\sekolah\KelasSiswaAction.java,onEvent,REVIEW_REQUIRED,mempunyai aksi khusus existing,ais\database\model\sekolah\KelasSiswa.java
ais.database.model.sekolah.KelasSiswaPSB,KelasSiswaPSB,Kelas Siswa P S B,ais.database.model.sekolah,sekolah,ais.database.model.GeneralValueObject,False,True,sekolah,kelas_siswa_psb,False,ais\action\master\KelasSiswaPSBAction.java|ais\action\master\sekolah\KelasSiswaPSBAction.java,onEvent|onCetakAbsensi|onCetakBau|onCetakAlbum,REVIEW_REQUIRED,mempunyai aksi khusus existing,ais\database\model\sekolah\KelasSiswaPSB.java
ais.database.model.sekolah.KelasSiswaPunyaSiswa,KelasSiswaPunyaSiswa,Kelas Siswa Punya Siswa,ais.database.model.sekolah,sekolah,ais.database.model.sekolah.VoKelasPunyaSiswa,False,True,sekolah,kelas_punya_siswa,False,,,ELIGIBLE_METADATA_FIRST,Kandidat CRUD metadata; tetap default disabled sampai verifikasi Hibernate/menu/scope,ais\database\model\sekolah\KelasSiswaPunyaSiswa.java
ais.database.model.sekolah.KelompokGelombang,KelompokGelombang,Kelompok Gelombang,ais.database.model.sekolah,sekolah,ais.database.model.GeneralValueObject,False,True,sekolah,kelompok_gelombang,False,ais\action\master\sekolah\KelompokGelombangAction.java,onEvent,REVIEW_REQUIRED,mempunyai aksi khusus existing,ais\database\model\sekolah\KelompokGelombang.java
ais.database.model.sekolah.KelompokJamPelajaran,KelompokJamPelajaran,Kelompok Jam Pelajaran,ais.database.model.sekolah,sekolah,ais.database.model.GeneralValueObject,False,True,sekolah,kelompok_jam_pelajaran,False,ais\action\master\sekolah\KelompokJamPelajaranAction.java,onEvent,REVIEW_REQUIRED,mempunyai aksi khusus existing,ais\database\model\sekolah\KelompokJamPelajaran.java
ais.database.model.sekolah.KelompokKegiatanKesiswaan,KelompokKegiatanKesiswaan,Kelompok Kegiatan Kesiswaan,ais.database.model.sekolah,sekolah,ais.database.model.GeneralValueObject,False,True,public,kelompok_kegiatan_kesiswaan,False,ais\action\master\sekolah\KelompokKegiatanKesiswaanAction.java,onKelompokAspek|onJabatanKegiatanKesiswaan|onSkalaKegiatanKesiswaan|onNilaiKegiatanKesiswaan|onEvent,REVIEW_REQUIRED,mempunyai aksi khusus existing,ais\database\model\sekolah\KelompokKegiatanKesiswaan.java
ais.database.model.sekolah.KelompokKegiatanSiswa,KelompokKegiatanSiswa,Kelompok Kegiatan Siswa,ais.database.model.sekolah,sekolah,ais.database.model.GeneralValueObject,False,True,sekolah,kelompok_kegiatan_siswa,False,ais\action\master\sekolah\KelompokKegiatanSiswaAction.java,onEvent,REVIEW_REQUIRED,mempunyai aksi khusus existing,ais\database\model\sekolah\KelompokKegiatanSiswa.java
ais.database.model.sekolah.KelompokMatapelajaran,KelompokMatapelajaran,Kelompok Matapelajaran,ais.database.model.sekolah,sekolah,ais.database.model.GeneralValueObject,False,True,sekolah,kelompok_matapelajaran,False,ais\action\master\sekolah\KelompokMatapelajaranAction.java,onEvent,REVIEW_REQUIRED,mempunyai aksi khusus existing,ais\database\model\sekolah\KelompokMatapelajaran.java
ais.database.model.sekolah.KelompokParameterTambahanCalonSiswa,KelompokParameterTambahanCalonSiswa,Kelompok Parameter Tambahan Calon Siswa,ais.database.model.sekolah,sekolah,ais.database.model.GeneralValueObject,False,True,sekolah,kelompok_parameter_tambahan_calon_siswa,False,ais\action\master\sekolah\KelompokParameterTambahanCalonSiswaAction.java,onEvent,REVIEW_REQUIRED,mempunyai aksi khusus existing,ais\database\model\sekolah\KelompokParameterTambahanCalonSiswa.java
ais.database.model.sekolah.KelompokParameterTambahanCatatanGuru,KelompokParameterTambahanCatatanGuru,Kelompok Parameter Tambahan Catatan Guru,ais.database.model.sekolah,sekolah,ais.database.model.GeneralValueObject,False,True,sekolah,kelompok_parameter_tambahan_catatan_guru,False,ais\action\master\sekolah\KelompokParameterTambahanCatatanGuruAction.java,onEvent,REVIEW_REQUIRED,mempunyai aksi khusus existing,ais\database\model\sekolah\KelompokParameterTambahanCatatanGuru.java
ais.database.model.sekolah.KelompokParameterTambahanCatatanKelasSiswa,KelompokParameterTambahanCatatanKelasSiswa,Kelompok Parameter Tambahan Catatan Kelas Siswa,ais.database.model.sekolah,sekolah,ais.database.model.GeneralValueObject,False,True,sekolah,kelompok_parameter_tambahan_catatan_kelas_siswa,False,ais\action\master\sekolah\KelompokParameterTambahanCatatanKelasSiswaAction.java,onEvent,REVIEW_REQUIRED,mempunyai aksi khusus existing,ais\database\model\sekolah\KelompokParameterTambahanCatatanKelasSiswa.java
ais.database.model.sekolah.KelompokParameterTambahanCatatanSiswa,KelompokParameterTambahanCatatanSiswa,Kelompok Parameter Tambahan Catatan Siswa,ais.database.model.sekolah,sekolah,ais.database.model.GeneralValueObject,False,True,sekolah,kelompok_parameter_tambahan_alur_sop,False,ais\action\master\sekolah\KelompokParameterTambahanCatatanSiswaAction.java,onEvent,REVIEW_REQUIRED,mempunyai aksi khusus existing,ais\database\model\sekolah\KelompokParameterTambahanCatatanSiswa.java
ais.database.model.sekolah.KelompokPendaftaranPsb,KelompokPendaftaranPsb,Kelompok Pendaftaran Psb,ais.database.model.sekolah,sekolah,ais.database.model.sop.DataSop,False,True,sekolah,kelompok_pendaftaran_psb,False,ais\action\master\sekolah\KelompokPendaftaranPsbAction.java,onEvent,REVIEW_REQUIRED,mempunyai aksi khusus existing,ais\database\model\sekolah\KelompokPendaftaranPsb.java
ais.database.model.sekolah.KelompokStatusKeluarSiswa,KelompokStatusKeluarSiswa,Kelompok Status Keluar Siswa,ais.database.model.sekolah,sekolah,ais.database.model.GeneralValueObject,False,True,sekolah,kelompok_status_keluar_siswa,False,ais\action\master\sekolah\KelompokStatusKeluarSiswaAction.java,onEvent,REVIEW_REQUIRED,mempunyai aksi khusus existing,ais\database\model\sekolah\KelompokStatusKeluarSiswa.java
ais.database.model.sekolah.KompetensiDasarMatapelajaran,KompetensiDasarMatapelajaran,Kompetensi Dasar Matapelajaran,ais.database.model.sekolah,sekolah,ais.database.model.GeneralValueObject,False,True,sekolah,jenis_jadwal_pelajaran,False,,,ELIGIBLE_METADATA_FIRST,Kandidat CRUD metadata; tetap default disabled sampai verifikasi Hibernate/menu/scope,ais\database\model\sekolah\KompetensiDasarMatapelajaran.java
ais.database.model.sekolah.KunjunganSiswa,KunjunganSiswa,Kunjungan Siswa,ais.database.model.sekolah,sekolah,ais.database.model.GeneralValueObject,False,True,sekolah,kunjungan_siswa,False,ais\action\master\sekolah\KunjunganSiswaAction.java,onEvent|onKodeSiswa,REVIEW_REQUIRED,mempunyai aksi khusus existing,ais\database\model\sekolah\KunjunganSiswa.java
ais.database.model.sekolah.KurikulumPunyaJenisNilai,KurikulumPunyaJenisNilai,Kurikulum Punya Jenis Nilai,ais.database.model.sekolah,sekolah,ais.database.model.GeneralValueObject,False,True,sekolah,kurikulum_punya_jenis_nilai,False,,,ELIGIBLE_METADATA_FIRST,Kandidat CRUD metadata; tetap default disabled sampai verifikasi Hibernate/menu/scope,ais\database\model\sekolah\KurikulumPunyaJenisNilai.java
ais.database.model.sekolah.KurikulumPunyaMatapelajaran,KurikulumPunyaMatapelajaran,Kurikulum Punya Matapelajaran,ais.database.model.sekolah,sekolah,ais.database.model.GeneralValueObject,False,True,sekolah,kurikulum_punya_matapelajaran,False,,,ELIGIBLE_METADATA_FIRST,Kandidat CRUD metadata; tetap default disabled sampai verifikasi Hibernate/menu/scope,ais\database\model\sekolah\KurikulumPunyaMatapelajaran.java
ais.database.model.sekolah.KurikulumSekolah,KurikulumSekolah,Kurikulum Sekolah,ais.database.model.sekolah,sekolah,ais.database.model.GeneralValueObject,False,True,sekolah,kurikulum_sekolah,False,ais\action\master\sekolah\KurikulumSekolahAction.java,onEvent,REVIEW_REQUIRED,mempunyai aksi khusus existing,ais\database\model\sekolah\KurikulumSekolah.java
ais.database.model.sekolah.MasaJadwalPelajaran,MasaJadwalPelajaran,Masa Jadwal Pelajaran,ais.database.model.sekolah,sekolah,ais.database.model.VoKunci,False,True,sekolah,masa_jadwal_pelajaran,False,ais\action\master\sekolah\MasaJadwalPelajaranAction.java,onEvent|onAddExternal,REVIEW_REQUIRED,mempunyai aksi khusus existing,ais\database\model\sekolah\MasaJadwalPelajaran.java
ais.database.model.sekolah.Matapelajaran,Matapelajaran,Matapelajaran,ais.database.model.sekolah,sekolah,ais.database.model.GeneralValueObject,False,True,sekolah,matapelajaran,False,ais\action\master\sekolah\MatapelajaranAction.java,onSubMatapelajaran|onEvent,REVIEW_REQUIRED,mempunyai aksi khusus existing,ais\database\model\sekolah\Matapelajaran.java
ais.database.model.sekolah.MatapelajaranPunyaBukuBahanAjar,MatapelajaranPunyaBukuBahanAjar,Matapelajaran Punya Buku Bahan Ajar,ais.database.model.sekolah,sekolah,ais.database.model.GeneralValueObject,False,True,sekolah,matapelajaran_punya_buku_bahan_ajar,False,,,ELIGIBLE_METADATA_FIRST,Kandidat CRUD metadata; tetap default disabled sampai verifikasi Hibernate/menu/scope,ais\database\model\sekolah\MatapelajaranPunyaBukuBahanAjar.java
ais.database.model.sekolah.NilaiHurufSekolah,NilaiHurufSekolah,Nilai Huruf Sekolah,ais.database.model.sekolah,sekolah,ais.database.model.GeneralValueObject,False,True,sekolah,nilai_huruf_sekolah,False,ais\action\master\sekolah\NilaiHurufSekolahAction.java,onEvent,REVIEW_REQUIRED,mempunyai aksi khusus existing,ais\database\model\sekolah\NilaiHurufSekolah.java
ais.database.model.sekolah.NilaiKegiatanKesiswaan,NilaiKegiatanKesiswaan,Nilai Kegiatan Kesiswaan,ais.database.model.sekolah,sekolah,ais.database.model.GeneralValueObject,False,True,sekolah,nilai_kegiatan_kesiswaan,False,ais\action\master\sekolah\NilaiKegiatanKesiswaanAction.java,onEvent,REVIEW_REQUIRED,mempunyai aksi khusus existing,ais\database\model\sekolah\NilaiKegiatanKesiswaan.java
ais.database.model.sekolah.NominalBiaya,NominalBiaya,Nominal Biaya,ais.database.model.sekolah,sekolah,ais.database.model.GeneralValueObject,False,True,sekolah,nominal_biaya,False,,,ELIGIBLE_METADATA_FIRST,Kandidat CRUD metadata; tetap default disabled sampai verifikasi Hibernate/menu/scope,ais\database\model\sekolah\NominalBiaya.java
ais.database.model.sekolah.OrganisasiSiswa,OrganisasiSiswa,Organisasi Siswa,ais.database.model.sekolah,sekolah,ais.database.model.GeneralValueObject,False,True,sekolah,organisasi_siswa,False,ais\action\master\sekolah\OrganisasiSiswaAction.java,onJabatanOrganisasiSiswa|onUploadData|onEvent,REVIEW_REQUIRED,mempunyai aksi khusus existing,ais\database\model\sekolah\OrganisasiSiswa.java
ais.database.model.sekolah.OrganisasiSiswaPunyaSiswa,OrganisasiSiswaPunyaSiswa,Organisasi Siswa Punya Siswa,ais.database.model.sekolah,sekolah,ais.database.model.GeneralValueObject,False,True,sekolah,organisasi_siswa_punya_siswa,False,,,ELIGIBLE_METADATA_FIRST,Kandidat CRUD metadata; tetap default disabled sampai verifikasi Hibernate/menu/scope,ais\database\model\sekolah\OrganisasiSiswaPunyaSiswa.java
ais.database.model.sekolah.PaketPsb,PaketPsb,Paket Psb,ais.database.model.sekolah,sekolah,ais.database.model.GeneralValueObject,False,True,sekolah,paket_psb,False,ais\action\master\sekolah\PaketPsbAction.java,onEvent,REVIEW_REQUIRED,mempunyai aksi khusus existing,ais\database\model\sekolah\PaketPsb.java
ais.database.model.sekolah.PaketPsbPunyaGelombangPendaftaranPsb,PaketPsbPunyaGelombangPendaftaranPsb,Paket Psb Punya Gelombang Pendaftaran Psb,ais.database.model.sekolah,sekolah,ais.database.model.GeneralValueObject,False,True,sekolah,paket_psb_punya_gelombang_pendaftaran_psb,False,,,ELIGIBLE_METADATA_FIRST,Kandidat CRUD metadata; tetap default disabled sampai verifikasi Hibernate/menu/scope,ais\database\model\sekolah\PaketPsbPunyaGelombangPendaftaranPsb.java
ais.database.model.sekolah.ParameterTambahanCatatanGuru,ParameterTambahanCatatanGuru,Parameter Tambahan Catatan Guru,ais.database.model.sekolah,sekolah,ais.database.model.GeneralValueObject,False,True,sekolah,parameter_tambahan_catatan_guru,False,ais\action\master\sekolah\ParameterTambahanCatatanGuruAction.java,onResetParameter|onManajemenKelompok|onManajemenParameter|onEvent,REVIEW_REQUIRED,mempunyai aksi khusus existing,ais\database\model\sekolah\ParameterTambahanCatatanGuru.java
ais.database.model.sekolah.ParameterTambahanCatatanKelasSiswa,ParameterTambahanCatatanKelasSiswa,Parameter Tambahan Catatan Kelas Siswa,ais.database.model.sekolah,sekolah,ais.database.model.GeneralValueObject,False,True,sekolah,parameter_tambahan_catatan_kelas_siswa,False,ais\action\master\sekolah\ParameterTambahanCatatanKelasSiswaAction.java,onResetParameter|onManajemenKelompok|onManajemenParameter|onEvent,REVIEW_REQUIRED,mempunyai aksi khusus existing,ais\database\model\sekolah\ParameterTambahanCatatanKelasSiswa.java
ais.database.model.sekolah.ParameterTambahanCatatanSiswa,ParameterTambahanCatatanSiswa,Parameter Tambahan Catatan Siswa,ais.database.model.sekolah,sekolah,ais.database.model.GeneralValueObject,False,True,sekolah,parameter_tambahan_alur_sop,False,ais\action\master\sekolah\ParameterTambahanCatatanSiswaAction.java,onResetParameter|onManajemenKelompok|onManajemenParameter|onEvent,REVIEW_REQUIRED,mempunyai aksi khusus existing,ais\database\model\sekolah\ParameterTambahanCatatanSiswa.java
ais.database.model.sekolah.ParameterTambahanGelombangPendaftaranPsb,ParameterTambahanGelombangPendaftaranPsb,Parameter Tambahan Gelombang Pendaftaran Psb,ais.database.model.sekolah,sekolah,ais.database.model.GeneralValueObject,False,True,sekolah,parameter_tambahan_gelombang_pendaftaran_psb,False,ais\action\master\sekolah\ParameterTambahanGelombangPendaftaranPsbAction.java,onResetParameter|onManajemenKelompok|onManajemenParameter|onEvent,REVIEW_REQUIRED,mempunyai aksi khusus existing,ais\database\model\sekolah\ParameterTambahanGelombangPendaftaranPsb.java
ais.database.model.sekolah.ParameterTambahanKegiatanSiswa,ParameterTambahanKegiatanSiswa,Parameter Tambahan Kegiatan Siswa,ais.database.model.sekolah,sekolah,ais.database.model.GeneralValueObject,False,True,sekolah,parameter_tambahan_kegiatan_siswa,False,ais\action\master\sekolah\ParameterTambahanKegiatanSiswaAction.java,onResetParameter|onEvent,REVIEW_REQUIRED,mempunyai aksi khusus existing,ais\database\model\sekolah\ParameterTambahanKegiatanSiswa.java
ais.database.model.sekolah.ParameterVerifikasiCalonSiswa,ParameterVerifikasiCalonSiswa,Parameter Verifikasi Calon Siswa,ais.database.model.sekolah,sekolah,ais.database.model.GeneralValueObject,False,True,sekolah,parameter_verifikasi_calon_siswa,False,ais\action\master\sekolah\ParameterVerifikasiCalonSiswaAction.java,onEvent,REVIEW_REQUIRED,mempunyai aksi khusus existing,ais\database\model\sekolah\ParameterVerifikasiCalonSiswa.java
ais.database.model.sekolah.PekerjaanOrtuSiswa,PekerjaanOrtuSiswa,Pekerjaan Ortu Siswa,ais.database.model.sekolah,sekolah,ais.database.model.GeneralValueObject,False,True,sekolah,pekerjaan_ortu_siswa,False,ais\action\master\sekolah\PekerjaanOrtuSiswaAction.java,onEvent,REVIEW_REQUIRED,mempunyai aksi khusus existing,ais\database\model\sekolah\PekerjaanOrtuSiswa.java
ais.database.model.sekolah.Pelanggaran,Pelanggaran,Pelanggaran,ais.database.model.sekolah,sekolah,ais.database.model.GeneralValueObject,False,True,sekolah,pelanggaran,False,ais\action\master\sekolah\PelanggaranAction.java,onEvent|onDasbor,REVIEW_REQUIRED,mempunyai aksi khusus existing,ais\database\model\sekolah\Pelanggaran.java
ais.database.model.sekolah.PelanggaranDanHukuman,PelanggaranDanHukuman,Pelanggaran Dan Hukuman,ais.database.model.sekolah,sekolah,ais.database.model.GeneralValueObject,False,True,sekolah,pelanggaran_dan_hukuman,False,ais\action\master\sekolah\PelanggaranDanHukumanAction.java,onEvent|onDasbor,REVIEW_REQUIRED,mempunyai aksi khusus existing,ais\database\model\sekolah\PelanggaranDanHukuman.java
ais.database.model.sekolah.PelanggaranSiswa,PelanggaranSiswa,Pelanggaran Siswa,ais.database.model.sekolah,sekolah,ais.database.model.GeneralValueObject,False,True,sekolah,pelanggaran_siswa,False,ais\action\master\sekolah\PelanggaranSiswaAction.java,onEvent|onDasbor,REVIEW_REQUIRED,mempunyai aksi khusus existing,ais\database\model\sekolah\PelanggaranSiswa.java
ais.database.model.sekolah.PembayaranSiswa,PembayaranSiswa,Pembayaran Siswa,ais.database.model.sekolah,sekolah,ais.database.model.GeneralValueObject,False,True,sekolah,pembayaran_siswa,False,ais\action\master\sekolah\PembayaranSiswaAction.java,onEvent,REVIEW_REQUIRED,mempunyai aksi khusus existing,ais\database\model\sekolah\PembayaranSiswa.java
ais.database.model.sekolah.PembayaranSiswaDetail,PembayaranSiswaDetail,Pembayaran Siswa Detail,ais.database.model.sekolah,sekolah,ais.database.model.GeneralValueObject,False,True,sekolah,pembayaran_siswa_detail,False,,,ELIGIBLE_METADATA_FIRST,Kandidat CRUD metadata; tetap default disabled sampai verifikasi Hibernate/menu/scope,ais\database\model\sekolah\PembayaranSiswaDetail.java
ais.database.model.sekolah.PembelianSiswa,PembelianSiswa,Pembelian Siswa,ais.database.model.sekolah,sekolah,ais.database.model.GeneralValueObject,False,True,sekolah,pembelian_siswa,False,,,ELIGIBLE_METADATA_FIRST,Kandidat CRUD metadata; tetap default disabled sampai verifikasi Hibernate/menu/scope,ais\database\model\sekolah\PembelianSiswa.java
ais.database.model.sekolah.PembinaSiswa,PembinaSiswa,Pembina Siswa,ais.database.model.sekolah,sekolah,ais.database.model.GeneralValueObject,False,True,sekolah,pembina_siswa,False,ais\action\master\sekolah\PembinaSiswaAction.java,onEvent,REVIEW_REQUIRED,mempunyai aksi khusus existing,ais\database\model\sekolah\PembinaSiswa.java
ais.database.model.sekolah.PendidikanOrangTuaSiswa,PendidikanOrangTuaSiswa,Pendidikan Orang Tua Siswa,ais.database.model.sekolah,sekolah,ais.database.model.GeneralValueObject,False,True,sekolah,pendidikan_orang_tua_siswa,False,ais\action\master\sekolah\PendidikanOrangTuaSiswaAction.java,onEvent,REVIEW_REQUIRED,mempunyai aksi khusus existing,ais\database\model\sekolah\PendidikanOrangTuaSiswa.java
ais.database.model.sekolah.PengajuanSiswa,PengajuanSiswa,Pengajuan Siswa,ais.database.model.sekolah,sekolah,ais.database.model.sop.DataSop,False,True,public,pengajuan_siswa,False,ais\action\master\sekolah\PengajuanSiswaAction.java,onLaporan|onJenisPengajuan|onTampilAsrama|onTampilAsrama1|onTampilAsrama2|onTampilAsrama3|onManajemenParameter|onEvent|onKHS,REVIEW_REQUIRED,mempunyai aksi khusus existing,ais\database\model\sekolah\PengajuanSiswa.java
ais.database.model.sekolah.PengaturanBiaya,PengaturanBiaya,Pengaturan Biaya,ais.database.model.sekolah,sekolah,ais.database.model.GeneralValueObject,False,True,sekolah,pengaturan_biaya,False,ais\action\master\sekolah\PengaturanBiayaAction.java,onEvent|onProgress,REVIEW_REQUIRED,mempunyai aksi khusus existing,ais\database\model\sekolah\PengaturanBiaya.java
ais.database.model.sekolah.PengaturanBiayaItemBiaya,PengaturanBiayaItemBiaya,Pengaturan Biaya Item Biaya,ais.database.model.sekolah,sekolah,ais.database.model.GeneralValueObject,False,True,sekolah,pengaturan_biaya_item_biaya,False,,,ELIGIBLE_METADATA_FIRST,Kandidat CRUD metadata; tetap default disabled sampai verifikasi Hibernate/menu/scope,ais\database\model\sekolah\PengaturanBiayaItemBiaya.java
ais.database.model.sekolah.PengaturanBiayaPunyaSiswa,PengaturanBiayaPunyaSiswa,Pengaturan Biaya Punya Siswa,ais.database.model.sekolah,sekolah,ais.database.model.GeneralValueObject,False,True,sekolah,pengaturan_biaya_punya_siswa,False,,,ELIGIBLE_METADATA_FIRST,Kandidat CRUD metadata; tetap default disabled sampai verifikasi Hibernate/menu/scope,ais\database\model\sekolah\PengaturanBiayaPunyaSiswa.java
ais.database.model.sekolah.Penghargaan,Penghargaan,Penghargaan,ais.database.model.sekolah,sekolah,ais.database.model.GeneralValueObject,False,True,sekolah,penghargaan,False,ais\action\master\sekolah\PenghargaanAction.java,onEvent,REVIEW_REQUIRED,mempunyai aksi khusus existing,ais\database\model\sekolah\Penghargaan.java
ais.database.model.sekolah.PenghargaanSiswa,PenghargaanSiswa,Penghargaan Siswa,ais.database.model.sekolah,sekolah,ais.database.model.GeneralValueObject,False,True,sekolah,penghargaan_siswa,False,ais\action\master\sekolah\PenghargaanSiswaAction.java,onKategoriPenghargaan|onEvent,REVIEW_REQUIRED,mempunyai aksi khusus existing,ais\database\model\sekolah\PenghargaanSiswa.java
ais.database.model.sekolah.PenghasilanOrangTuaSiswa,PenghasilanOrangTuaSiswa,Penghasilan Orang Tua Siswa,ais.database.model.sekolah,sekolah,ais.database.model.GeneralValueObject,False,True,sekolah,penghasilan_orang_tua_siswa,False,ais\action\master\sekolah\PenghasilanOrangTuaSiswaAction.java,onEvent,REVIEW_REQUIRED,mempunyai aksi khusus existing,ais\database\model\sekolah\PenghasilanOrangTuaSiswa.java
ais.database.model.sekolah.PengumumanJadwalPelajaran,PengumumanJadwalPelajaran,Pengumuman Jadwal Pelajaran,ais.database.model.sekolah,sekolah,ais.database.model.GeneralValueObject,False,True,sekolah,pengumuman_jadwal_pelajaran,False,,,ELIGIBLE_METADATA_FIRST,Kandidat CRUD metadata; tetap default disabled sampai verifikasi Hibernate/menu/scope,ais\database\model\sekolah\PengumumanJadwalPelajaran.java
ais.database.model.sekolah.PenjurusanSekolah,PenjurusanSekolah,Penjurusan Sekolah,ais.database.model.sekolah,sekolah,ais.database.model.GeneralValueObject,False,True,sekolah,penjurusan_sekolah,False,ais\action\master\sekolah\PenjurusanSekolahAction.java,onEvent,REVIEW_REQUIRED,mempunyai aksi khusus existing,ais\database\model\sekolah\PenjurusanSekolah.java
ais.database.model.sekolah.PenugasanGuruMengajar,PenugasanGuruMengajar,Penugasan Guru Mengajar,ais.database.model.sekolah,sekolah,ais.database.model.GeneralValueObject,False,True,sekolah,penugasan_guru_mengajar,False,ais\action\master\sekolah\PenugasanGuruMengajarAction.java,onEvent,REVIEW_REQUIRED,mempunyai aksi khusus existing,ais\database\model\sekolah\PenugasanGuruMengajar.java
ais.database.model.sekolah.PrestasiGuru,PrestasiGuru,Prestasi Guru,ais.database.model.sekolah,sekolah,ais.database.model.GeneralValueObject,False,True,sekolah,prestasi_guru,False,,,ELIGIBLE_METADATA_FIRST,Kandidat CRUD metadata; tetap default disabled sampai verifikasi Hibernate/menu/scope,ais\database\model\sekolah\PrestasiGuru.java
ais.database.model.sekolah.PrestasiSiswa,PrestasiSiswa,Prestasi Siswa,ais.database.model.sekolah,sekolah,ais.database.model.GeneralValueObject,False,True,sekolah,prestasi_siswa,False,ais\action\master\sekolah\PrestasiSiswaAction.java,onDasbor|onKategoriPrestasiSiswa|onCabangPrestasiSiswa|onRekapCabang|onRekapKategori|onEvent,REVIEW_REQUIRED,mempunyai aksi khusus existing,ais\database\model\sekolah\PrestasiSiswa.java
ais.database.model.sekolah.RuangGelombangPendaftaranPsbPSB,RuangGelombangPendaftaranPsbPSB,Ruang Gelombang Pendaftaran Psb P S B,ais.database.model.sekolah,sekolah,ais.database.model.GeneralValueObject,False,True,sekolah,ruang_gelombang_psb,False,,,ELIGIBLE_METADATA_FIRST,Kandidat CRUD metadata; tetap default disabled sampai verifikasi Hibernate/menu/scope,ais\database\model\sekolah\RuangGelombangPendaftaranPsbPSB.java
ais.database.model.sekolah.RuangPSB,RuangPSB,Ruang P S B,ais.database.model.sekolah,sekolah,ais.database.model.GeneralValueObject,False,True,sekolah,ruang_psb,False,ais\action\master\sekolah\RuangPSBAction.java,onEvent|onCetakAbsensi|onCetakBau|onCetakAlbum,REVIEW_REQUIRED,mempunyai aksi khusus existing,ais\database\model\sekolah\RuangPSB.java
ais.database.model.sekolah.Sekolah,Sekolah,Sekolah,ais.database.model.sekolah,sekolah,ais.database.model.VoKunci,False,True,sekolah,sekolah,True,ais\action\master\sekolah\SekolahAction.java,onEvent,REVIEW_REQUIRED,membutuhkan adapter foto; mempunyai aksi khusus existing,ais\database\model\sekolah\Sekolah.java
ais.database.model.sekolah.Siswa,Siswa,Siswa,ais.database.model.sekolah,sekolah,ais.database.model.VOSiswa,False,True,sekolah,siswa,True,ais\action\master\sekolah\SiswaAction.java,onUploadRfid|onDownloadRfid|onEvent|onKartuSiswa|onFormTambahan|onManajemenKelas|onKegiatanKesiswaan|onTampilTranskripAkademik|onStatistik|onManajemenAsrama|onManajemenKelompokStatusKeluarSiswa|onUploadPasswordSiswa|onDownloadFoto|onAddExternal|onDownloadFotoMassal|onUploadFotoMassal,REVIEW_REQUIRED,membutuhkan adapter foto; mempunyai aksi khusus existing,ais\database\model\sekolah\Siswa.java
ais.database.model.sekolah.SkalaKegiatanKesiswaan,SkalaKegiatanKesiswaan,Skala Kegiatan Kesiswaan,ais.database.model.sekolah,sekolah,ais.database.model.GeneralValueObject,False,True,sekolah,skala_kegiatan_kesiswaan,False,ais\action\master\sekolah\SkalaKegiatanKesiswaanAction.java,onEvent,REVIEW_REQUIRED,mempunyai aksi khusus existing,ais\database\model\sekolah\SkalaKegiatanKesiswaan.java
ais.database.model.sekolah.StatusAwalSiswa,StatusAwalSiswa,Status Awal Siswa,ais.database.model.sekolah,sekolah,ais.database.model.GeneralValueObject,False,True,sekolah,status_awal_siswa,False,ais\action\master\sekolah\StatusAwalSiswaAction.java,onEvent,REVIEW_REQUIRED,mempunyai aksi khusus existing,ais\database\model\sekolah\StatusAwalSiswa.java
ais.database.model.sekolah.StatusKeluarSiswa,StatusKeluarSiswa,Status Keluar Siswa,ais.database.model.sekolah,sekolah,ais.database.model.GeneralValueObject,False,True,sekolah,status_keluar_siswa,False,ais\action\master\sekolah\StatusKeluarSiswaAction.java,onEvent,REVIEW_REQUIRED,mempunyai aksi khusus existing,ais\database\model\sekolah\StatusKeluarSiswa.java
ais.database.model.sekolah.SubMatapelajaran,SubMatapelajaran,Sub Matapelajaran,ais.database.model.sekolah,sekolah,ais.database.model.GeneralValueObject,False,True,sekolah,sub_matapelajaran,False,ais\action\master\sekolah\SubMatapelajaranAction.java,onEvent,REVIEW_REQUIRED,mempunyai aksi khusus existing,ais\database\model\sekolah\SubMatapelajaran.java
ais.database.model.sekolah.Tagihan,Tagihan,Tagihan,ais.database.model.sekolah,sekolah,ais.database.model.GeneralValueObject,False,True,sekolah,tagihan,False,ais\action\master\sekolah\TagihanAction.java,onEvent,REVIEW_REQUIRED,mempunyai aksi khusus existing,ais\database\model\sekolah\Tagihan.java
ais.database.model.sekolah.UjianPSB,UjianPSB,Ujian P S B,ais.database.model.sekolah,sekolah,ais.database.model.GeneralValueObject,False,True,sekolah,ujian_psb,False,ais\action\master\sekolah\UjianPSBAction.java,onEvent,REVIEW_REQUIRED,mempunyai aksi khusus existing,ais\database\model\sekolah\UjianPSB.java
ais.database.model.sekolah.UploadTransaksiPembelianSiswa,UploadTransaksiPembelianSiswa,Upload Transaksi Pembelian Siswa,ais.database.model.sekolah,sekolah,ais.database.model.GeneralValueObject,False,True,sekolah,upload_transaksi_pembelian_siswa,False,,,ELIGIBLE_METADATA_FIRST,Kandidat CRUD metadata; tetap default disabled sampai verifikasi Hibernate/menu/scope,ais\database\model\sekolah\UploadTransaksiPembelianSiswa.java
ais.database.model.sekolah.VerifikasiKelengkapanCalonSiswa,VerifikasiKelengkapanCalonSiswa,Verifikasi Kelengkapan Calon Siswa,ais.database.model.sekolah,sekolah,ais.database.model.GeneralValueObject,False,True,public,verifikasi_kelengkapan_calon_siswa,True,ais\action\master\sekolah\VerifikasiKelengkapanCalonSiswaAction.java,onEvent,REVIEW_REQUIRED,membutuhkan adapter foto; mempunyai aksi khusus existing,ais\database\model\sekolah\VerifikasiKelengkapanCalonSiswa.java
ais.database.model.sekolah.VoKelasPunyaSiswa,VoKelasPunyaSiswa,Vo Kelas Punya Siswa,ais.database.model.sekolah,sekolah,ais.database.model.GeneralValueObject,True,False,,,False,,,EXCLUDED_ABSTRACT,Class abstract,ais\database\model\sekolah\VoKelasPunyaSiswa.java
ais.database.model.sekolah.Yayasan,Yayasan,Yayasan,ais.database.model.sekolah,sekolah,ais.database.model.VoKunci,False,True,sekolah,yayasan,True,ais\action\master\sekolah\YayasanAction.java,onEvent,REVIEW_REQUIRED,membutuhkan adapter foto; mempunyai aksi khusus existing,ais\database\model\sekolah\Yayasan.java
ais.database.model.sirkulasisurat.KembaliSuratItem,KembaliSuratItem,Kembali Surat Item,ais.database.model.sirkulasisurat,sirkulasisurat,ais.database.model.sop.DataSop,False,True,surat,kembali_surat_item,False,ais\action\master\sirkulasisurat\KembaliSuratItemAction.java,onEvent|onKodePeminjamSurat,REVIEW_REQUIRED,mempunyai aksi khusus existing,ais\database\model\sirkulasisurat\KembaliSuratItem.java
ais.database.model.sirkulasisurat.KembaliSuratItemDetail,KembaliSuratItemDetail,Kembali Surat Item Detail,ais.database.model.sirkulasisurat,sirkulasisurat,ais.database.model.GeneralValueObject,False,True,surat,kembali_surat_item_detail,False,ais\action\master\sirkulasisurat\helper\KembaliSuratItemDetailAction.java,onEvent,REVIEW_REQUIRED,mempunyai aksi khusus existing,ais\database\model\sirkulasisurat\KembaliSuratItemDetail.java
ais.database.model.sirkulasisurat.PeminjamSurat,PeminjamSurat,Peminjam Surat,ais.database.model.sirkulasisurat,sirkulasisurat,ais.database.model.GeneralValueObject,False,True,surat,Peminjam_surat,False,ais\action\master\sirkulasisurat\PeminjamSuratAction.java,onEvent,REVIEW_REQUIRED,mempunyai aksi khusus existing,ais\database\model\sirkulasisurat\PeminjamSurat.java
ais.database.model.sirkulasisurat.PeminjamanSuratItem,PeminjamanSuratItem,Peminjaman Surat Item,ais.database.model.sirkulasisurat,sirkulasisurat,ais.database.model.sop.DataSop,False,True,surat,peminjaman_surat_item,False,ais\action\master\sirkulasisurat\PeminjamanSuratItemAction.java,onEvent|onKodePeminjamSurat,REVIEW_REQUIRED,mempunyai aksi khusus existing,ais\database\model\sirkulasisurat\PeminjamanSuratItem.java
ais.database.model.sirkulasisurat.PeminjamanSuratItemDetail,PeminjamanSuratItemDetail,Peminjaman Surat Item Detail,ais.database.model.sirkulasisurat,sirkulasisurat,ais.database.model.GeneralValueObject,False,True,surat,peminjaman_surat_item_detail,False,ais\action\master\sirkulasisurat\helper\PeminjamanSuratItemDetailAction.java,onEvent,REVIEW_REQUIRED,mempunyai aksi khusus existing,ais\database\model\sirkulasisurat\PeminjamanSuratItemDetail.java
ais.database.model.sirs.AlatMedis,AlatMedis,Alat Medis,ais.database.model.sirs,sirs,ais.database.model.GeneralValueObject,False,True,sirs,alat_medis,False,ais\action\master\sirs\AlatMedisAction.java,onEvent|onUploadBiaya|onDownloadBiaya|onCetakBiayaAlatMedis,REVIEW_REQUIRED,mempunyai aksi khusus existing,ais\database\model\sirs\AlatMedis.java
ais.database.model.sirs.AlatMedisDiagnosaPenyakit,AlatMedisDiagnosaPenyakit,Alat Medis Diagnosa Penyakit,ais.database.model.sirs,sirs,ais.database.model.GeneralValueObject,False,True,sirs,alat_medis_diagnosa_penyakit,False,,,ELIGIBLE_METADATA_FIRST,Kandidat CRUD metadata; tetap default disabled sampai verifikasi Hibernate/menu/scope,ais\database\model\sirs\AlatMedisDiagnosaPenyakit.java
ais.database.model.sirs.AlergiPasien,AlergiPasien,Alergi Pasien,ais.database.model.sirs,sirs,ais.database.model.GeneralValueObject,False,True,sirs,alergi_pasien,False,,,ELIGIBLE_METADATA_FIRST,Kandidat CRUD metadata; tetap default disabled sampai verifikasi Hibernate/menu/scope,ais\database\model\sirs\AlergiPasien.java
ais.database.model.sirs.Asuransi,Asuransi,Asuransi,ais.database.model.sirs,sirs,ais.database.model.GeneralValueObject,False,True,sirs,asuransi,False,ais\action\master\sirs\AsuransiAction.java,onEvent,REVIEW_REQUIRED,mempunyai aksi khusus existing,ais\database\model\sirs\Asuransi.java
ais.database.model.sirs.Bagian,Bagian,Bagian,ais.database.model.sirs,sirs,ais.database.model.GeneralValueObject,False,True,sirs,bagian,False,ais\action\master\sirs\BagianAction.java,onEvent,REVIEW_REQUIRED,mempunyai aksi khusus existing,ais\database\model\sirs\Bagian.java
ais.database.model.sirs.BahanBakuItem,BahanBakuItem,Bahan Baku Item,ais.database.model.sirs,sirs,ais.database.model.GeneralValueObject,False,True,sirs,bahan_baku_item,False,,,ELIGIBLE_METADATA_FIRST,Kandidat CRUD metadata; tetap default disabled sampai verifikasi Hibernate/menu/scope,ais\database\model\sirs\BahanBakuItem.java
ais.database.model.sirs.Biaya,Biaya,Biaya,ais.database.model.sirs,sirs,ais.database.model.GeneralValueObject,False,True,sirs,biaya,False,,,ELIGIBLE_METADATA_FIRST,Kandidat CRUD metadata; tetap default disabled sampai verifikasi Hibernate/menu/scope,ais\database\model\sirs\Biaya.java
ais.database.model.sirs.BiayaAlatMedisPerKelas,BiayaAlatMedisPerKelas,Biaya Alat Medis Per Kelas,ais.database.model.sirs,sirs,ais.database.model.GeneralValueObject,False,True,sirs,biaya_alat_medis_per_kelas,False,,,ELIGIBLE_METADATA_FIRST,Kandidat CRUD metadata; tetap default disabled sampai verifikasi Hibernate/menu/scope,ais\database\model\sirs\BiayaAlatMedisPerKelas.java
ais.database.model.sirs.BiayaTindakanPerKelas,BiayaTindakanPerKelas,Biaya Tindakan Per Kelas,ais.database.model.sirs,sirs,ais.database.model.GeneralValueObject,False,True,sirs,biaya_tindakan_per_kelas,False,,,ELIGIBLE_METADATA_FIRST,Kandidat CRUD metadata; tetap default disabled sampai verifikasi Hibernate/menu/scope,ais\database\model\sirs\BiayaTindakanPerKelas.java
ais.database.model.sirs.BookingRegistrasi,BookingRegistrasi,Booking Registrasi,ais.database.model.sirs,sirs,ais.database.model.GeneralValueObject,False,True,sirs,booking_registrasi,False,ais\action\master\sirs\BookingRegistrasiAction.java,onEvent,REVIEW_REQUIRED,mempunyai aksi khusus existing,ais\database\model\sirs\BookingRegistrasi.java
ais.database.model.sirs.CetakKartuPasien,CetakKartuPasien,Cetak Kartu Pasien,ais.database.model.sirs,sirs,ais.database.model.GeneralValueObject,False,True,sirs,cetak_kartu_pasien,False,ais\action\master\sirs\CetakKartuPasienAction.java,onEvent|onCetakKartu,REVIEW_REQUIRED,mempunyai aksi khusus existing,ais\database\model\sirs\CetakKartuPasien.java
ais.database.model.sirs.DataPasienKeluar,DataPasienKeluar,Data Pasien Keluar,ais.database.model.sirs,sirs,ais.database.model.GeneralValueObject,False,True,sirs,data_pasien_keluar,False,ais\action\master\sirs\DataPasienKeluarAction.java,onEvent,REVIEW_REQUIRED,mempunyai aksi khusus existing,ais\database\model\sirs\DataPasienKeluar.java
ais.database.model.sirs.DepositPasien,DepositPasien,Deposit Pasien,ais.database.model.sirs,sirs,ais.database.model.GeneralValueObject,False,True,sirs,deposit_pasien,False,,,ELIGIBLE_METADATA_FIRST,Kandidat CRUD metadata; tetap default disabled sampai verifikasi Hibernate/menu/scope,ais\database\model\sirs\DepositPasien.java
ais.database.model.sirs.DepositPunyaPembayaran,DepositPunyaPembayaran,Deposit Punya Pembayaran,ais.database.model.sirs,sirs,ais.database.model.GeneralValueObject,False,True,sirs,deposit_punya_pembayaran,False,,,ELIGIBLE_METADATA_FIRST,Kandidat CRUD metadata; tetap default disabled sampai verifikasi Hibernate/menu/scope,ais\database\model\sirs\DepositPunyaPembayaran.java
ais.database.model.sirs.DetailTransaksiLayanan,DetailTransaksiLayanan,Detail Transaksi Layanan,ais.database.model.sirs,sirs,ais.database.model.GeneralValueObject,False,True,sirs,detail_transaksi_layanan,False,,,ELIGIBLE_METADATA_FIRST,Kandidat CRUD metadata; tetap default disabled sampai verifikasi Hibernate/menu/scope,ais\database\model\sirs\DetailTransaksiLayanan.java
ais.database.model.sirs.DetailTransaksiPasien,DetailTransaksiPasien,Detail Transaksi Pasien,ais.database.model.sirs,sirs,ais.database.model.GeneralValueObject,False,True,sirs,detail_transaksi_pasien,False,,,ELIGIBLE_METADATA_FIRST,Kandidat CRUD metadata; tetap default disabled sampai verifikasi Hibernate/menu/scope,ais\database\model\sirs\DetailTransaksiPasien.java
ais.database.model.sirs.DiagnosaPenyakit,DiagnosaPenyakit,Diagnosa Penyakit,ais.database.model.sirs,sirs,ais.database.model.GeneralValueObject,False,True,sirs,diagnosa_penyakit,False,ais\action\master\sirs\DiagnosaPenyakitAction.java,onEvent|onProcessDelete,REVIEW_REQUIRED,mempunyai aksi khusus existing,ais\database\model\sirs\DiagnosaPenyakit.java
ais.database.model.sirs.DiagnosaPenyakitPunyaPemeriksaan,DiagnosaPenyakitPunyaPemeriksaan,Diagnosa Penyakit Punya Pemeriksaan,ais.database.model.sirs,sirs,ais.database.model.GeneralValueObject,False,True,sirs,diagnosa_penyakit_punya_pemeriksaan,False,,,ELIGIBLE_METADATA_FIRST,Kandidat CRUD metadata; tetap default disabled sampai verifikasi Hibernate/menu/scope,ais\database\model\sirs\DiagnosaPenyakitPunyaPemeriksaan.java
ais.database.model.sirs.Diskon,Diskon,Diskon,ais.database.model.sirs,sirs,ais.database.model.GeneralValueObject,False,True,sirs,diskon,False,ais\action\master\sirs\DiskonAction.java,onEvent,REVIEW_REQUIRED,mempunyai aksi khusus existing,ais\database\model\sirs\Diskon.java
ais.database.model.sirs.DiskonDetail,DiskonDetail,Diskon Detail,ais.database.model.sirs,sirs,ais.database.model.GeneralValueObject,False,True,sirs,diskon_detail,False,ais\action\master\sirs\detail\DiskonDetailAction.java,onEvent,REVIEW_REQUIRED,mempunyai aksi khusus existing,ais\database\model\sirs\DiskonDetail.java
ais.database.model.sirs.Dokter,Dokter,Dokter,ais.database.model.sirs,sirs,ais.database.model.GeneralValueObject,False,True,sirs,dokter,False,ais\action\master\sirs\DokterAction.java,onEvent,REVIEW_REQUIRED,mempunyai aksi khusus existing,ais\database\model\sirs\Dokter.java
ais.database.model.sirs.Dusun,Dusun,Dusun,ais.database.model.sirs,sirs,ais.database.model.GeneralValueObject,False,True,sirs,dusun,False,ais\action\master\sirs\DusunAction.java,onEvent,REVIEW_REQUIRED,mempunyai aksi khusus existing,ais\database\model\sirs\Dusun.java
ais.database.model.sirs.GenerikItem,GenerikItem,Generik Item,ais.database.model.sirs,sirs,ais.database.model.GeneralValueObject,False,True,sirs,generik_item,False,ais\action\master\sirs\GenerikItemAction.java,onEvent,REVIEW_REQUIRED,mempunyai aksi khusus existing,ais\database\model\sirs\GenerikItem.java
ais.database.model.sirs.Gudang,Gudang,Gudang,ais.database.model.sirs,sirs,ais.database.model.GeneralValueObject,False,True,sirs,gudang,False,ais\action\master\sirs\GudangAction.java,onEvent,REVIEW_REQUIRED,mempunyai aksi khusus existing,ais\database\model\sirs\Gudang.java
ais.database.model.sirs.HargaBeliItem,HargaBeliItem,Harga Beli Item,ais.database.model.sirs,sirs,ais.database.model.GeneralValueObject,False,True,sirs,harga_beli_item,False,ais\action\master\sirs\helper\HargaBeliItemAction.java,onEvent,REVIEW_REQUIRED,mempunyai aksi khusus existing,ais\database\model\sirs\HargaBeliItem.java
ais.database.model.sirs.HargaJualItem,HargaJualItem,Harga Jual Item,ais.database.model.sirs,sirs,ais.database.model.GeneralValueObject,False,True,sirs,harga_jual_item,False,ais\action\master\sirs\HargaJualItemAction.java|ais\action\master\sirs\helper\HargaJualItemAction.java,onEvent,REVIEW_REQUIRED,mempunyai aksi khusus existing,ais\database\model\sirs\HargaJualItem.java
ais.database.model.sirs.Icd,Icd,Icd,ais.database.model.sirs,sirs,ais.database.model.GeneralValueObject,False,True,sirs,icd,False,ais\action\master\sirs\IcdAction.java,onEvent,REVIEW_REQUIRED,mempunyai aksi khusus existing,ais\database\model\sirs\Icd.java
ais.database.model.sirs.Instalasi,Instalasi,Instalasi,ais.database.model.sirs,sirs,ais.database.model.GeneralValueObject,False,True,sirs,instalasi,False,,,ELIGIBLE_METADATA_FIRST,Kandidat CRUD metadata; tetap default disabled sampai verifikasi Hibernate/menu/scope,ais\database\model\sirs\Instalasi.java
ais.database.model.sirs.ItemDiagnosaPenyakit,ItemDiagnosaPenyakit,Item Diagnosa Penyakit,ais.database.model.sirs,sirs,ais.database.model.GeneralValueObject,False,True,sirs,item_diagnosa_penyakit,False,,,ELIGIBLE_METADATA_FIRST,Kandidat CRUD metadata; tetap default disabled sampai verifikasi Hibernate/menu/scope,ais\database\model\sirs\ItemDiagnosaPenyakit.java
ais.database.model.sirs.ItemMedis,ItemMedis,Item Medis,ais.database.model.sirs,sirs,ais.database.model.GeneralValueObject,False,True,sirs,item_medis,False,ais\action\master\sirs\ItemMedisAction.java,onEvent|onUploadBiaya|onDownloadBiaya|onCetakHargaJual|onCetakHargaBeli,REVIEW_REQUIRED,mempunyai aksi khusus existing,ais\database\model\sirs\ItemMedis.java
ais.database.model.sirs.JadwalDokter,JadwalDokter,Jadwal Dokter,ais.database.model.sirs,sirs,ais.database.model.GeneralValueObject,False,True,sirs,jadwal_dokter,False,ais\action\master\sirs\JadwalDokterAction.java,onEvent,REVIEW_REQUIRED,mempunyai aksi khusus existing,ais\database\model\sirs\JadwalDokter.java
ais.database.model.sirs.JenisAlatMedis,JenisAlatMedis,Jenis Alat Medis,ais.database.model.sirs,sirs,ais.database.model.GeneralValueObject,False,True,sirs,jenis_alat_medis,False,ais\action\master\sirs\JenisAlatMedisAction.java,onEvent,REVIEW_REQUIRED,mempunyai aksi khusus existing,ais\database\model\sirs\JenisAlatMedis.java
ais.database.model.sirs.JenisBiaya,JenisBiaya,Jenis Biaya,ais.database.model.sirs,sirs,ais.database.model.GeneralValueObject,False,True,sirs,jenis_biaya,False,ais\action\master\sirs\JenisBiayaAction.java,onEvent,REVIEW_REQUIRED,mempunyai aksi khusus existing,ais\database\model\sirs\JenisBiaya.java
ais.database.model.sirs.JenisBiayaLain,JenisBiayaLain,Jenis Biaya Lain,ais.database.model.sirs,sirs,ais.database.model.GeneralValueObject,False,True,sirs,jenis_biaya_lain,False,ais\action\master\sirs\JenisBiayaLainAction.java,onEvent,REVIEW_REQUIRED,mempunyai aksi khusus existing,ais\database\model\sirs\JenisBiayaLain.java
ais.database.model.sirs.JenisItemMedis,JenisItemMedis,Jenis Item Medis,ais.database.model.sirs,sirs,ais.database.model.GeneralValueObject,False,True,sirs,jenis_barang_medis,False,ais\action\master\sirs\JenisItemAction.java,onEvent,REVIEW_REQUIRED,mempunyai aksi khusus existing,ais\database\model\sirs\JenisItemMedis.java
ais.database.model.sirs.JenisPasien,JenisPasien,Jenis Pasien,ais.database.model.sirs,sirs,ais.database.model.GeneralValueObject,False,True,sirs,jenis_pasien,False,ais\action\master\sirs\JenisPasienAction.java,onEvent,REVIEW_REQUIRED,mempunyai aksi khusus existing,ais\database\model\sirs\JenisPasien.java
ais.database.model.sirs.JenisPembayaranMedis,JenisPembayaranMedis,Jenis Pembayaran Medis,ais.database.model.sirs,sirs,ais.database.model.GeneralValueObject,False,True,sirs,jenis_pembayaran_medis,False,ais\action\master\sirs\JenisPembayaranAction.java,onEvent,REVIEW_REQUIRED,mempunyai aksi khusus existing,ais\database\model\sirs\JenisPembayaranMedis.java
ais.database.model.sirs.JenisPenyakit,JenisPenyakit,Jenis Penyakit,ais.database.model.sirs,sirs,ais.database.model.GeneralValueObject,False,True,sirs,jenis_penyakit,False,ais\action\master\sirs\JenisPenyakitAction.java,onEvent,REVIEW_REQUIRED,mempunyai aksi khusus existing,ais\database\model\sirs\JenisPenyakit.java
ais.database.model.sirs.JenisRacikan,JenisRacikan,Jenis Racikan,ais.database.model.sirs,sirs,ais.database.model.GeneralValueObject,False,True,sirs,jenis_racikan,False,ais\action\master\sirs\JenisRacikanAction.java,onEvent,REVIEW_REQUIRED,mempunyai aksi khusus existing,ais\database\model\sirs\JenisRacikan.java
ais.database.model.sirs.JenisTindakan,JenisTindakan,Jenis Tindakan,ais.database.model.sirs,sirs,ais.database.model.GeneralValueObject,False,True,sirs,jenis_tindakan,False,ais\action\master\sirs\JenisTindakanAction.java,onEvent,REVIEW_REQUIRED,mempunyai aksi khusus existing,ais\database\model\sirs\JenisTindakan.java
ais.database.model.sirs.Kadaluarsa,Kadaluarsa,Kadaluarsa,ais.database.model.sirs,sirs,ais.database.model.GeneralValueObject,False,True,sirs,kadaluarsa,False,ais\action\master\sirs\detail\KadaluarsaAction.java,onEvent,REVIEW_REQUIRED,mempunyai aksi khusus existing,ais\database\model\sirs\Kadaluarsa.java
ais.database.model.sirs.Kamar,Kamar,Kamar,ais.database.model.sirs,sirs,ais.database.model.GeneralValueObject,False,True,sirs,kamar,False,ais\action\master\sirs\KamarAction.java,onEvent,REVIEW_REQUIRED,mempunyai aksi khusus existing,ais\database\model\sirs\Kamar.java
ais.database.model.sirs.Kecamatan,Kecamatan,Kecamatan,ais.database.model.sirs,sirs,ais.database.model.GeneralValueObject,False,True,sirs,kecamatan,False,ais\action\master\sirs\KecamatanAction.java,onEvent,REVIEW_REQUIRED,mempunyai aksi khusus existing,ais\database\model\sirs\Kecamatan.java
ais.database.model.sirs.KelasItem,KelasItem,Kelas Item,ais.database.model.sirs,sirs,ais.database.model.GeneralValueObject,False,True,sirs,kelas_item,False,ais\action\master\sirs\KelasItemAction.java,onEvent,REVIEW_REQUIRED,mempunyai aksi khusus existing,ais\database\model\sirs\KelasItem.java
ais.database.model.sirs.KelasPerawatan,KelasPerawatan,Kelas Perawatan,ais.database.model.sirs,sirs,ais.database.model.GeneralValueObject,False,True,sirs,kelas_perawatan,False,ais\action\master\sirs\KelasPerawatanAction.java,onEvent,REVIEW_REQUIRED,mempunyai aksi khusus existing,ais\database\model\sirs\KelasPerawatan.java
ais.database.model.sirs.KelompokItem,KelompokItem,Kelompok Item,ais.database.model.sirs,sirs,ais.database.model.GeneralValueObject,False,True,sirs,kelompok_item,False,ais\action\master\sirs\KelompokItemAction.java,onEvent,REVIEW_REQUIRED,mempunyai aksi khusus existing,ais\database\model\sirs\KelompokItem.java
ais.database.model.sirs.Kelurahan,Kelurahan,Kelurahan,ais.database.model.sirs,sirs,ais.database.model.GeneralValueObject,False,True,sirs,kelurahan,False,ais\action\master\sirs\KelurahanAction.java,onEvent,REVIEW_REQUIRED,mempunyai aksi khusus existing,ais\database\model\sirs\Kelurahan.java
ais.database.model.sirs.KepesertaanPasien,KepesertaanPasien,Kepesertaan Pasien,ais.database.model.sirs,sirs,ais.database.model.GeneralValueObject,False,True,sirs,kepesertaan_pasien,False,,,ELIGIBLE_METADATA_FIRST,Kandidat CRUD metadata; tetap default disabled sampai verifikasi Hibernate/menu/scope,ais\database\model\sirs\KepesertaanPasien.java
ais.database.model.sirs.KodeTransaksiMedis,KodeTransaksiMedis,Kode Transaksi Medis,ais.database.model.sirs,sirs,ais.database.model.GeneralValueObject,False,True,sirs,kode_transaksi_medis,False,ais\action\master\sirs\KodeTransaksiAction.java,onEvent,REVIEW_REQUIRED,mempunyai aksi khusus existing,ais\database\model\sirs\KodeTransaksiMedis.java
ais.database.model.sirs.Komunitas,Komunitas,Komunitas,ais.database.model.sirs,sirs,ais.database.model.GeneralValueObject,False,True,sirs,komunitas,False,ais\action\master\sirs\KomunitasAction.java,onEvent,REVIEW_REQUIRED,mempunyai aksi khusus existing,ais\database\model\sirs\Komunitas.java
ais.database.model.sirs.KomunitasPunyaPasien,KomunitasPunyaPasien,Komunitas Punya Pasien,ais.database.model.sirs,sirs,ais.database.model.GeneralValueObject,False,True,sirs,komunitas_punya_pasien,False,ais\action\master\sirs\detail\KomunitasPunyaPasienAction.java,onEvent,REVIEW_REQUIRED,mempunyai aksi khusus existing,ais\database\model\sirs\KomunitasPunyaPasien.java
ais.database.model.sirs.KonversiSatuanItem,KonversiSatuanItem,Konversi Satuan Item,ais.database.model.sirs,sirs,ais.database.model.GeneralValueObject,False,True,sirs,konversi_satuan_item,False,ais\action\master\sirs\KonversiSatuanItemAction.java,onEvent,REVIEW_REQUIRED,mempunyai aksi khusus existing,ais\database\model\sirs\KonversiSatuanItem.java
ais.database.model.sirs.KoreksiItemMedis,KoreksiItemMedis,Koreksi Item Medis,ais.database.model.sirs,sirs,ais.database.model.GeneralValueObject,False,True,sirs,koreksi_item_medis,False,ais\action\master\sirs\KoreksiItemAction.java,onCetak|onEvent,REVIEW_REQUIRED,mempunyai aksi khusus existing,ais\database\model\sirs\KoreksiItemMedis.java
ais.database.model.sirs.KoreksiItemMedisDetail,KoreksiItemMedisDetail,Koreksi Item Medis Detail,ais.database.model.sirs,sirs,ais.database.model.GeneralValueObject,False,True,sirs,koreksi_item_medis_detail,False,,,ELIGIBLE_METADATA_FIRST,Kandidat CRUD metadata; tetap default disabled sampai verifikasi Hibernate/menu/scope,ais\database\model\sirs\KoreksiItemMedisDetail.java
ais.database.model.sirs.KunjunganDokter,KunjunganDokter,Kunjungan Dokter,ais.database.model.sirs,sirs,ais.database.model.GeneralValueObject,False,True,sirs,kunjungan_dokter,False,,,ELIGIBLE_METADATA_FIRST,Kandidat CRUD metadata; tetap default disabled sampai verifikasi Hibernate/menu/scope,ais\database\model\sirs\KunjunganDokter.java
ais.database.model.sirs.Minggu,Minggu,Minggu,ais.database.model.sirs,sirs,ais.database.model.GeneralValueObject,False,True,sirs,minggu,False,,,ELIGIBLE_METADATA_FIRST,Kandidat CRUD metadata; tetap default disabled sampai verifikasi Hibernate/menu/scope,ais\database\model\sirs\Minggu.java
ais.database.model.sirs.PajakDetail,PajakDetail,Pajak Detail,ais.database.model.sirs,sirs,ais.database.model.GeneralValueObject,False,True,sirs,pajak_detail,False,ais\action\master\sirs\detail\PajakDetailAction.java,onEvent,REVIEW_REQUIRED,mempunyai aksi khusus existing,ais\database\model\sirs\PajakDetail.java
ais.database.model.sirs.PajakMedis,PajakMedis,Pajak Medis,ais.database.model.sirs,sirs,ais.database.model.GeneralValueObject,False,True,sirs,pajak_medis,False,,,ELIGIBLE_METADATA_FIRST,Kandidat CRUD metadata; tetap default disabled sampai verifikasi Hibernate/menu/scope,ais\database\model\sirs\PajakMedis.java
ais.database.model.sirs.PaketPerawatanDetail,PaketPerawatanDetail,Paket Perawatan Detail,ais.database.model.sirs,sirs,ais.database.model.GeneralValueObject,False,True,sirs,paket_perawatan_detail,False,,,ELIGIBLE_METADATA_FIRST,Kandidat CRUD metadata; tetap default disabled sampai verifikasi Hibernate/menu/scope,ais\database\model\sirs\PaketPerawatanDetail.java
ais.database.model.sirs.PaketPerawatanDetailPasien,PaketPerawatanDetailPasien,Paket Perawatan Detail Pasien,ais.database.model.sirs,sirs,ais.database.model.GeneralValueObject,False,True,sirs,paket_perawatan_detail_pasien,False,,,ELIGIBLE_METADATA_FIRST,Kandidat CRUD metadata; tetap default disabled sampai verifikasi Hibernate/menu/scope,ais\database\model\sirs\PaketPerawatanDetailPasien.java
ais.database.model.sirs.Pasien,Pasien,Pasien,ais.database.model.sirs,sirs,ais.database.model.GeneralValueObject,False,True,sirs,pasien,False,ais\action\master\sirs\PasienAction.java,onEvent|onExternalAdd,REVIEW_REQUIRED,mempunyai aksi khusus existing,ais\database\model\sirs\Pasien.java
ais.database.model.sirs.PemakaianItem,PemakaianItem,Pemakaian Item,ais.database.model.sirs,sirs,ais.database.model.GeneralValueObject,False,True,sirs,pemakaian_item,False,ais\action\master\sirs\PemakaianiItemAction.java,onCetak|onEvent,REVIEW_REQUIRED,mempunyai aksi khusus existing,ais\database\model\sirs\PemakaianItem.java
ais.database.model.sirs.PemakaianItemDetail,PemakaianItemDetail,Pemakaian Item Detail,ais.database.model.sirs,sirs,ais.database.model.GeneralValueObject,False,True,sirs,pemakaian_item_detail,False,ais\action\master\sirs\detail\PemakaianItemDetailAction.java,onEvent,REVIEW_REQUIRED,mempunyai aksi khusus existing,ais\database\model\sirs\PemakaianItemDetail.java
ais.database.model.sirs.PemakaianReturItem,PemakaianReturItem,Pemakaian Retur Item,ais.database.model.sirs,sirs,ais.database.model.GeneralValueObject,False,True,sirs,pemakaian_retur_item,False,ais\action\master\sirs\PemakaianReturItemAction.java,onCetak|onEvent,REVIEW_REQUIRED,mempunyai aksi khusus existing,ais\database\model\sirs\PemakaianReturItem.java
ais.database.model.sirs.PemakaianReturItemDetail,PemakaianReturItemDetail,Pemakaian Retur Item Detail,ais.database.model.sirs,sirs,ais.database.model.GeneralValueObject,False,True,sirs,pemakaian_retur_item_detail,False,ais\action\master\sirs\detail\PemakaianReturItemDetailAction.java,onEvent,REVIEW_REQUIRED,mempunyai aksi khusus existing,ais\database\model\sirs\PemakaianReturItemDetail.java
ais.database.model.sirs.Pembayaran,Pembayaran,Pembayaran,ais.database.model.sirs,sirs,ais.database.model.GeneralValueObject,False,True,sirs,pembayaran,False,ais\action\master\sirs\PembayaranAction.java|ais\action\ws\PembayaranAction.java,onEvent|onCetak|onCetakPembayaran,REVIEW_REQUIRED,mempunyai aksi khusus existing,ais\database\model\sirs\Pembayaran.java
ais.database.model.sirs.PembayaranNonTunai,PembayaranNonTunai,Pembayaran Non Tunai,ais.database.model.sirs,sirs,ais.database.model.GeneralValueObject,False,True,sirs,pembayaran_non_tunai,False,,,ELIGIBLE_METADATA_FIRST,Kandidat CRUD metadata; tetap default disabled sampai verifikasi Hibernate/menu/scope,ais\database\model\sirs\PembayaranNonTunai.java
ais.database.model.sirs.Pemeriksaan,Pemeriksaan,Pemeriksaan,ais.database.model.sirs,sirs,ais.database.model.GeneralValueObject,False,True,sirs,pemeriksaan,False,ais\action\master\sirs\PemeriksaanAction.java,onEvent,REVIEW_REQUIRED,mempunyai aksi khusus existing,ais\database\model\sirs\Pemeriksaan.java
ais.database.model.sirs.Pendaftaran,Pendaftaran,Pendaftaran,ais.database.model.sirs,sirs,ais.database.model.GeneralValueObject,False,True,sirs,pendaftaran,False,,,ELIGIBLE_METADATA_FIRST,Kandidat CRUD metadata; tetap default disabled sampai verifikasi Hibernate/menu/scope,ais\database\model\sirs\Pendaftaran.java
ais.database.model.sirs.PenerimaanOrder,PenerimaanOrder,Penerimaan Order,ais.database.model.sirs,sirs,ais.database.model.GeneralValueObject,False,True,sirs,penerimaan_order,False,ais\action\master\sirs\PenerimaanOrderAction.java,onEvent|onCetak,REVIEW_REQUIRED,mempunyai aksi khusus existing,ais\database\model\sirs\PenerimaanOrder.java
ais.database.model.sirs.PenerimaanOrderDetail,PenerimaanOrderDetail,Penerimaan Order Detail,ais.database.model.sirs,sirs,ais.database.model.GeneralValueObject,False,True,sirs,penerimaan_order_detail,False,ais\action\master\sirs\detail\PenerimaanOrderDetailAction.java,onEvent,REVIEW_REQUIRED,mempunyai aksi khusus existing,ais\database\model\sirs\PenerimaanOrderDetail.java
ais.database.model.sirs.PenerimaanOrderKembali,PenerimaanOrderKembali,Penerimaan Order Kembali,ais.database.model.sirs,sirs,ais.database.model.GeneralValueObject,False,True,sirs,penerimaan_order_kembali,False,ais\action\master\sirs\PenerimaanOrderKembaliAction.java,onEvent,REVIEW_REQUIRED,mempunyai aksi khusus existing,ais\database\model\sirs\PenerimaanOrderKembali.java
ais.database.model.sirs.PenerimaanOrderKembaliDetail,PenerimaanOrderKembaliDetail,Penerimaan Order Kembali Detail,ais.database.model.sirs,sirs,ais.database.model.GeneralValueObject,False,True,sirs,penerimaan_order_kembali_detail,False,ais\action\master\sirs\detail\PenerimaanOrderKembaliDetailAction.java,onEvent,REVIEW_REQUIRED,mempunyai aksi khusus existing,ais\database\model\sirs\PenerimaanOrderKembaliDetail.java
ais.database.model.sirs.PermintaanPembelian,PermintaanPembelian,Permintaan Pembelian,ais.database.model.sirs,sirs,ais.database.model.GeneralValueObject,False,True,sirs,permintaan_pembelian,False,ais\action\master\sirs\PermintaanPembelianAction.java,onEvent,REVIEW_REQUIRED,mempunyai aksi khusus existing,ais\database\model\sirs\PermintaanPembelian.java
ais.database.model.sirs.PermintaanPembelianDetail,PermintaanPembelianDetail,Permintaan Pembelian Detail,ais.database.model.sirs,sirs,ais.database.model.GeneralValueObject,False,True,sirs,permintaan_pembelian_detail,False,ais\action\master\sirs\detail\PermintaanPembelianDetailAction.java,onEvent,REVIEW_REQUIRED,mempunyai aksi khusus existing,ais\database\model\sirs\PermintaanPembelianDetail.java
ais.database.model.sirs.PesananPembelian,PesananPembelian,Pesanan Pembelian,ais.database.model.sirs,sirs,ais.database.model.GeneralValueObject,False,True,sirs,pesanan_pembelian,False,ais\action\master\sirs\PesananPembelianAction.java,onEvent,REVIEW_REQUIRED,mempunyai aksi khusus existing,ais\database\model\sirs\PesananPembelian.java
ais.database.model.sirs.PesananPembelianDetail,PesananPembelianDetail,Pesanan Pembelian Detail,ais.database.model.sirs,sirs,ais.database.model.GeneralValueObject,False,True,sirs,pesanan_pembelian_detail,False,ais\action\master\sirs\detail\PesananPembelianDetailAction.java,onEvent,REVIEW_REQUIRED,mempunyai aksi khusus existing,ais\database\model\sirs\PesananPembelianDetail.java
ais.database.model.sirs.PindahTempatTidurRawatInap,PindahTempatTidurRawatInap,Pindah Tempat Tidur Rawat Inap,ais.database.model.sirs,sirs,ais.database.model.GeneralValueObject,False,True,sirs,pindah_tempat_tidur_rawat_inap,False,ais\action\master\sirs\PindahTempatTidurRawatInapAction.java,onEvent|onExternalAdd,REVIEW_REQUIRED,nama mengindikasikan data transaksi/log/internal: Temp; mempunyai aksi khusus existing,ais\database\model\sirs\PindahTempatTidurRawatInap.java
ais.database.model.sirs.Poly,Poly,Poly,ais.database.model.sirs,sirs,ais.database.model.GeneralValueObject,False,True,sirs,poly,False,ais\action\master\sirs\PolyAction.java,onEvent,REVIEW_REQUIRED,mempunyai aksi khusus existing,ais\database\model\sirs\Poly.java
ais.database.model.sirs.PrioritasPasien,PrioritasPasien,Prioritas Pasien,ais.database.model.sirs,sirs,ais.database.model.GeneralValueObject,False,True,sirs,prioritas_pasien,False,ais\action\master\sirs\PrioritasPasienAction.java,onEvent,REVIEW_REQUIRED,mempunyai aksi khusus existing,ais\database\model\sirs\PrioritasPasien.java
ais.database.model.sirs.Produksi,Produksi,Produksi,ais.database.model.sirs,sirs,ais.database.model.GeneralValueObject,False,True,sirs,produksi,False,ais\action\master\sirs\ProduksiAction.java,onEvent,REVIEW_REQUIRED,mempunyai aksi khusus existing,ais\database\model\sirs\Produksi.java
ais.database.model.sirs.ProduksiDetail,ProduksiDetail,Produksi Detail,ais.database.model.sirs,sirs,ais.database.model.GeneralValueObject,False,True,sirs,produksi_detail,False,ais\action\master\sirs\detail\ProduksiDetailAction.java,onEvent,REVIEW_REQUIRED,mempunyai aksi khusus existing,ais\database\model\sirs\ProduksiDetail.java
ais.database.model.sirs.Racikan,Racikan,Racikan,ais.database.model.sirs,sirs,ais.database.model.GeneralValueObject,False,True,sirs,racikan,False,ais\action\master\sirs\RacikanAction.java,onEvent,REVIEW_REQUIRED,mempunyai aksi khusus existing,ais\database\model\sirs\Racikan.java
ais.database.model.sirs.RacikanDetail,RacikanDetail,Racikan Detail,ais.database.model.sirs,sirs,ais.database.model.GeneralValueObject,False,True,sirs,racikan_detail,False,ais\action\master\sirs\detail\RacikanDetailAction.java,onEvent,REVIEW_REQUIRED,mempunyai aksi khusus existing,ais\database\model\sirs\RacikanDetail.java
ais.database.model.sirs.Resep,Resep,Resep,ais.database.model.sirs,sirs,ais.database.model.GeneralValueObject,False,True,sirs,resep,False,,,ELIGIBLE_METADATA_FIRST,Kandidat CRUD metadata; tetap default disabled sampai verifikasi Hibernate/menu/scope,ais\database\model\sirs\Resep.java
ais.database.model.sirs.ResepDetail,ResepDetail,Resep Detail,ais.database.model.sirs,sirs,ais.database.model.GeneralValueObject,False,True,sirs,resep_detail,False,,,ELIGIBLE_METADATA_FIRST,Kandidat CRUD metadata; tetap default disabled sampai verifikasi Hibernate/menu/scope,ais\database\model\sirs\ResepDetail.java
ais.database.model.sirs.SaldoAwalMedis,SaldoAwalMedis,Saldo Awal Medis,ais.database.model.sirs,sirs,ais.database.model.GeneralValueObject,False,True,sirs,saldo_awal_medis,False,ais\action\master\sirs\SaldoAwalAction.java,onEvent,REVIEW_REQUIRED,mempunyai aksi khusus existing,ais\database\model\sirs\SaldoAwalMedis.java
ais.database.model.sirs.SaldoAwalMedisDetail,SaldoAwalMedisDetail,Saldo Awal Medis Detail,ais.database.model.sirs,sirs,ais.database.model.GeneralValueObject,False,True,sirs,saldo_awal_detail_medis,False,,,ELIGIBLE_METADATA_FIRST,Kandidat CRUD metadata; tetap default disabled sampai verifikasi Hibernate/menu/scope,ais\database\model\sirs\SaldoAwalMedisDetail.java
ais.database.model.sirs.Satker,Satker,Satker,ais.database.model.sirs,sirs,ais.database.model.GeneralValueObject,False,True,sirs,satker,False,ais\action\master\sirs\SatkerAction.java,onEvent,REVIEW_REQUIRED,mempunyai aksi khusus existing,ais\database\model\sirs\Satker.java
ais.database.model.sirs.SatuanItem,SatuanItem,Satuan Item,ais.database.model.sirs,sirs,ais.database.model.GeneralValueObject,False,True,sirs,satuan_item,False,ais\action\master\sirs\SatuanItemAction.java,onEvent,REVIEW_REQUIRED,mempunyai aksi khusus existing,ais\database\model\sirs\SatuanItem.java
ais.database.model.sirs.Shift,Shift,Shift,ais.database.model.sirs,sirs,ais.database.model.GeneralValueObject,False,True,sirs,shift,False,ais\action\master\sirs\ShiftAction.java,onEvent,REVIEW_REQUIRED,mempunyai aksi khusus existing,ais\database\model\sirs\Shift.java
ais.database.model.sirs.StatusPembayaran,StatusPembayaran,Status Pembayaran,ais.database.model.sirs,sirs,ais.database.model.GeneralValueObject,False,True,sirs,status_pembayaran,False,ais\action\master\sirs\StatusPembayaranAction.java,onEvent,REVIEW_REQUIRED,mempunyai aksi khusus existing,ais\database\model\sirs\StatusPembayaran.java
ais.database.model.sirs.StatusPulang,StatusPulang,Status Pulang,ais.database.model.sirs,sirs,ais.database.model.GeneralValueObject,False,True,sirs,status_pulang,False,,,ELIGIBLE_METADATA_FIRST,Kandidat CRUD metadata; tetap default disabled sampai verifikasi Hibernate/menu/scope,ais\database\model\sirs\StatusPulang.java
ais.database.model.sirs.StatusTempatTidur,StatusTempatTidur,Status Tempat Tidur,ais.database.model.sirs,sirs,ais.database.model.GeneralValueObject,False,True,sirs,status_tempat_tidur,False,,,REVIEW_REQUIRED,nama mengindikasikan data transaksi/log/internal: Temp,ais\database\model\sirs\StatusTempatTidur.java
ais.database.model.sirs.Tahun,Tahun,Tahun,ais.database.model.sirs,sirs,ais.database.model.GeneralValueObject,False,True,sirs,tahun,False,,,ELIGIBLE_METADATA_FIRST,Kandidat CRUD metadata; tetap default disabled sampai verifikasi Hibernate/menu/scope,ais\database\model\sirs\Tahun.java
ais.database.model.sirs.TarifKhusus,TarifKhusus,Tarif Khusus,ais.database.model.sirs,sirs,ais.database.model.GeneralValueObject,False,True,sirs,tarif_khusus,False,ais\action\master\sirs\TarifKhususAction.java,onEvent,REVIEW_REQUIRED,mempunyai aksi khusus existing,ais\database\model\sirs\TarifKhusus.java
ais.database.model.sirs.TarifKhususPunyaAlatMedis,TarifKhususPunyaAlatMedis,Tarif Khusus Punya Alat Medis,ais.database.model.sirs,sirs,ais.database.model.GeneralValueObject,False,True,sirs,tarif_khusus_punya_alat_medis,False,,,ELIGIBLE_METADATA_FIRST,Kandidat CRUD metadata; tetap default disabled sampai verifikasi Hibernate/menu/scope,ais\database\model\sirs\TarifKhususPunyaAlatMedis.java
ais.database.model.sirs.TarifKhususPunyaItem,TarifKhususPunyaItem,Tarif Khusus Punya Item,ais.database.model.sirs,sirs,ais.database.model.GeneralValueObject,False,True,sirs,tarif_khusus_punya_item,False,,,ELIGIBLE_METADATA_FIRST,Kandidat CRUD metadata; tetap default disabled sampai verifikasi Hibernate/menu/scope,ais\database\model\sirs\TarifKhususPunyaItem.java
ais.database.model.sirs.TarifKhususPunyaTindakan,TarifKhususPunyaTindakan,Tarif Khusus Punya Tindakan,ais.database.model.sirs,sirs,ais.database.model.GeneralValueObject,False,True,sirs,tarif_khusus_punya_tindakan,False,,,ELIGIBLE_METADATA_FIRST,Kandidat CRUD metadata; tetap default disabled sampai verifikasi Hibernate/menu/scope,ais\database\model\sirs\TarifKhususPunyaTindakan.java
ais.database.model.sirs.TempatTidur,TempatTidur,Tempat Tidur,ais.database.model.sirs,sirs,ais.database.model.GeneralValueObject,False,True,sirs,tempat_tidur,False,ais\action\master\sirs\TempatTidurAction.java,onEvent,REVIEW_REQUIRED,nama mengindikasikan data transaksi/log/internal: Temp; mempunyai aksi khusus existing,ais\database\model\sirs\TempatTidur.java
ais.database.model.sirs.Tindakan,Tindakan,Tindakan,ais.database.model.sirs,sirs,ais.database.model.GeneralValueObject,False,True,sirs,tindakan,False,ais\action\master\sirs\TindakanAction.java,onEvent|onCetakBiayaTindakan|onUploadBiaya|onDownloadBiaya,REVIEW_REQUIRED,mempunyai aksi khusus existing,ais\database\model\sirs\Tindakan.java
ais.database.model.sirs.TindakanDiagnosaPenyakit,TindakanDiagnosaPenyakit,Tindakan Diagnosa Penyakit,ais.database.model.sirs,sirs,ais.database.model.GeneralValueObject,False,True,sirs,tindakan_diagnosa_penyakit,False,,,ELIGIBLE_METADATA_FIRST,Kandidat CRUD metadata; tetap default disabled sampai verifikasi Hibernate/menu/scope,ais\database\model\sirs\TindakanDiagnosaPenyakit.java
ais.database.model.sirs.TindakanLabDetail,TindakanLabDetail,Tindakan Lab Detail,ais.database.model.sirs,sirs,ais.database.model.GeneralValueObject,False,True,sirs,tindakan_lab_detail,False,ais\action\master\sirs\TindakanLabDetailAction.java,onEvent,REVIEW_REQUIRED,mempunyai aksi khusus existing,ais\database\model\sirs\TindakanLabDetail.java
ais.database.model.sirs.TransaksiMedis,TransaksiMedis,Transaksi Medis,ais.database.model.sirs,sirs,ais.database.model.GeneralValueObject,False,True,sirs,transaksi_medis,False,,,ELIGIBLE_METADATA_FIRST,Kandidat CRUD metadata; tetap default disabled sampai verifikasi Hibernate/menu/scope,ais\database\model\sirs\TransaksiMedis.java
ais.database.model.sirs.TransaksiMedisDetail,TransaksiMedisDetail,Transaksi Medis Detail,ais.database.model.sirs,sirs,ais.database.model.GeneralValueObject,False,True,sirs,transaksi_medis_detail,False,,,ELIGIBLE_METADATA_FIRST,Kandidat CRUD metadata; tetap default disabled sampai verifikasi Hibernate/menu/scope,ais\database\model\sirs\TransaksiMedisDetail.java
ais.database.model.sirs.TransaksiRetur,TransaksiRetur,Transaksi Retur,ais.database.model.sirs,sirs,ais.database.model.GeneralValueObject,False,True,sirs,transaksi_retur,False,ais\action\master\sirs\TransaksiReturAction.java,onEvent|onCetak,REVIEW_REQUIRED,mempunyai aksi khusus existing,ais\database\model\sirs\TransaksiRetur.java
ais.database.model.sirs.TransaksiReturDetail,TransaksiReturDetail,Transaksi Retur Detail,ais.database.model.sirs,sirs,ais.database.model.GeneralValueObject,False,True,sirs,transaksi_retur_detail,False,ais\action\master\sirs\detail\TransaksiReturDetailAction.java,onEvent,REVIEW_REQUIRED,mempunyai aksi khusus existing,ais\database\model\sirs\TransaksiReturDetail.java
ais.database.model.sirs.TransaksiTindakanLabDetail,TransaksiTindakanLabDetail,Transaksi Tindakan Lab Detail,ais.database.model.sirs,sirs,ais.database.model.GeneralValueObject,False,True,sirs,transaksi_tindakan_lab_detail,False,,,ELIGIBLE_METADATA_FIRST,Kandidat CRUD metadata; tetap default disabled sampai verifikasi Hibernate/menu/scope,ais\database\model\sirs\TransaksiTindakanLabDetail.java
ais.database.model.sirs.TransferItem,TransferItem,Transfer Item,ais.database.model.sirs,sirs,ais.database.model.GeneralValueObject,False,True,sirs,transfer_item,False,ais\action\master\sirs\TransferItemAction.java,onEvent|onCetak,REVIEW_REQUIRED,mempunyai aksi khusus existing,ais\database\model\sirs\TransferItem.java
ais.database.model.sirs.TransferItemDetail,TransferItemDetail,Transfer Item Detail,ais.database.model.sirs,sirs,ais.database.model.GeneralValueObject,False,True,sirs,transfer_item_detail,False,ais\action\master\sirs\detail\TransferItemDetailAction.java,onEvent,REVIEW_REQUIRED,mempunyai aksi khusus existing,ais\database\model\sirs\TransferItemDetail.java
ais.database.model.sisdes.Penduduk,Penduduk,Penduduk,ais.database.model.sisdes,sisdes,ais.database.model.GeneralValueObject,False,True,public,penduduk,False,ais\action\master\sisdes\PendudukAction.java,onEvent|onExternalAdd,REVIEW_REQUIRED,mempunyai aksi khusus existing,ais\database\model\sisdes\Penduduk.java
ais.database.model.sister.BkdAjarSister,BkdAjarSister,Bkd Ajar Sister,ais.database.model.sister,sister,ais.database.model.GeneralValueObject,False,True,public,sister_bkd_ajar,False,,,REVIEW_REQUIRED,modul integrasi eksternal,ais\database\model\sister\BkdAjarSister.java
ais.database.model.sister.BkdLaporanAkhirBkdSister,BkdLaporanAkhirBkdSister,Bkd Laporan Akhir Bkd Sister,ais.database.model.sister,sister,ais.database.model.GeneralValueObject,False,True,public,sister_bkd_laporan_akhir_bkd,False,,,REVIEW_REQUIRED,modul integrasi eksternal,ais\database\model\sister\BkdLaporanAkhirBkdSister.java
ais.database.model.sister.BkdPendidikanSister,BkdPendidikanSister,Bkd Pendidikan Sister,ais.database.model.sister,sister,ais.database.model.GeneralValueObject,False,True,public,sister_bkd_pendidikan,False,,,REVIEW_REQUIRED,modul integrasi eksternal,ais\database\model\sister\BkdPendidikanSister.java
ais.database.model.sister.BkdPenelitianSister,BkdPenelitianSister,Bkd Penelitian Sister,ais.database.model.sister,sister,ais.database.model.GeneralValueObject,False,True,public,sister_bkd_penelitian,False,,,REVIEW_REQUIRED,modul integrasi eksternal,ais\database\model\sister\BkdPenelitianSister.java
ais.database.model.sister.BkdPengmasSister,BkdPengmasSister,Bkd Pengmas Sister,ais.database.model.sister,sister,ais.database.model.GeneralValueObject,False,True,public,sister_bkd_pengmas,False,,,REVIEW_REQUIRED,modul integrasi eksternal,ais\database\model\sister\BkdPengmasSister.java
ais.database.model.sister.BkdTunjangSister,BkdTunjangSister,Bkd Tunjang Sister,ais.database.model.sister,sister,ais.database.model.GeneralValueObject,False,True,public,sister_bkd_tunjang,False,,,REVIEW_REQUIRED,modul integrasi eksternal,ais\database\model\sister\BkdTunjangSister.java
ais.database.model.sister.DpAlamatSister,DpAlamatSister,Dp Alamat Sister,ais.database.model.sister,sister,ais.database.model.GeneralValueObject,False,True,public,sister_dp_alamat,False,,,REVIEW_REQUIRED,modul integrasi eksternal,ais\database\model\sister\DpAlamatSister.java
ais.database.model.sister.DpBidangIlmuSister,DpBidangIlmuSister,Dp Bidang Ilmu Sister,ais.database.model.sister,sister,ais.database.model.GeneralValueObject,False,True,public,sister_dp_bidang_ilmu,False,,,REVIEW_REQUIRED,modul integrasi eksternal,ais\database\model\sister\DpBidangIlmuSister.java
ais.database.model.sister.DpKeluargaSister,DpKeluargaSister,Dp Keluarga Sister,ais.database.model.sister,sister,ais.database.model.GeneralValueObject,False,True,public,sister_dp_keluarga,False,,,REVIEW_REQUIRED,modul integrasi eksternal,ais\database\model\sister\DpKeluargaSister.java
ais.database.model.sister.DpKepegawaianSister,DpKepegawaianSister,Dp Kepegawaian Sister,ais.database.model.sister,sister,ais.database.model.GeneralValueObject,False,True,public,sister_dp_kepegawaian,False,,,REVIEW_REQUIRED,modul integrasi eksternal,ais\database\model\sister\DpKepegawaianSister.java
ais.database.model.sister.DpKependudukanSister,DpKependudukanSister,Dp Kependudukan Sister,ais.database.model.sister,sister,ais.database.model.GeneralValueObject,False,True,public,sister_dp_kependudukan,False,,,REVIEW_REQUIRED,modul integrasi eksternal,ais\database\model\sister\DpKependudukanSister.java
ais.database.model.sister.DpLainSister,DpLainSister,Dp Lain Sister,ais.database.model.sister,sister,ais.database.model.GeneralValueObject,False,True,public,sister_dp_lain,False,,,REVIEW_REQUIRED,modul integrasi eksternal,ais\database\model\sister\DpLainSister.java
ais.database.model.sister.DpProfilSister,DpProfilSister,Dp Profil Sister,ais.database.model.sister,sister,ais.database.model.GeneralValueObject,False,True,public,sister_dp_profil,False,,,REVIEW_REQUIRED,modul integrasi eksternal,ais\database\model\sister\DpProfilSister.java
ais.database.model.sister.LembagaSertifikasiSister,LembagaSertifikasiSister,Lembaga Sertifikasi Sister,ais.database.model.sister,sister,ais.database.model.GeneralValueObject,False,True,public,lembaga_sertifikasi_sister,False,,,REVIEW_REQUIRED,modul integrasi eksternal,ais\database\model\sister\LembagaSertifikasiSister.java
ais.database.model.sister.RefAgamaSister,RefAgamaSister,Ref Agama Sister,ais.database.model.sister,sister,ais.database.model.GeneralValueObject,False,True,public,sister_ref_agama,False,,,REVIEW_REQUIRED,modul integrasi eksternal,ais\database\model\sister\RefAgamaSister.java
ais.database.model.sister.RefBidangStudiSister,RefBidangStudiSister,Ref Bidang Studi Sister,ais.database.model.sister,sister,ais.database.model.GeneralValueObject,False,True,public,sister_ref_bidang_studi,False,,,REVIEW_REQUIRED,modul integrasi eksternal,ais\database\model\sister\RefBidangStudiSister.java
ais.database.model.sister.RefBidangUsahaSister,RefBidangUsahaSister,Ref Bidang Usaha Sister,ais.database.model.sister,sister,ais.database.model.GeneralValueObject,False,True,public,sister_ref_bidang_usaha,False,,,REVIEW_REQUIRED,modul integrasi eksternal,ais\database\model\sister\RefBidangUsahaSister.java
ais.database.model.sister.RefDudiSister,RefDudiSister,Ref Dudi Sister,ais.database.model.sister,sister,ais.database.model.GeneralValueObject,False,True,public,sister_ref_dudi,False,,,REVIEW_REQUIRED,modul integrasi eksternal,ais\database\model\sister\RefDudiSister.java
ais.database.model.sister.RefGelarAkademikSister,RefGelarAkademikSister,Ref Gelar Akademik Sister,ais.database.model.sister,sister,ais.database.model.GeneralValueObject,False,True,public,sister_ref_gelar_akademik,False,,,REVIEW_REQUIRED,modul integrasi eksternal,ais\database\model\sister\RefGelarAkademikSister.java
ais.database.model.sister.RefGolonganPangkatSister,RefGolonganPangkatSister,Ref Golongan Pangkat Sister,ais.database.model.sister,sister,ais.database.model.GeneralValueObject,False,True,public,sister_ref_golongan_pangkat,False,,,REVIEW_REQUIRED,modul integrasi eksternal,ais\database\model\sister\RefGolonganPangkatSister.java
ais.database.model.sister.RefIkatanKerjaSister,RefIkatanKerjaSister,Ref Ikatan Kerja Sister,ais.database.model.sister,sister,ais.database.model.GeneralValueObject,False,True,public,sister_ref_ikatan_kerja,False,,,REVIEW_REQUIRED,modul integrasi eksternal,ais\database\model\sister\RefIkatanKerjaSister.java
ais.database.model.sister.RefJabatanFungsionalSister,RefJabatanFungsionalSister,Ref Jabatan Fungsional Sister,ais.database.model.sister,sister,ais.database.model.GeneralValueObject,False,True,public,sister_ref_jabatan_fungsional,False,,,REVIEW_REQUIRED,modul integrasi eksternal,ais\database\model\sister\RefJabatanFungsionalSister.java
ais.database.model.sister.RefJabatanNegaraSister,RefJabatanNegaraSister,Ref Jabatan Negara Sister,ais.database.model.sister,sister,ais.database.model.GeneralValueObject,False,True,public,sister_ref_jabatan_negara,False,,,REVIEW_REQUIRED,modul integrasi eksternal,ais\database\model\sister\RefJabatanNegaraSister.java
ais.database.model.sister.RefJabatanTugasTambahanSister,RefJabatanTugasTambahanSister,Ref Jabatan Tugas Tambahan Sister,ais.database.model.sister,sister,ais.database.model.GeneralValueObject,False,True,public,sister_ref_jabatan_tugas_tambahan,False,,,REVIEW_REQUIRED,modul integrasi eksternal,ais\database\model\sister\RefJabatanTugasTambahanSister.java
ais.database.model.sister.RefJenisBahanAjarSister,RefJenisBahanAjarSister,Ref Jenis Bahan Ajar Sister,ais.database.model.sister,sister,ais.database.model.GeneralValueObject,False,True,public,sister_ref_jenis_bahan_ajar,False,,,REVIEW_REQUIRED,modul integrasi eksternal,ais\database\model\sister\RefJenisBahanAjarSister.java
ais.database.model.sister.RefJenisBeasiswaSister,RefJenisBeasiswaSister,Ref Jenis Beasiswa Sister,ais.database.model.sister,sister,ais.database.model.GeneralValueObject,False,True,public,sister_ref_jenis_beasiswa,False,,,REVIEW_REQUIRED,modul integrasi eksternal,ais\database\model\sister\RefJenisBeasiswaSister.java
ais.database.model.sister.RefJenisDiklatSister,RefJenisDiklatSister,Ref Jenis Diklat Sister,ais.database.model.sister,sister,ais.database.model.GeneralValueObject,False,True,public,sister_ref_jenis_diklat,False,,,REVIEW_REQUIRED,modul integrasi eksternal,ais\database\model\sister\RefJenisDiklatSister.java
ais.database.model.sister.RefJenisDokumenSister,RefJenisDokumenSister,Ref Jenis Dokumen Sister,ais.database.model.sister,sister,ais.database.model.GeneralValueObject,False,True,public,sister_ref_jenis_dokumen,False,,,REVIEW_REQUIRED,modul integrasi eksternal,ais\database\model\sister\RefJenisDokumenSister.java
ais.database.model.sister.RefJenisKeluarSister,RefJenisKeluarSister,Ref Jenis Keluar Sister,ais.database.model.sister,sister,ais.database.model.GeneralValueObject,False,True,public,sister_ref_jenis_keluar,False,,,REVIEW_REQUIRED,modul integrasi eksternal,ais\database\model\sister\RefJenisKeluarSister.java
ais.database.model.sister.RefJenisKepanitiaanSister,RefJenisKepanitiaanSister,Ref Jenis Kepanitiaan Sister,ais.database.model.sister,sister,ais.database.model.GeneralValueObject,False,True,public,sister_ref_jenis_kepanitiaan,False,,,REVIEW_REQUIRED,modul integrasi eksternal,ais\database\model\sister\RefJenisKepanitiaanSister.java
ais.database.model.sister.RefJenisKesejahteraanSister,RefJenisKesejahteraanSister,Ref Jenis Kesejahteraan Sister,ais.database.model.sister,sister,ais.database.model.GeneralValueObject,False,True,public,sister_ref_jenis_kesejahteraan,False,,,REVIEW_REQUIRED,modul integrasi eksternal,ais\database\model\sister\RefJenisKesejahteraanSister.java
ais.database.model.sister.RefJenisPekerjaanSister,RefJenisPekerjaanSister,Ref Jenis Pekerjaan Sister,ais.database.model.sister,sister,ais.database.model.GeneralValueObject,False,True,public,sister_ref_jenis_pekerjaan,False,,,REVIEW_REQUIRED,modul integrasi eksternal,ais\database\model\sister\RefJenisPekerjaanSister.java
ais.database.model.sister.RefJenisPenghargaanSister,RefJenisPenghargaanSister,Ref Jenis Penghargaan Sister,ais.database.model.sister,sister,ais.database.model.GeneralValueObject,False,True,public,sister_ref_jenis_penghargaan,False,,,REVIEW_REQUIRED,modul integrasi eksternal,ais\database\model\sister\RefJenisPenghargaanSister.java
ais.database.model.sister.RefJenisPublikasiSister,RefJenisPublikasiSister,Ref Jenis Publikasi Sister,ais.database.model.sister,sister,ais.database.model.GeneralValueObject,False,True,public,sister_ref_jenis_publikasi,False,,,REVIEW_REQUIRED,modul integrasi eksternal,ais\database\model\sister\RefJenisPublikasiSister.java
ais.database.model.sister.RefJenisTesSister,RefJenisTesSister,Ref Jenis Tes Sister,ais.database.model.sister,sister,ais.database.model.GeneralValueObject,False,True,public,sister_ref_jenis_tes,False,,,REVIEW_REQUIRED,modul integrasi eksternal,ais\database\model\sister\RefJenisTesSister.java
ais.database.model.sister.RefJenisTunjanganSister,RefJenisTunjanganSister,Ref Jenis Tunjangan Sister,ais.database.model.sister,sister,ais.database.model.GeneralValueObject,False,True,public,sister_ref_jenis_tunjangan,False,,,REVIEW_REQUIRED,modul integrasi eksternal,ais\database\model\sister\RefJenisTunjanganSister.java
ais.database.model.sister.RefJenjangPendidikanSister,RefJenjangPendidikanSister,Ref Jenjang Pendidikan Sister,ais.database.model.sister,sister,ais.database.model.GeneralValueObject,False,True,public,sister_ref_jenjang_pendidikan,False,,,REVIEW_REQUIRED,modul integrasi eksternal,ais\database\model\sister\RefJenjangPendidikanSister.java
ais.database.model.sister.RefKategoriCapaianLuaranSister,RefKategoriCapaianLuaranSister,Ref Kategori Capaian Luaran Sister,ais.database.model.sister,sister,ais.database.model.GeneralValueObject,False,True,public,sister_ref_kategori_capaian_luaran,False,,,REVIEW_REQUIRED,modul integrasi eksternal,ais\database\model\sister\RefKategoriCapaianLuaranSister.java
ais.database.model.sister.RefKelompokBidangSister,RefKelompokBidangSister,Ref Kelompok Bidang Sister,ais.database.model.sister,sister,ais.database.model.GeneralValueObject,False,True,public,sister_ref_kelompok_bidang,False,,,REVIEW_REQUIRED,modul integrasi eksternal,ais\database\model\sister\RefKelompokBidangSister.java
ais.database.model.sister.RefMahasiswaPddiktiSister,RefMahasiswaPddiktiSister,Ref Mahasiswa Pddikti Sister,ais.database.model.sister,sister,ais.database.model.GeneralValueObject,False,True,public,sister_ref_mahasiswa_pddikti,False,,,REVIEW_REQUIRED,modul integrasi eksternal,ais\database\model\sister\RefMahasiswaPddiktiSister.java
ais.database.model.sister.RefMediaPublikasiSister,RefMediaPublikasiSister,Ref Media Publikasi Sister,ais.database.model.sister,sister,ais.database.model.GeneralValueObject,False,True,public,sister_ref_media_publikasi,False,,,REVIEW_REQUIRED,modul integrasi eksternal,ais\database\model\sister\RefMediaPublikasiSister.java
ais.database.model.sister.RefNegaraSister,RefNegaraSister,Ref Negara Sister,ais.database.model.sister,sister,ais.database.model.GeneralValueObject,False,True,public,sister_ref_negara,False,,,REVIEW_REQUIRED,modul integrasi eksternal,ais\database\model\sister\RefNegaraSister.java
ais.database.model.sister.RefPerguruanTinggiSister,RefPerguruanTinggiSister,Ref Perguruan Tinggi Sister,ais.database.model.sister,sister,ais.database.model.GeneralValueObject,False,True,public,sister_ref_perguruan_tinggi,False,,,REVIEW_REQUIRED,modul integrasi eksternal,ais\database\model\sister\RefPerguruanTinggiSister.java
ais.database.model.sister.RefProfilPtSister,RefProfilPtSister,Ref Profil Pt Sister,ais.database.model.sister,sister,ais.database.model.GeneralValueObject,False,True,public,sister_ref_profil_pt,False,,,REVIEW_REQUIRED,modul integrasi eksternal,ais\database\model\sister\RefProfilPtSister.java
ais.database.model.sister.RefSdmSister,RefSdmSister,Ref Sdm Sister,ais.database.model.sister,sister,ais.database.model.GeneralValueObject,False,True,public,sister_ref_sdm,False,,,REVIEW_REQUIRED,modul integrasi eksternal,ais\database\model\sister\RefSdmSister.java
ais.database.model.sister.RefSemesterSister,RefSemesterSister,Ref Semester Sister,ais.database.model.sister,sister,ais.database.model.GeneralValueObject,False,True,public,sister_ref_semester,False,,,REVIEW_REQUIRED,modul integrasi eksternal,ais\database\model\sister\RefSemesterSister.java
ais.database.model.sister.RefSkimKegiatanSister,RefSkimKegiatanSister,Ref Skim Kegiatan Sister,ais.database.model.sister,sister,ais.database.model.GeneralValueObject,False,True,public,sister_ref_skim_kegiatan,False,,,REVIEW_REQUIRED,modul integrasi eksternal,ais\database\model\sister\RefSkimKegiatanSister.java
ais.database.model.sister.RefStatusKepegawaianSister,RefStatusKepegawaianSister,Ref Status Kepegawaian Sister,ais.database.model.sister,sister,ais.database.model.GeneralValueObject,False,True,public,sister_ref_status_kepegawaian,False,,,REVIEW_REQUIRED,modul integrasi eksternal,ais\database\model\sister\RefStatusKepegawaianSister.java
ais.database.model.sister.RefSumberGajiSister,RefSumberGajiSister,Ref Sumber Gaji Sister,ais.database.model.sister,sister,ais.database.model.GeneralValueObject,False,True,public,sister_ref_sumber_gaji,False,,,REVIEW_REQUIRED,modul integrasi eksternal,ais\database\model\sister\RefSumberGajiSister.java
ais.database.model.sister.RefTingkatPenghargaanSister,RefTingkatPenghargaanSister,Ref Tingkat Penghargaan Sister,ais.database.model.sister,sister,ais.database.model.GeneralValueObject,False,True,public,sister_ref_tingkat_penghargaan,False,,,REVIEW_REQUIRED,modul integrasi eksternal,ais\database\model\sister\RefTingkatPenghargaanSister.java
ais.database.model.sister.RefUnitKerjaSister,RefUnitKerjaSister,Ref Unit Kerja Sister,ais.database.model.sister,sister,ais.database.model.GeneralValueObject,False,True,public,sister_ref_unit_kerja,False,,,REVIEW_REQUIRED,modul integrasi eksternal,ais\database\model\sister\RefUnitKerjaSister.java
ais.database.model.sister.RefWilayahSister,RefWilayahSister,Ref Wilayah Sister,ais.database.model.sister,sister,ais.database.model.GeneralValueObject,False,True,public,sister_ref_wilayah,False,,,REVIEW_REQUIRED,modul integrasi eksternal,ais\database\model\sister\RefWilayahSister.java
ais.database.model.sister.SertifikasiDosenSister,SertifikasiDosenSister,Sertifikasi Dosen Sister,ais.database.model.sister,sister,ais.database.model.GeneralValueObject,False,True,public,sertifikasi_dosen_sister,False,,,REVIEW_REQUIRED,modul integrasi eksternal,ais\database\model\sister\SertifikasiDosenSister.java
ais.database.model.sister.SertifikasiGuruSister,SertifikasiGuruSister,Sertifikasi Guru Sister,ais.database.model.sister,sister,ais.database.model.GeneralValueObject,False,True,public,sertifikasi_guru_sister,False,,,REVIEW_REQUIRED,modul integrasi eksternal,ais\database\model\sister\SertifikasiGuruSister.java
ais.database.model.sister.TridAnggotaProfesiSister,TridAnggotaProfesiSister,Trid Anggota Profesi Sister,ais.database.model.sister,sister,ais.database.model.GeneralValueObject,False,True,public,sister_trid_anggota_profesi,False,,,REVIEW_REQUIRED,modul integrasi eksternal,ais\database\model\sister\TridAnggotaProfesiSister.java
ais.database.model.sister.TridBahanAjarSister,TridBahanAjarSister,Trid Bahan Ajar Sister,ais.database.model.sister,sister,ais.database.model.GeneralValueObject,False,True,public,sister_trid_bahan_ajar,False,,,REVIEW_REQUIRED,modul integrasi eksternal,ais\database\model\sister\TridBahanAjarSister.java
ais.database.model.sister.TridBeasiswaSister,TridBeasiswaSister,Trid Beasiswa Sister,ais.database.model.sister,sister,ais.database.model.GeneralValueObject,False,True,public,sister_trid_beasiswa,False,,,REVIEW_REQUIRED,modul integrasi eksternal,ais\database\model\sister\TridBeasiswaSister.java
ais.database.model.sister.TridBimbingDosenSister,TridBimbingDosenSister,Trid Bimbing Dosen Sister,ais.database.model.sister,sister,ais.database.model.GeneralValueObject,False,True,public,sister_trid_bimbing_dosen,False,,,REVIEW_REQUIRED,modul integrasi eksternal,ais\database\model\sister\TridBimbingDosenSister.java
ais.database.model.sister.TridBimbinganMahasiswaSister,TridBimbinganMahasiswaSister,Trid Bimbingan Mahasiswa Sister,ais.database.model.sister,sister,ais.database.model.GeneralValueObject,False,True,public,sister_trid_bimbingan_mahasiswa,False,,,REVIEW_REQUIRED,modul integrasi eksternal,ais\database\model\sister\TridBimbinganMahasiswaSister.java
ais.database.model.sister.TridDetaseringSister,TridDetaseringSister,Trid Detasering Sister,ais.database.model.sister,sister,ais.database.model.GeneralValueObject,False,True,public,sister_trid_detasering,False,,,REVIEW_REQUIRED,modul integrasi eksternal,ais\database\model\sister\TridDetaseringSister.java
ais.database.model.sister.TridDiklatSister,TridDiklatSister,Trid Diklat Sister,ais.database.model.sister,sister,ais.database.model.GeneralValueObject,False,True,public,sister_trid_diklat,False,,,REVIEW_REQUIRED,modul integrasi eksternal,ais\database\model\sister\TridDiklatSister.java
ais.database.model.sister.TridDokumenSister,TridDokumenSister,Trid Dokumen Sister,ais.database.model.sister,sister,ais.database.model.GeneralValueObject,False,True,public,sister_trid_dokumen,False,,,REVIEW_REQUIRED,modul integrasi eksternal,ais\database\model\sister\TridDokumenSister.java
ais.database.model.sister.TridInpassingSister,TridInpassingSister,Trid Inpassing Sister,ais.database.model.sister,sister,ais.database.model.GeneralValueObject,False,True,public,sister_trid_inpassing,False,,,REVIEW_REQUIRED,modul integrasi eksternal,ais\database\model\sister\TridInpassingSister.java
ais.database.model.sister.TridJabatanFungsionalSister,TridJabatanFungsionalSister,Trid Jabatan Fungsional Sister,ais.database.model.sister,sister,ais.database.model.GeneralValueObject,False,True,public,sister_trid_jabatan_fungsional,False,,,REVIEW_REQUIRED,modul integrasi eksternal,ais\database\model\sister\TridJabatanFungsionalSister.java
ais.database.model.sister.TridJabatanStrukturalSister,TridJabatanStrukturalSister,Trid Jabatan Struktural Sister,ais.database.model.sister,sister,ais.database.model.GeneralValueObject,False,True,public,sister_trid_jabatan_struktural,False,,,REVIEW_REQUIRED,modul integrasi eksternal,ais\database\model\sister\TridJabatanStrukturalSister.java
ais.database.model.sister.TridKekayaanIntelektualSister,TridKekayaanIntelektualSister,Trid Kekayaan Intelektual Sister,ais.database.model.sister,sister,ais.database.model.GeneralValueObject,False,True,public,sister_trid_kekayaan_intelektual,False,,,REVIEW_REQUIRED,modul integrasi eksternal,ais\database\model\sister\TridKekayaanIntelektualSister.java
ais.database.model.sister.TridKepangkatanSister,TridKepangkatanSister,Trid Kepangkatan Sister,ais.database.model.sister,sister,ais.database.model.GeneralValueObject,False,True,public,sister_trid_kepangkatan,False,,,REVIEW_REQUIRED,modul integrasi eksternal,ais\database\model\sister\TridKepangkatanSister.java
ais.database.model.sister.TridKesejahteraanSister,TridKesejahteraanSister,Trid Kesejahteraan Sister,ais.database.model.sister,sister,ais.database.model.GeneralValueObject,False,True,public,sister_trid_kesejahteraan,False,,,REVIEW_REQUIRED,modul integrasi eksternal,ais\database\model\sister\TridKesejahteraanSister.java
ais.database.model.sister.TridKolaboratorEksternalSister,TridKolaboratorEksternalSister,Trid Kolaborator Eksternal Sister,ais.database.model.sister,sister,ais.database.model.GeneralValueObject,False,True,public,sister_trid_kolaborator_eksternal,False,,,REVIEW_REQUIRED,modul integrasi eksternal,ais\database\model\sister\TridKolaboratorEksternalSister.java
ais.database.model.sister.TridNilaiTesSister,TridNilaiTesSister,Trid Nilai Tes Sister,ais.database.model.sister,sister,ais.database.model.GeneralValueObject,False,True,public,sister_trid_nilai_tes,False,,,REVIEW_REQUIRED,modul integrasi eksternal,ais\database\model\sister\TridNilaiTesSister.java
ais.database.model.sister.TridOrasiIlmiahSister,TridOrasiIlmiahSister,Trid Orasi Ilmiah Sister,ais.database.model.sister,sister,ais.database.model.GeneralValueObject,False,True,public,sister_trid_orasi_ilmiah,False,,,REVIEW_REQUIRED,modul integrasi eksternal,ais\database\model\sister\TridOrasiIlmiahSister.java
ais.database.model.sister.TridPembicaraSister,TridPembicaraSister,Trid Pembicara Sister,ais.database.model.sister,sister,ais.database.model.GeneralValueObject,False,True,public,sister_trid_pembicara,False,,,REVIEW_REQUIRED,modul integrasi eksternal,ais\database\model\sister\TridPembicaraSister.java
ais.database.model.sister.TridPendidikanFormalSister,TridPendidikanFormalSister,Trid Pendidikan Formal Sister,ais.database.model.sister,sister,ais.database.model.GeneralValueObject,False,True,public,sister_trid_pendidikan_formal,False,,,REVIEW_REQUIRED,modul integrasi eksternal,ais\database\model\sister\TridPendidikanFormalSister.java
ais.database.model.sister.TridPenelitianSister,TridPenelitianSister,Trid Penelitian Sister,ais.database.model.sister,sister,ais.database.model.GeneralValueObject,False,True,public,sister_trid_penelitian,False,,,REVIEW_REQUIRED,modul integrasi eksternal,ais\database\model\sister\TridPenelitianSister.java
ais.database.model.sister.TridPengabdianSister,TridPengabdianSister,Trid Pengabdian Sister,ais.database.model.sister,sister,ais.database.model.GeneralValueObject,False,True,public,sister_trid_pengabdian,False,,,REVIEW_REQUIRED,modul integrasi eksternal,ais\database\model\sister\TridPengabdianSister.java
ais.database.model.sister.TridPengajaranSister,TridPengajaranSister,Trid Pengajaran Sister,ais.database.model.sister,sister,ais.database.model.GeneralValueObject,False,True,public,sister_trid_pengajaran,False,,,REVIEW_REQUIRED,modul integrasi eksternal,ais\database\model\sister\TridPengajaranSister.java
ais.database.model.sister.TridPengelolaJurnalSister,TridPengelolaJurnalSister,Trid Pengelola Jurnal Sister,ais.database.model.sister,sister,ais.database.model.GeneralValueObject,False,True,public,sister_trid_pengelola_jurnal,False,,,REVIEW_REQUIRED,modul integrasi eksternal,ais\database\model\sister\TridPengelolaJurnalSister.java
ais.database.model.sister.TridPenghargaanSister,TridPenghargaanSister,Trid Penghargaan Sister,ais.database.model.sister,sister,ais.database.model.GeneralValueObject,False,True,public,sister_trid_penghargaan,False,,,REVIEW_REQUIRED,modul integrasi eksternal,ais\database\model\sister\TridPenghargaanSister.java
ais.database.model.sister.TridPengujianMahasiswaSister,TridPengujianMahasiswaSister,Trid Pengujian Mahasiswa Sister,ais.database.model.sister,sister,ais.database.model.GeneralValueObject,False,True,public,sister_trid_pengujian_mahasiswa,False,,,REVIEW_REQUIRED,modul integrasi eksternal,ais\database\model\sister\TridPengujianMahasiswaSister.java
ais.database.model.sister.TridPenugasanSister,TridPenugasanSister,Trid Penugasan Sister,ais.database.model.sister,sister,ais.database.model.GeneralValueObject,False,True,public,sister_trid_penugasan,False,,,REVIEW_REQUIRED,modul integrasi eksternal,ais\database\model\sister\TridPenugasanSister.java
ais.database.model.sister.TridPenunjangLainSister,TridPenunjangLainSister,Trid Penunjang Lain Sister,ais.database.model.sister,sister,ais.database.model.GeneralValueObject,False,True,public,sister_trid_penunjang_lain,False,,,REVIEW_REQUIRED,modul integrasi eksternal,ais\database\model\sister\TridPenunjangLainSister.java
ais.database.model.sister.TridPublikasiSister,TridPublikasiSister,Trid Publikasi Sister,ais.database.model.sister,sister,ais.database.model.GeneralValueObject,False,True,public,sister_trid_publikasi,False,,,REVIEW_REQUIRED,modul integrasi eksternal,ais\database\model\sister\TridPublikasiSister.java
ais.database.model.sister.TridRiwayatPekerjaanSister,TridRiwayatPekerjaanSister,Trid Riwayat Pekerjaan Sister,ais.database.model.sister,sister,ais.database.model.GeneralValueObject,False,True,public,sister_trid_riwayat_pekerjaan,False,,,REVIEW_REQUIRED,modul integrasi eksternal,ais\database\model\sister\TridRiwayatPekerjaanSister.java
ais.database.model.sister.TridSertifikasiProfesiSister,TridSertifikasiProfesiSister,Trid Sertifikasi Profesi Sister,ais.database.model.sister,sister,ais.database.model.GeneralValueObject,False,True,public,sister_trid_sertifikasi_profesi,False,,,REVIEW_REQUIRED,modul integrasi eksternal,ais\database\model\sister\TridSertifikasiProfesiSister.java
ais.database.model.sister.TridTugasTambahanSister,TridTugasTambahanSister,Trid Tugas Tambahan Sister,ais.database.model.sister,sister,ais.database.model.GeneralValueObject,False,True,public,sister_trid_tugas_tambahan,False,,,REVIEW_REQUIRED,modul integrasi eksternal,ais\database\model\sister\TridTugasTambahanSister.java
ais.database.model.sister.TridTunjanganSister,TridTunjanganSister,Trid Tunjangan Sister,ais.database.model.sister,sister,ais.database.model.GeneralValueObject,False,True,public,sister_trid_tunjangan,False,,,REVIEW_REQUIRED,modul integrasi eksternal,ais\database\model\sister\TridTunjanganSister.java
ais.database.model.sister.TridVisitingScientistSister,TridVisitingScientistSister,Trid Visiting Scientist Sister,ais.database.model.sister,sister,ais.database.model.GeneralValueObject,False,True,public,sister_trid_visiting_scientist,False,,,REVIEW_REQUIRED,modul integrasi eksternal,ais\database\model\sister\TridVisitingScientistSister.java
ais.database.model.sop.AktorSop,AktorSop,Aktor Sop,ais.database.model.sop,sop,ais.database.model.GeneralValueObject,False,True,public,aktor_sop,False,ais\action\master\sop\AktorSopAction.java,onEvent,REVIEW_REQUIRED,mempunyai aksi khusus existing,ais\database\model\sop\AktorSop.java
ais.database.model.sop.AlurSop,AlurSop,Alur Sop,ais.database.model.sop,sop,ais.database.model.GeneralValueObject,False,True,public,alur_sop,False,ais\action\master\sop\AlurSopAction.java,onEvent,REVIEW_REQUIRED,mempunyai aksi khusus existing,ais\database\model\sop\AlurSop.java
ais.database.model.sop.DataSop,DataSop,Data Sop,ais.database.model.sop,sop,ais.database.model.GeneralValueObject,True,False,,,False,,,EXCLUDED_ABSTRACT,Class abstract,ais\database\model\sop\DataSop.java
ais.database.model.sop.DisposisiAlurSop,DisposisiAlurSop,Disposisi Alur Sop,ais.database.model.sop,sop,ais.database.model.GeneralValueObject,False,True,public,disposisi_alur_sop,False,ais\action\master\sop\DisposisiAlurSopAction.java,onEvent|onAddExternal,REVIEW_REQUIRED,mempunyai aksi khusus existing,ais\database\model\sop\DisposisiAlurSop.java
ais.database.model.sop.DisposisiSop,DisposisiSop,Disposisi Sop,ais.database.model.sop,sop,ais.database.model.GeneralValueObject,False,True,public,disposisi_sop,False,ais\action\master\sop\DisposisiSopAction.java,onEvent|onAddExternal,REVIEW_REQUIRED,mempunyai aksi khusus existing,ais\database\model\sop\DisposisiSop.java
ais.database.model.sop.DokumenAlurSop,DokumenAlurSop,Dokumen Alur Sop,ais.database.model.sop,sop,ais.database.model.GeneralValueObject,False,True,public,dokumen_alur_sop,False,ais\action\master\sop\DokumenAlurSopAction.java,onEvent,REVIEW_REQUIRED,mempunyai aksi khusus existing,ais\database\model\sop\DokumenAlurSop.java
ais.database.model.sop.JenisSop,JenisSop,Jenis Sop,ais.database.model.sop,sop,ais.database.model.GeneralValueObject,False,True,public,jenis_sop,False,ais\action\master\sop\JenisSopAction.java,onEvent,REVIEW_REQUIRED,mempunyai aksi khusus existing,ais\database\model\sop\JenisSop.java
ais.database.model.sop.KelompokParameterTambahanAlurSop,KelompokParameterTambahanAlurSop,Kelompok Parameter Tambahan Alur Sop,ais.database.model.sop,sop,ais.database.model.GeneralValueObject,False,True,public,kelompok_parameter_tambahan_alur_sop,False,ais\action\master\sop\KelompokParameterTambahanAlurSopAction.java,onEvent,REVIEW_REQUIRED,mempunyai aksi khusus existing,ais\database\model\sop\KelompokParameterTambahanAlurSop.java
ais.database.model.sop.KomentarDisposisi,KomentarDisposisi,Komentar Disposisi,ais.database.model.sop,sop,ais.database.model.GeneralValueObject,False,True,public,komentar_disposisi,False,,,ELIGIBLE_METADATA_FIRST,Kandidat CRUD metadata; tetap default disabled sampai verifikasi Hibernate/menu/scope,ais\database\model\sop\KomentarDisposisi.java
ais.database.model.sop.ParameterTambahanAlurSop,ParameterTambahanAlurSop,Parameter Tambahan Alur Sop,ais.database.model.sop,sop,ais.database.model.GeneralValueObject,False,True,public,parameter_tambahan_alur_sop,False,ais\action\master\sop\ParameterTambahanAlurSopAction.java,onResetParameter|onManajemenKelompok|onManajemenParameter|onEvent,REVIEW_REQUIRED,mempunyai aksi khusus existing,ais\database\model\sop\ParameterTambahanAlurSop.java
ais.database.model.sop.PembatasanAlurSop,PembatasanAlurSop,Pembatasan Alur Sop,ais.database.model.sop,sop,ais.database.model.GeneralValueObject,False,True,public,pembatasan_alur_sop,False,,,ELIGIBLE_METADATA_FIRST,Kandidat CRUD metadata; tetap default disabled sampai verifikasi Hibernate/menu/scope,ais\database\model\sop\PembatasanAlurSop.java
ais.database.model.sop.Sop,Sop,Sop,ais.database.model.sop,sop,ais.database.model.GeneralValueObject,False,True,public,sop,False,ais\action\master\sop\SopAction.java,onEvent,REVIEW_REQUIRED,mempunyai aksi khusus existing,ais\database\model\sop\Sop.java
ais.database.model.sosial.Donatur,Donatur,Donatur,ais.database.model.sosial,sosial,ais.database.model.GeneralValueObject,False,True,public,donatur,False,ais\action\master\sosial\DonaturAction.java,onEvent,REVIEW_REQUIRED,mempunyai aksi khusus existing,ais\database\model\sosial\Donatur.java
ais.database.model.sosial.GelombangDonatur,GelombangDonatur,Gelombang Donatur,ais.database.model.sosial,sosial,ais.database.model.GeneralValueObject,False,True,public,gelombang_donatur,False,ais\action\master\sosial\GelombangDonaturAction.java,onEvent,REVIEW_REQUIRED,mempunyai aksi khusus existing,ais\database\model\sosial\GelombangDonatur.java
ais.database.model.sosial.KategoriProgramDonatur,KategoriProgramDonatur,Kategori Program Donatur,ais.database.model.sosial,sosial,ais.database.model.GeneralValueObject,False,True,public,kategori_program_donatur,False,ais\action\master\sosial\KategoriProgramDonaturAction.java,onEvent,REVIEW_REQUIRED,mempunyai aksi khusus existing,ais\database\model\sosial\KategoriProgramDonatur.java
ais.database.model.sosial.PenyaluranDonasi,PenyaluranDonasi,Penyaluran Donasi,ais.database.model.sosial,sosial,ais.database.model.sop.DataSop,False,True,public,penyaluran_donasi,False,ais\action\master\sosial\PenyaluranDonasiAction.java,onEvent,REVIEW_REQUIRED,mempunyai aksi khusus existing,ais\database\model\sosial\PenyaluranDonasi.java
ais.database.model.sosial.ProgramDonatur,ProgramDonatur,Program Donatur,ais.database.model.sosial,sosial,ais.database.model.sop.DataSop,False,True,public,program_donatur,False,ais\action\master\sosial\ProgramDonaturAction.java,onEvent,REVIEW_REQUIRED,mempunyai aksi khusus existing,ais\database\model\sosial\ProgramDonatur.java
ais.database.model.spi.ChecklistAuditSPI,ChecklistAuditSPI,Checklist Audit S P I,ais.database.model.spi,spi,ais.database.model.GeneralValueObject,False,True,public,checklist_audit_spi,False,ais\action\master\spi\ChecklistAuditSPIAction.java,onEvent,REVIEW_REQUIRED,nama mengindikasikan data transaksi/log/internal: Audit; mempunyai aksi khusus existing,ais\database\model\spi\ChecklistAuditSPI.java
ais.database.model.spi.JenisAuditSPI,JenisAuditSPI,Jenis Audit S P I,ais.database.model.spi,spi,ais.database.model.GeneralValueObject,False,True,public,jenis_audit_spi,False,ais\action\master\spi\JenisAuditSPIAction.java,onKriteria|onChecklist|onEvent,REVIEW_REQUIRED,nama mengindikasikan data transaksi/log/internal: Audit; mempunyai aksi khusus existing,ais\database\model\spi\JenisAuditSPI.java
ais.database.model.spi.KriteriaAuditSPI,KriteriaAuditSPI,Kriteria Audit S P I,ais.database.model.spi,spi,ais.database.model.GeneralValueObject,False,True,public,kriteria_audit_spi,False,ais\action\master\spi\KriteriaAuditSPIAction.java,onEvent,REVIEW_REQUIRED,nama mengindikasikan data transaksi/log/internal: Audit; mempunyai aksi khusus existing,ais\database\model\spi\KriteriaAuditSPI.java
ais.database.model.spi.PenugasanAuditSPI,PenugasanAuditSPI,Penugasan Audit S P I,ais.database.model.spi,spi,ais.database.model.sop.DataSop,False,True,public,penugasan_audit_spi,False,ais\action\master\spi\PenugasanAuditSPIAction.java,onEvent|onDasbor,REVIEW_REQUIRED,nama mengindikasikan data transaksi/log/internal: Audit; mempunyai aksi khusus existing,ais\database\model\spi\PenugasanAuditSPI.java
ais.database.model.spi.ProfilRisikoSPI,ProfilRisikoSPI,Profil Risiko S P I,ais.database.model.spi,spi,ais.database.model.GeneralValueObject,False,True,public,profil_risiko_spi,False,ais\action\master\spi\ProfilRisikoSPIAction.java,onEvent,REVIEW_REQUIRED,mempunyai aksi khusus existing,ais\database\model\spi\ProfilRisikoSPI.java
ais.database.model.spi.RencanaAuditTahunanSPI,RencanaAuditTahunanSPI,Rencana Audit Tahunan S P I,ais.database.model.spi,spi,ais.database.model.GeneralValueObject,False,True,public,rencana_audit_tahunan_spi,False,ais\action\master\spi\RencanaAuditTahunanSPIAction.java,onEvent,REVIEW_REQUIRED,nama mengindikasikan data transaksi/log/internal: Audit; mempunyai aksi khusus existing,ais\database\model\spi\RencanaAuditTahunanSPI.java
ais.database.model.spi.TemuanAuditSPI,TemuanAuditSPI,Temuan Audit S P I,ais.database.model.spi,spi,ais.database.model.GeneralValueObject,False,True,public,temuan_audit_spi,False,ais\action\master\spi\TemuanAuditSPIAction.java,onEvent,REVIEW_REQUIRED,nama mengindikasikan data transaksi/log/internal: Audit; mempunyai aksi khusus existing,ais\database\model\spi\TemuanAuditSPI.java
ais.database.model.spi.TimAuditSPI,TimAuditSPI,Tim Audit S P I,ais.database.model.spi,spi,ais.database.model.GeneralValueObject,False,True,public,tim_audit_spi,False,,,REVIEW_REQUIRED,nama mengindikasikan data transaksi/log/internal: Audit,ais\database\model\spi\TimAuditSPI.java
ais.database.model.spi.TindakLanjutAuditSPI,TindakLanjutAuditSPI,Tindak Lanjut Audit S P I,ais.database.model.spi,spi,ais.database.model.GeneralValueObject,False,True,public,tindak_lanjut_audit_spi,False,ais\action\master\spi\TindakLanjutAuditSPIAction.java,onEvent,REVIEW_REQUIRED,nama mengindikasikan data transaksi/log/internal: Audit; mempunyai aksi khusus existing,ais\database\model\spi\TindakLanjutAuditSPI.java
ais.database.model.spmi.ButirMutuSPMI,ButirMutuSPMI,Butir Mutu S P M I,ais.database.model.spmi,spmi,ais.database.model.GeneralValueObject,False,True,public,butir_mutu_spmi,False,ais\action\master\spmi\ButirMutuSPMIAction.java,onEvent,REVIEW_REQUIRED,mempunyai aksi khusus existing,ais\database\model\spmi\ButirMutuSPMI.java
ais.database.model.spmi.HasilSPMI,HasilSPMI,Hasil S P M I,ais.database.model.spmi,spmi,ais.database.model.sop.DataSop,False,True,public,hasil_spmi,False,ais\action\master\spmi\HasilSPMIAction.java,onEvent|onDasbor,REVIEW_REQUIRED,mempunyai aksi khusus existing,ais\database\model\spmi\HasilSPMI.java
ais.database.model.spmi.HasilTemuanSPMI,HasilTemuanSPMI,Hasil Temuan S P M I,ais.database.model.spmi,spmi,ais.database.model.GeneralValueObject,False,True,public,hasil_temuan_spmi,False,,,ELIGIBLE_METADATA_FIRST,Kandidat CRUD metadata; tetap default disabled sampai verifikasi Hibernate/menu/scope,ais\database\model\spmi\HasilTemuanSPMI.java
ais.database.model.spmi.IndikatorSPMI,IndikatorSPMI,Indikator S P M I,ais.database.model.spmi,spmi,ais.database.model.GeneralValueObject,False,True,public,indikator_spmi,False,ais\action\master\spmi\IndikatorSPMIAction.java,onEvent,REVIEW_REQUIRED,mempunyai aksi khusus existing,ais\database\model\spmi\IndikatorSPMI.java
ais.database.model.spmi.JenisSPMI,JenisSPMI,Jenis S P M I,ais.database.model.spmi,spmi,ais.database.model.GeneralValueObject,False,True,public,jenis_spmi,False,ais\action\master\spmi\JenisSPMIAction.java,onStandar|onButirMutu|onIndikator|onSkenario|onEvent,REVIEW_REQUIRED,mempunyai aksi khusus existing,ais\database\model\spmi\JenisSPMI.java
ais.database.model.spmi.SkenarioSPMI,SkenarioSPMI,Skenario S P M I,ais.database.model.spmi,spmi,ais.database.model.GeneralValueObject,False,True,public,skenario_spmi,False,ais\action\master\spmi\SkenarioSPMIAction.java,onEvent,REVIEW_REQUIRED,mempunyai aksi khusus existing,ais\database\model\spmi\SkenarioSPMI.java
ais.database.model.spmi.StandarSPMI,StandarSPMI,Standar S P M I,ais.database.model.spmi,spmi,ais.database.model.GeneralValueObject,False,True,public,standar_spmi,False,ais\action\master\spmi\StandarSPMIAction.java,onEvent,REVIEW_REQUIRED,mempunyai aksi khusus existing,ais\database\model\spmi\StandarSPMI.java
ais.database.model.spmi.TindakLanjutTemuanSPMI,TindakLanjutTemuanSPMI,Tindak Lanjut Temuan S P M I,ais.database.model.spmi,spmi,ais.database.model.GeneralValueObject,False,True,public,tindak_lanjut_temuan_spmi,False,,,ELIGIBLE_METADATA_FIRST,Kandidat CRUD metadata; tetap default disabled sampai verifikasi Hibernate/menu/scope,ais\database\model\spmi\TindakLanjutTemuanSPMI.java
ais.database.model.streaming.AudioPertemuan,AudioPertemuan,Audio Pertemuan,ais.database.model.streaming,streaming,ais.database.model.file.FileFotoLain,False,True,public,audio_pertemuan,True,,,REVIEW_REQUIRED,membutuhkan adapter foto,ais\database\model\streaming\AudioPertemuan.java
ais.database.model.streaming.VideoPertemuan,VideoPertemuan,Video Pertemuan,ais.database.model.streaming,streaming,ais.database.model.file.FileFotoLain,False,True,public,video_pertemuan,True,,,REVIEW_REQUIRED,membutuhkan adapter foto,ais\database\model\streaming\VideoPertemuan.java
ais.database.model.surat.AlurPersetujuanSuratKeluar,AlurPersetujuanSuratKeluar,Alur Persetujuan Surat Keluar,ais.database.model.surat,surat,ais.database.model.GeneralValueObject,False,True,surat,alur_persetujuan_surat_keluar,False,ais\action\master\surat\AlurPersetujuanSuratKeluarAction.java,onEvent,REVIEW_REQUIRED,mempunyai aksi khusus existing,ais\database\model\surat\AlurPersetujuanSuratKeluar.java
ais.database.model.surat.AlurPersetujuanSuratKeluarStatus,AlurPersetujuanSuratKeluarStatus,Alur Persetujuan Surat Keluar Status,ais.database.model.surat,surat,ais.database.model.GeneralValueObject,False,True,surat,alur_persetujuan_surat_keluar_status,False,ais\action\master\surat\AlurPersetujuanSuratKeluarStatusAction.java,onEvent|onPreview|onAddExternal,REVIEW_REQUIRED,mempunyai aksi khusus existing,ais\database\model\surat\AlurPersetujuanSuratKeluarStatus.java
ais.database.model.surat.AlurPersetujuanSuratMasuk,AlurPersetujuanSuratMasuk,Alur Persetujuan Surat Masuk,ais.database.model.surat,surat,ais.database.model.GeneralValueObject,False,True,surat,alur_persetujuan_surat_masuk,False,ais\action\master\surat\AlurPersetujuanSuratMasukAction.java,onEvent,REVIEW_REQUIRED,mempunyai aksi khusus existing,ais\database\model\surat\AlurPersetujuanSuratMasuk.java
ais.database.model.surat.AlurPersetujuanSuratMasukStatus,AlurPersetujuanSuratMasukStatus,Alur Persetujuan Surat Masuk Status,ais.database.model.surat,surat,ais.database.model.GeneralValueObject,False,True,surat,alur_persetujuan_surat_masuk_status,False,ais\action\master\surat\AlurPersetujuanSuratMasukStatusAction.java,onEvent|onPreview|onAddExternal,REVIEW_REQUIRED,mempunyai aksi khusus existing,ais\database\model\surat\AlurPersetujuanSuratMasukStatus.java
ais.database.model.surat.KelompokNomorSurat,KelompokNomorSurat,Kelompok Nomor Surat,ais.database.model.surat,surat,ais.database.model.GeneralValueObject,False,True,surat,kelompok_nomor_surat,False,ais\action\master\surat\KelompokNomorSuratAction.java,onEvent,REVIEW_REQUIRED,mempunyai aksi khusus existing,ais\database\model\surat\KelompokNomorSurat.java
ais.database.model.surat.KlasifikasiSuratKeluar,KlasifikasiSuratKeluar,Klasifikasi Surat Keluar,ais.database.model.surat,surat,ais.database.model.GeneralValueObject,False,True,surat,klasifikasi_surat_keluar,False,ais\action\master\surat\KlasifikasiSuratKeluarAction.java,onNomorSurat|onEvent,REVIEW_REQUIRED,mempunyai aksi khusus existing,ais\database\model\surat\KlasifikasiSuratKeluar.java
ais.database.model.surat.KlasifikasiSuratKeluarParemeter,KlasifikasiSuratKeluarParemeter,Klasifikasi Surat Keluar Paremeter,ais.database.model.surat,surat,ais.database.model.GeneralValueObject,False,True,surat,klasifikasi_surat_keluar_paremeter,False,,,ELIGIBLE_METADATA_FIRST,Kandidat CRUD metadata; tetap default disabled sampai verifikasi Hibernate/menu/scope,ais\database\model\surat\KlasifikasiSuratKeluarParemeter.java
ais.database.model.surat.KlasifikasiSuratKeluarParemeterValue,KlasifikasiSuratKeluarParemeterValue,Klasifikasi Surat Keluar Paremeter Value,ais.database.model.surat,surat,ais.database.model.GeneralValueObject,False,True,surat,klasifikasi_surat_keluar_paremeter_value,False,,,ELIGIBLE_METADATA_FIRST,Kandidat CRUD metadata; tetap default disabled sampai verifikasi Hibernate/menu/scope,ais\database\model\surat\KlasifikasiSuratKeluarParemeterValue.java
ais.database.model.surat.KlasifikasiSuratKeluarPunyaJenisJabatan,KlasifikasiSuratKeluarPunyaJenisJabatan,Klasifikasi Surat Keluar Punya Jenis Jabatan,ais.database.model.surat,surat,ais.database.model.GeneralValueObject,False,True,surat,klasifikasi_surat_keluar_punya_jenis_jabatan,False,,,ELIGIBLE_METADATA_FIRST,Kandidat CRUD metadata; tetap default disabled sampai verifikasi Hibernate/menu/scope,ais\database\model\surat\KlasifikasiSuratKeluarPunyaJenisJabatan.java
ais.database.model.surat.KlasifikasiSuratKeluarPunyaTembusan,KlasifikasiSuratKeluarPunyaTembusan,Klasifikasi Surat Keluar Punya Tembusan,ais.database.model.surat,surat,ais.database.model.GeneralValueObject,False,True,surat,klasifikasi_surat_keluar_punya_tembusan,False,,,ELIGIBLE_METADATA_FIRST,Kandidat CRUD metadata; tetap default disabled sampai verifikasi Hibernate/menu/scope,ais\database\model\surat\KlasifikasiSuratKeluarPunyaTembusan.java
ais.database.model.surat.KlasifikasiSuratKeluarUntuk,KlasifikasiSuratKeluarUntuk,Klasifikasi Surat Keluar Untuk,ais.database.model.surat,surat,ais.database.model.GeneralValueObject,False,True,surat,klasifikasi_surat_masuk_untuk,False,ais\action\master\surat\KlasifikasiSuratKeluarUntukAction.java,onEvent,REVIEW_REQUIRED,mempunyai aksi khusus existing,ais\database\model\surat\KlasifikasiSuratKeluarUntuk.java
ais.database.model.surat.KlasifikasiSuratMasuk,KlasifikasiSuratMasuk,Klasifikasi Surat Masuk,ais.database.model.surat,surat,ais.database.model.GeneralValueObject,False,True,surat,klasifikasi_surat_masuk,False,ais\action\master\surat\KlasifikasiSuratMasukAction.java,onMasaBerlaku|onStatusDipertahankan|onSifatSurat|onEvent,REVIEW_REQUIRED,mempunyai aksi khusus existing,ais\database\model\surat\KlasifikasiSuratMasuk.java
ais.database.model.surat.KlasifikasiSuratMasukParemeter,KlasifikasiSuratMasukParemeter,Klasifikasi Surat Masuk Paremeter,ais.database.model.surat,surat,ais.database.model.GeneralValueObject,False,True,surat,klasifikasi_surat_masuk_paremeter,False,,,ELIGIBLE_METADATA_FIRST,Kandidat CRUD metadata; tetap default disabled sampai verifikasi Hibernate/menu/scope,ais\database\model\surat\KlasifikasiSuratMasukParemeter.java
ais.database.model.surat.KlasifikasiSuratMasukParemeterValue,KlasifikasiSuratMasukParemeterValue,Klasifikasi Surat Masuk Paremeter Value,ais.database.model.surat,surat,ais.database.model.GeneralValueObject,False,True,surat,klasifikasi_surat_masuk_paremeter_value,False,,,ELIGIBLE_METADATA_FIRST,Kandidat CRUD metadata; tetap default disabled sampai verifikasi Hibernate/menu/scope,ais\database\model\surat\KlasifikasiSuratMasukParemeterValue.java
ais.database.model.surat.KopSurat,KopSurat,Kop Surat,ais.database.model.surat,surat,ais.database.model.GeneralValueObject,False,True,surat,kop_surat,False,ais\action\master\surat\KopSuratAction.java,onEvent,REVIEW_REQUIRED,mempunyai aksi khusus existing,ais\database\model\surat\KopSurat.java
ais.database.model.surat.LokerSurat,LokerSurat,Loker Surat,ais.database.model.surat,surat,ais.database.model.GeneralValueObject,False,True,surat,loker_surat,False,ais\action\master\surat\LokerSuratAction.java,onEvent,REVIEW_REQUIRED,mempunyai aksi khusus existing,ais\database\model\surat\LokerSurat.java
ais.database.model.surat.MasaBerlakuSurat,MasaBerlakuSurat,Masa Berlaku Surat,ais.database.model.surat,surat,ais.database.model.GeneralValueObject,False,True,surat,masa_berlaku_surat,False,ais\action\master\surat\MasaBerlakuSuratAction.java,onEvent,REVIEW_REQUIRED,mempunyai aksi khusus existing,ais\database\model\surat\MasaBerlakuSurat.java
ais.database.model.surat.NomorSurat,NomorSurat,Nomor Surat,ais.database.model.surat,surat,ais.database.model.GeneralValueObject,False,True,surat,nomor_surat,False,ais\action\master\surat\NomorSuratAction.java,onVariableSurat|onKelompokNomorSurat|onEvent,REVIEW_REQUIRED,mempunyai aksi khusus existing,ais\database\model\surat\NomorSurat.java
ais.database.model.surat.OpsiSuratKeluar,OpsiSuratKeluar,Opsi Surat Keluar,ais.database.model.surat,surat,ais.database.model.GeneralValueObject,False,True,surat,opsi_surat_keluar,False,ais\action\master\surat\OpsiSuratKeluarAction.java,onEvent,REVIEW_REQUIRED,mempunyai aksi khusus existing,ais\database\model\surat\OpsiSuratKeluar.java
ais.database.model.surat.OpsiSuratKeluarValue,OpsiSuratKeluarValue,Opsi Surat Keluar Value,ais.database.model.surat,surat,ais.database.model.GeneralValueObject,False,True,surat,opsi_surat_keluar_value,False,,,ELIGIBLE_METADATA_FIRST,Kandidat CRUD metadata; tetap default disabled sampai verifikasi Hibernate/menu/scope,ais\database\model\surat\OpsiSuratKeluarValue.java
ais.database.model.surat.OpsiSuratMasuk,OpsiSuratMasuk,Opsi Surat Masuk,ais.database.model.surat,surat,ais.database.model.GeneralValueObject,False,True,surat,opsi_surat_masuk,False,ais\action\master\surat\OpsiSuratMasukAction.java,onEvent,REVIEW_REQUIRED,mempunyai aksi khusus existing,ais\database\model\surat\OpsiSuratMasuk.java
ais.database.model.surat.OpsiSuratMasukValue,OpsiSuratMasukValue,Opsi Surat Masuk Value,ais.database.model.surat,surat,ais.database.model.GeneralValueObject,False,True,surat,opsi_surat_masuk_value,False,,,ELIGIBLE_METADATA_FIRST,Kandidat CRUD metadata; tetap default disabled sampai verifikasi Hibernate/menu/scope,ais\database\model\surat\OpsiSuratMasukValue.java
ais.database.model.surat.PenyampaianSurat,PenyampaianSurat,Penyampaian Surat,ais.database.model.surat,surat,ais.database.model.GeneralValueObject,False,True,surat,penyampaian_surat,False,,,ELIGIBLE_METADATA_FIRST,Kandidat CRUD metadata; tetap default disabled sampai verifikasi Hibernate/menu/scope,ais\database\model\surat\PenyampaianSurat.java
ais.database.model.surat.SifatSurat,SifatSurat,Sifat Surat,ais.database.model.surat,surat,ais.database.model.GeneralValueObject,False,True,surat,sifat_surat,False,ais\action\master\surat\SifatSuratAction.java,onEvent,REVIEW_REQUIRED,mempunyai aksi khusus existing,ais\database\model\surat\SifatSurat.java
ais.database.model.surat.StatusDipertahankan,StatusDipertahankan,Status Dipertahankan,ais.database.model.surat,surat,ais.database.model.GeneralValueObject,False,True,surat,status_dipertahankan,False,ais\action\master\surat\StatusDipertahankanAction.java,onEvent,REVIEW_REQUIRED,mempunyai aksi khusus existing,ais\database\model\surat\StatusDipertahankan.java
ais.database.model.surat.SuratKeluar,SuratKeluar,Surat Keluar,ais.database.model.surat,surat,ais.database.model.sop.DataSop,False,True,surat,surat_keluar,False,ais\action\master\surat\SuratKeluarAction.java,onStatistik|onEvent|onAddExternal,REVIEW_REQUIRED,mempunyai aksi khusus existing,ais\database\model\surat\SuratKeluar.java
ais.database.model.surat.SuratMasuk,SuratMasuk,Surat Masuk,ais.database.model.surat,surat,ais.database.model.VoKunci,False,True,surat,surat_masuk,False,ais\action\master\surat\SuratMasukAction.java,onStatistik|onEvent,REVIEW_REQUIRED,mempunyai aksi khusus existing,ais\database\model\surat\SuratMasuk.java
ais.database.model.surat.VariableSuratKeluar,VariableSuratKeluar,Variable Surat Keluar,ais.database.model.surat,surat,ais.database.model.GeneralValueObject,False,True,surat,variable_surat_keluar,False,ais\action\master\surat\VariableSuratKeluarAction.java,onEvent,REVIEW_REQUIRED,mempunyai aksi khusus existing,ais\database\model\surat\VariableSuratKeluar.java
ais.database.model.temp.DetailperkuliahanTemp,DetailperkuliahanTemp,Detailperkuliahan Temp,ais.database.model.temp,temp,ais.database.model.GeneralValueObject,False,True,public,detailperkuliahan_temp,False,,,REVIEW_REQUIRED,nama mengindikasikan data transaksi/log/internal: Temp,ais\database\model\temp\DetailperkuliahanTemp.java
ais.database.model.temp.NilaiTemp,NilaiTemp,Nilai Temp,ais.database.model.temp,temp,ais.database.model.GeneralValueObject,False,True,public,nilai_temp,False,,,REVIEW_REQUIRED,nama mengindikasikan data transaksi/log/internal: Temp,ais\database\model\temp\NilaiTemp.java
ais.database.model.temporary.IPKMahasiswa,IPKMahasiswa,I P K Mahasiswa,ais.database.model.temporary,temporary,ais.database.model.GeneralValueObject,False,True,temporary,ipk_mahasiswa,False,,,ELIGIBLE_METADATA_FIRST,Kandidat CRUD metadata; tetap default disabled sampai verifikasi Hibernate/menu/scope,ais\database\model\temporary\IPKMahasiswa.java
ais.database.model.ticket.Ticket,Ticket,Ticket,ais.database.model.ticket,ticket,ais.database.model.sop.DataSop,False,True,public,ticket,False,,,ELIGIBLE_METADATA_FIRST,Kandidat CRUD metadata; tetap default disabled sampai verifikasi Hibernate/menu/scope,ais\database\model\ticket\Ticket.java
ais.database.model.ticket.TicketKategori,TicketKategori,Ticket Kategori,ais.database.model.ticket,ticket,ais.database.model.GeneralValueObject,False,True,public,ticket_kategori,False,,,ELIGIBLE_METADATA_FIRST,Kandidat CRUD metadata; tetap default disabled sampai verifikasi Hibernate/menu/scope,ais\database\model\ticket\TicketKategori.java
ais.database.model.ticket.TicketKomentar,TicketKomentar,Ticket Komentar,ais.database.model.ticket,ticket,ais.database.model.GeneralValueObject,False,True,public,ticket_komentar,False,,,ELIGIBLE_METADATA_FIRST,Kandidat CRUD metadata; tetap default disabled sampai verifikasi Hibernate/menu/scope,ais\database\model\ticket\TicketKomentar.java
